source_query,post_owner.id,owner_name,qualifying_rows,unique_post_ids,unique_normalized_texts,repeated_id_rows,repeated_text_rows
datacenter,1875493442882110,Router Nest,990,990,588,0,402
datacenter,1266293334641931,Networks Baseline,527,527,241,0,286
datacenter,1069782041227700,AG Flames Engineering Services,245,245,6,0,239
datacenter,835001042935923,Alpine Technologies,502,502,316,0,186
datacenter,826769429884201,IT- HUB-Official,153,153,35,0,118
datacenter,961734233091906,Yosra Mac,137,137,30,0,107
datacenter,25963597083291284,Network Edge,143,143,38,0,105
datacenter,811828287531955,"RRJM International Manpower Services, Inc.",103,103,8,0,95
datacenter,452577827832796,Guerrilla Publishing- Ron Durbin,305,305,216,0,89
datacenter,793754009399899,Networking with Khalid,89,89,9,0,80
datacenter,712562908525929,Donald Tresohlavy,94,94,18,0,76
datacenter,908889915029972,Mr IT&Networking,96,96,23,0,73
datacenter,1430450138518934,Mark T. Cu Unjieng,76,76,5,0,71
datacenter,990920270530522,Jonathon Smith,85,85,17,0,68
datacenter,1097531125828050,Stock in,123,123,65,0,58
datacenter,1698982094123900,Anonymous Group,73,73,28,0,45
datacenter,1140041601388914,Bebeto-Tech ,49,49,5,0,44
datacenter,1321108089471366,ROAD LIFE,62,62,19,0,43
datacenter,1009794515136499,𝗜𝗧 Vision,46,46,4,0,42
datacenter,1983530052210270,Collin County Journal,50,50,13,0,37
datacenter,1401494240865167,FY CLOUD,250,250,214,0,36
datacenter,972309122199343,NetworkDuck,40,40,5,0,35
datacenter,662221752655500,"Chemtrail ,Haarp, Blue Beam - Não Queremos Isso No Brasil",78,78,46,0,32
datacenter,687281954422449,Real Entertainment Network,33,33,1,0,32
datacenter,649870987231618,NationNews,40,40,8,0,32
datacenter,438816872148018,Radical Technologies,41,41,10,0,31
datacenter,2042837623129717,Networking with Israr,72,72,41,0,31
datacenter,1553210305313826,Krista McCatlady,40,40,11,0,29
datacenter,2855625587950176,Verdantwaly Industrial Corporation,35,35,7,0,28
datacenter,577670841656418,Farrukh Jamal Raja,31,31,4,0,27
datacenter,1033723291740912,Izzy Bella,45,45,19,0,26
datacenter,1636559808088313,UltraStream Fiber: india ,96,96,70,0,26
datacenter,476234638435942,HostDime India,91,91,66,0,25
datacenter,1295052266165216,Master Builder ,25,25,1,0,24
datacenter,2054748238724620,Best Stocks Now,41,41,18,0,23
datacenter,734058639566879,Eastlyn Hub,33,33,11,0,22
datacenter,1840259710696909,Besmart Porlas,25,25,3,0,22
datacenter,4047419098853188,ANIK Digital & Information Technology,27,27,6,0,21
datacenter,728293135938883,ChipEstimate.com,31,31,10,0,21
datacenter,2560673810969072,Linda Diana Bright,28,28,8,0,20
datacenter,1872524409839905,Global Banking And Finance Review,55,55,36,0,19
datacenter,1493052131427262,In These Times,23,23,4,0,19
datacenter,2634013696780520,FinanceisFun,21,21,2,0,19
datacenter,1317051503431409,BZ Watchdog,27,27,9,0,18
datacenter,709344595470161,Today Best Stock,41,41,23,0,18
datacenter,1179095496746126,ICLOUD NET,86,86,68,0,18
datacenter,421953117360950,Litech Pakistan,20,20,3,0,17
datacenter,1504766630100158,Paighamesindh,19,19,2,0,17
datacenter,469228179146349,Uttam Ghosh,21,21,4,0,17
datacenter,24664688063220169,Daniel J Perafan,21,21,5,0,16
datacenter,3023059638027252,ICLOUD TECH,72,72,57,0,15
datacenter,978881938339043,Diy Builds,16,16,1,0,15
datacenter,1067368404479423,Vertiv,536,536,522,0,14
datacenter,510505217979974,OchiLink,18,18,4,0,14
datacenter,1577676190036799,Justin Long,20,20,6,0,14
datacenter,3969291706678349,Online Cisco Networking Academy,24,24,10,0,14
datacenter,1655843188287767,Anritsu Company,41,41,28,0,13
datacenter,1755038781682925,The CV HUB Botswana,23,23,10,0,13
datacenter,8944693998921492,Alisha Lange,27,27,14,0,13
datacenter,878569777407412,SabrePC,21,21,9,0,12
datacenter,756455040764062,The Network DNA,25,25,13,0,12
datacenter,2117690905262195,cybershield,14,14,2,0,12
datacenter,1138713191161164,Kashif Ali,16,16,4,0,12
datacenter,1300833711986894,Infinity Fiber net,44,44,32,0,12
datacenter,8504814909599837,Legrand,14,14,3,0,11
datacenter,548391438026416,Jonathan Crain,12,12,1,0,11
datacenter,263974990106144,Appalachia Insider,13,13,2,0,11
datacenter,1205138104771480,April Dawn,16,16,5,0,11
datacenter,1804812166840983,Naukari Hub,14,14,3,0,11
datacenter,715998517440964,Elizabeth Jones,20,20,9,0,11
datacenter,1953590872013287,The Tree Rv LLC,26,26,16,0,10
datacenter,9686444771447660,Rebecca Lynn,12,12,2,0,10
datacenter,314130668149109,World business outlook,30,30,20,0,10
datacenter,1900280440694576,Jisha Finance,20,20,10,0,10
datacenter,1192087165500545,Pi Datacenters,61,61,51,0,10
datacenter,1293059835624771,K&C love story,11,11,1,0,10
datacenter,2634827790236128,Courtney Taylor Glover,14,14,4,0,10
datacenter,1059812412898995,Roderick Rentap,11,11,1,0,10
datacenter,468274932577146,Lewis Sokolowski,10,10,1,0,9
datacenter,283624574777681,CDW Corporation,18,18,9,0,9
datacenter,1241217427282961,Cloud Dosage,20,20,11,0,9
datacenter,1173604374104497,CloudGivers,76,76,67,0,9
datacenter,3968626326740667,Cyber Security For Computer & AI Hub,51,51,42,0,9
datacenter,2490718621348827,tallguytycoon,12,12,3,0,9
datacenter,1245553736452281,Interesting Facts,11,11,2,0,9
datacenter,876882134724039,Selvanathan Selvathashan,10,10,1,0,9
datacenter,2052240431837314,Teri Ann Hourihan for AZ Governor,13,13,4,0,9
datacenter,504159572180328,Izanau - Jobs in Japan Made Simple,10,10,2,0,8
datacenter,996617265350472,Money Hustler,11,11,3,0,8
datacenter,1233576135497146,SELVA Ai,9,9,1,0,8
datacenter,324701133429539,The MES Times,16,16,8,0,8
datacenter,1164836862168827,Nisar Younas,9,9,1,0,8
datacenter,1590549334950008,MSK Updates,12,12,4,0,8
datacenter,629871406311896,Rob Spirling,9,9,1,0,8
datacenter,1431604488586174,Hillbilly Crime,22,22,14,0,8
datacenter,1335014228338653,AREEJ KIDS TV ,9,9,1,0,8
datacenter,2126969798048786,Cloud Based Technology,16,16,8,0,8
datacenter,1722408261733925,Developer Blz,9,9,1,0,8
datacenter,3036998076443328,HBNNews24,9,9,1,0,8
datacenter,2631469523919637,Nik Harwell,8,8,1,0,7
datacenter,1748921062389825,Jayden Weekes,73,73,66,0,7
datacenter,996361485605902,Space World,11,11,4,0,7
datacenter,3860509287517997,NRI Page,10,10,3,0,7
datacenter,2529059027456908,Subha Ranjan Behera,8,8,1,0,7
datacenter,1059242329889764,Jazmin Villegas,19,19,12,0,7
datacenter,2017917432110125,Astro Lab,8,8,1,0,7
datacenter,539740588517782,APC by Schneider Electric,21,21,14,0,7
datacenter,1363190422667980,Felipe Iturra,8,8,1,0,7
datacenter,2000186437399681,ইলিয়াস কাঞ্চন হাসান,8,8,1,0,7
datacenter,1694482111220655,COMMANDO Networks,48,48,41,0,7
datacenter,1180451470889226,Zac Anaya,8,8,1,0,7
datacenter,858790899593028,Techworm,12,12,5,0,7
datacenter,958155570094431,Business Time Pakistan,8,8,1,0,7
datacenter,1856525908224055,PK JOBs HUB,8,8,1,0,7
datacenter,1857093618035941,PM Networking,154,154,148,0,6
datacenter,1870342337434588,Lawrence A. Hautea,7,7,1,0,6
datacenter,690561466594024,Business d'Or,25,25,19,0,6
datacenter,1119722396320924,Make America Great Again,8,8,2,0,6
datacenter,1462063678853791,SwitchesMarket,12,12,6,0,6
datacenter,418256601173366,Panduit Asia Pacific,67,67,61,0,6
datacenter,2318149055049494,Newsplusth,12,12,6,0,6
datacenter,983503004477921,The Pennant,10,10,4,0,6
datacenter,1476055456807074,D-Link,9,9,3,0,6
datacenter,738312169295136,Franck Thierry Ketcha,7,7,1,0,6
datacenter,558800250164224,It.home,109,109,103,0,6
datacenter,1200431588406469,Steven Tunks,7,7,1,0,6
datacenter,648014478375966,The Georgia Independent,11,11,5,0,6
datacenter,1363624715557727,I Love Hawaii,7,7,1,0,6
datacenter,942228518162035,AN Saony,7,7,1,0,6
datacenter,2058035584741019,Energy & Infrastructure Today,7,7,1,0,6
datacenter,1093088120278196,Stratex Global Academy,37,37,31,0,6
datacenter,1390995834785482,Scioto Post,9,9,4,0,5
datacenter,1812708703199571,Networking with Israr Extra,12,12,7,0,5
datacenter,1250702229673174,Kathy L. Crawford,6,6,1,0,5
datacenter,1215321800037618,Gabriel Gordon,6,6,1,0,5
datacenter,579922507788031,Information Technology ,17,17,12,0,5
datacenter,1389846706266053,Er.NORACE,6,6,1,0,5
datacenter,1429743924780570,MEP Projects World,9,9,4,0,5
datacenter,329037519625751,Forbes,10,10,5,0,5
datacenter,521790520771110,Multilink Engineering,31,31,26,0,5
datacenter,1234419601499741,Kerry OConnor,6,6,1,0,5
datacenter,896984558463762,NVIDIA AI Infrastructure,184,184,179,0,5
datacenter,1361858929481472,Computer Learning Course ,7,7,2,0,5
datacenter,1472742671218878,Adam Rice,7,7,2,0,5
datacenter,1421498726292872,Tutor Jack Ph,6,6,1,0,5
datacenter,1424264028478178,Hasibul Islam,6,6,1,0,5
datacenter,894445043256860,PlayArcangel Divulgaciones,6,6,1,0,5
datacenter,2101448687058995,Technology Solutions Worldwide,21,21,16,0,5
datacenter,872668862237105,Halim Ahamad,8,8,3,0,5
datacenter,1784342981977924,Piedmont Environmental Council,42,42,37,0,5
datacenter,1792801434739116,DrSharise L Erby,6,6,1,0,5
datacenter,1266204462056959,Nolan's Top Gun Charters,12,12,7,0,5
datacenter,9652858508070801,Engineering Brains,14,14,9,0,5
datacenter,760981186364523,Vellum Facts,6,6,1,0,5
datacenter,1783139732624808,Beyond The Horizon,7,7,2,0,5
datacenter,1508510769855354,Quinn Broadcasting,7,7,2,0,5
datacenter,3676803492580610,Unbox Factory,11,11,6,0,5
datacenter,1145238424164227,DUBAI JOB'S,6,6,1,0,5
datacenter,1790018911486170,Exxact Corporation,13,13,8,0,5
datacenter,27659335210405466,R-Link New Lucena-Mina,7,7,2,0,5
datacenter,902522284535970,INE,12,12,8,0,4
datacenter,1649898499133079,Hi-Tech Optical Fiber,29,29,25,0,4
datacenter,2021229861964413,Developer Creation,6,6,2,0,4
datacenter,945815433603067,No to Marcos forever in politics,7,7,3,0,4
datacenter,1538693576757336,Treasure Coast Scene,5,5,1,0,4
datacenter,2529582624100052,Jose A Roldan Jr.,5,5,1,0,4
datacenter,2235791320186481,Daily Insider,9,9,5,0,4
datacenter,32073785885541815,Trevor S Thompson-Baumann,36,36,32,0,4
datacenter,1656897925074376,INE Security - FKA Elearnsecurity,12,12,8,0,4
datacenter,2696879060511344,Rich Vengels,5,5,1,0,4
datacenter,914780031552871,SMART NET,6,6,2,0,4
datacenter,1488716278728490,SecurityTube,12,12,8,0,4
datacenter,1307231731088379,Econ Trade Hub,24,24,20,0,4
datacenter,355008940719222,Bala Latha Madam,5,5,1,0,4
datacenter,1937068307059374,LiWATT,8,8,4,0,4
datacenter,1539933787002275,Jarrett M Pruitt,5,5,1,0,4
datacenter,1009440624684099,Tyler Hacking,5,5,1,0,4
datacenter,613933254585274,A & D Technology,10,10,6,0,4
datacenter,1047784783748132,Sirat Musa,6,6,2,0,4
datacenter,1616978572766341,Curt Creation,6,6,2,0,4
datacenter,1533169141932144,Facts knowledge,5,5,1,0,4
datacenter,880798020463960,Abay jobs,7,7,3,0,4
datacenter,444551381614472,Instrumentation,12,12,8,0,4
datacenter,1012950753264226,Jobs Malawi,7,7,3,0,4
datacenter,824209832958187,Gas Processing,8,8,4,0,4
datacenter,1012615280539767,Tech X,5,5,1,0,4
datacenter,1372591830655653,ITSP Technologies ,11,11,7,0,4
datacenter,1954086148365325,Abhishek Gandhi,5,5,1,0,4
datacenter,699092876130957,It Networks,91,91,87,0,4
datacenter,1092052329447502,Walk-in interview,5,5,1,0,4
datacenter,503973282308518,Ashley Salazar,4,4,1,0,3
datacenter,653303527062261,Homestyle Dinner Rolls,5,5,2,0,3
datacenter,1199225298804380,ITSplendid,7,7,4,0,3
datacenter,867848059157414,Birdsong Landscapes,7,7,4,0,3
datacenter,25940323105651254,GCE Logistics,5,5,2,0,3
datacenter,822621859754434,Karl E. Rominger,7,7,4,0,3
datacenter,351930324316530,Hitachi Vantara,40,40,37,0,3
datacenter,556975453403233,Robert Gabay Smith,5,5,2,0,3
datacenter,1567207777337688,José Alonzo,10,10,7,0,3
datacenter,841471885210887,Sussex Visibility Brigade,43,43,40,0,3
datacenter,4144974949065796,Secbyte,5,5,2,0,3
datacenter,990899745892712,TheBetterAndhra,5,5,2,0,3
datacenter,6895349600542543,CareerAd Malawi Jobs,5,5,2,0,3
datacenter,1511952680053667,Clayton Tucker,12,12,9,0,3
datacenter,846026315037863,InfraSec Solutions,4,4,1,0,3
datacenter,1145238703163095,United Way of Licking County,5,5,2,0,3
datacenter,1631788334345439,Fire-fighting and Fire Alarm system ,10,10,7,0,3
datacenter,806072528632618,Michael Motha,4,4,1,0,3
datacenter,851098397316412,Shaun McMillan,5,5,2,0,3
datacenter,1228222609393149,Lsworks LLc.,4,4,1,0,3
datacenter,751460736889954,Karachi Stories ,4,4,1,0,3
datacenter,806166255297506,Steph Rose Nehrenz,4,4,1,0,3
datacenter,537481352509345,Philosophy Waves,5,5,2,0,3
datacenter,24377749435199882,Unbox Engineering,6,6,3,0,3
datacenter,1203268243981951,Larimer County Government,6,6,3,0,3
datacenter,527242123159391,MyrtleBeachSC News,7,7,4,0,3
datacenter,1261111168955371,Tonya Diane,5,5,2,0,3
datacenter,1107588271202550,i Apple,17,17,14,0,3
datacenter,1817325329448604,Alchemia EcoTech,5,5,2,0,3
datacenter,2687918868072624,EK by LM TEK,15,15,12,0,3
datacenter,817504323587343,CSS PMS Current Affairs & General knowledge,5,5,2,0,3
datacenter,1843633589594000,Ellen Maria Berthoud,4,4,1,0,3
datacenter,1148963719663705,TESLA Owners Club,4,4,1,0,3
datacenter,455194277278617,Huseyin Boyar,4,4,1,0,3
datacenter,184855494682601,News 8 Now / News 8000,7,7,4,0,3
datacenter,1240342787879473,Shankar Singh,4,4,1,0,3
datacenter,888633986041837,Philippines Today,4,4,1,0,3
datacenter,3728578790699340,Matt The Welder = Matt Taylor,6,6,3,0,3
datacenter,1030707125408310,John Phil,4,4,1,0,3
datacenter,828451709743772,Stockizen Research ll SEBI Regst RA,12,12,9,0,3
datacenter,463790229742606,Zereen Khan Real Fan,4,4,1,0,3
datacenter,1321429641866285,KIMLUD.COM,6,6,3,0,3
datacenter,1881743912519312,aiera.tech,4,4,1,0,3
datacenter,25359689663618961,Quinton T Lane,8,8,5,0,3
datacenter,923761365943499,Agile Consultants,5,5,2,0,3
datacenter,2287052708445437,Zain bahrain Representative,4,4,1,0,3
datacenter,416116354454981,QTS,11,11,8,0,3
datacenter,1431085444161146,TBC,8,8,5,0,3
datacenter,874249535072718,share news,21,21,18,0,3
datacenter,1618465129642733,ImRED Asia Const. and Supply,11,11,8,0,3
datacenter,1119997779479145,Salomon Josue,4,4,1,0,3
datacenter,910019764199989,StorageReview,293,293,290,0,3
datacenter,2602543866815061,Coyote  AI,30,30,27,0,3
datacenter,1458483528593989,Uninets Consulting Pvt. Ltd.,21,21,18,0,3
datacenter,1149747279639152,SECO News,4,4,2,0,2
datacenter,2493112551074525,Safe Secure PTY,3,3,1,0,2
datacenter,1334094071657928,Robert A Sebastiano,4,4,2,0,2
datacenter,1072814850647799,Pure Storage,228,228,226,0,2
datacenter,3170415909791191,G Bangla-24,3,3,1,0,2
datacenter,1337535336913682,The CEO Magazine,5,5,3,0,2
datacenter,550072184126020,G-PEP 133,3,3,1,0,2
datacenter,1332353038286138,Ataur Rahman,18,18,16,0,2
datacenter,796568359460831,Success Steps,4,4,2,0,2
datacenter,1027433035662247,Kayoule Rare Books,5,5,3,0,2
datacenter,1005674932131521,Technology Era,16,16,14,0,2
datacenter,1371018730926200,Murata,14,14,12,0,2
datacenter,2959779384221856,Tansukhgiri Maheshgiri Gosai,3,3,1,0,2
datacenter,2303663979993533,Glob Network,21,21,19,0,2
datacenter,1307115757843729,TechBook365,7,7,5,0,2
datacenter,1305085837273285,Nexgen Shop,3,3,1,0,2
datacenter,472307185736043,CAMTEL (Cameroon Telecommunications),4,4,2,0,2
datacenter,1588738482320376,UAE JOBS,3,3,1,0,2
datacenter,2391961767867090,Pengravity CSS PMS,3,3,1,0,2
datacenter,348371954845185,Supermicro,87,87,85,0,2
datacenter,1342709820438247,Melbourne Convention and Exhibition Centre (MCEC),4,4,2,0,2
datacenter,1007608581761365,Factpedia,4,4,2,0,2
datacenter,819728449491546,KASPA Insights,3,3,1,0,2
datacenter,1030035589658435,Think Again,3,3,1,0,2
datacenter,406680525097132,Prosyscom Tech,3,3,1,0,2
datacenter,975748075476164,Firewall Technologies Limited,3,3,1,0,2
datacenter,492029567064643,SequelNet,3,3,1,0,2
datacenter,1296074561631940,Cybersmart India,3,3,1,0,2
datacenter,808932998426071,The Fact News,3,3,1,0,2
datacenter,1700213068032999,Hackers Tech,3,3,1,0,2
datacenter,334712116072288,Ntchito,4,4,2,0,2
datacenter,2053320728726993,Science in Seconds,3,3,1,0,2
datacenter,1429460724449584,Bucks County Herald Newspaper,5,5,3,0,2
datacenter,4321870668066616,Iancarrollshow,3,3,1,0,2
datacenter,25222708737412919,WTE Infra Projects Pvt Ltd,4,4,2,0,2
datacenter,775529601482285,Rounaq Bakshi,4,4,2,0,2
datacenter,720494620634364,Delta Capital,6,6,4,0,2
datacenter,1744705252914702,Surinderpal Singh,14,14,12,0,2
datacenter,1428530908626065,Monowar Hussain,3,3,1,0,2
datacenter,1507513797333059,X Day,3,3,1,0,2
datacenter,1884567549159382,Ali Hassan,4,4,2,0,2
datacenter,638343042114762,jankari express ,3,3,1,0,2
datacenter,1137868675077468,Akil AK Kurji,3,3,1,0,2
datacenter,880684634240370,Sharemandu,4,4,2,0,2
datacenter,2019109461989625,Navégalo,20,20,18,0,2
datacenter,1497067011429273,محمد زبیر عالم۔,3,3,1,0,2
datacenter,1496680468865732,Jersey Alerts,4,4,2,0,2
datacenter,1651899915640644,Legrand,46,46,44,0,2
datacenter,628851489469030,Cummins South Pacific,20,20,18,0,2
datacenter,24140809638914444,AlifBey.Tech,4,4,2,0,2
datacenter,825767499457755,Lake of the Ozarks Lifestyle,5,5,3,0,2
datacenter,25100959089529814,Skilled Hindustan,3,3,1,0,2
datacenter,1211836044005435,Aliens Earth 2.0,3,3,1,0,2
datacenter,1479951483129533,Babyt Sexton,12,12,10,0,2
datacenter,1793907394416838,Nevada Public Radio,4,4,2,0,2
datacenter,765621193149581,Host Nogor,3,3,1,0,2
datacenter,712185543640823,Mass Awakening,3,3,1,0,2
datacenter,831523292589913,HostBreak Web Hosting,3,3,1,0,2
datacenter,876629097523794,The Extraterrestrial Library,4,4,2,0,2
datacenter,712983701752601,Harold Grayson,3,3,1,0,2
datacenter,2068986853447844,Nature's Harmony,3,3,1,0,2
datacenter,1096316011834164,Architecture Lab Magazine,3,3,1,0,2
datacenter,390122246925971,Hustle Rush,3,3,1,0,2
datacenter,1449820018960688,Microchip Technology Inc.,46,46,44,0,2
datacenter,1129347805630157,Karren J. Cooper,3,3,1,0,2
datacenter,1448812876836817,Jordan Smith,4,4,2,0,2
datacenter,2614777115537777,The Hawk’s Eye - C & N,2,2,1,0,1
datacenter,771551198122453,All Things Atari & Then Some,2,2,1,0,1
datacenter,772741818460081,Digital Tnjoker666,17,17,16,0,1
datacenter,1792724774665821,Maggie Stevenson-Hartzog,2,2,1,0,1
datacenter,2090623664781469,Scott Huffman,2,2,1,0,1
datacenter,1324929108081876,Microsoft Thailand,5,5,4,0,1
datacenter,1022096759823891,Amanda Zirolli,5,5,4,0,1
datacenter,720177901074718,Imperial Institute Pakistan,2,2,1,0,1
datacenter,433942949503211,Bilyonaryo News Channel,2,2,1,0,1
datacenter,1324238232031039,Shmuli Weissler,6,6,5,0,1
datacenter,798610722432346,GTA 6 News Source,3,3,2,0,1
datacenter,1020482787201975,Digisoft ZA,4,4,3,0,1
datacenter,882104406993068,MissionIR,3,3,2,0,1
datacenter,2550847561961524,Ipcisco,5,5,4,0,1
datacenter,717912857580477,Prestige Home Brokers,4,4,3,0,1
datacenter,834921925957853,Roland Nielson,3,3,2,0,1
datacenter,1471357317764648,The Notable,2,2,1,0,1
datacenter,1469224284757311,Pamala Housworth,80,80,79,0,1
datacenter,445098238432895,Yasir Rasool - یاسر رسول,2,2,1,0,1
datacenter,886668106578976,EE Times - Electronic Engineering Times,8,8,7,0,1
datacenter,888406559559984,GIGABYTE,133,133,132,0,1
datacenter,1315577987104385,Overall cheep,2,2,1,0,1
datacenter,1784233705559201,BD Tech Tips,6,6,5,0,1
datacenter,1606429856776956,Microsoft,4,4,3,0,1
datacenter,1741902506361870,Lanka E-Marketing,2,2,1,0,1
datacenter,753423631030757,OHIO 50501,2,2,1,0,1
datacenter,404212368887565,Jobs in Finland,9,9,8,0,1
datacenter,1295132302585576,Global Trends Desk,2,2,1,0,1
datacenter,854050893444638,Jeff Miller,4,4,3,0,1
datacenter,851253200569262,Spectrum of Love,2,2,1,0,1
datacenter,757947022978969,Unusual Facts,2,2,1,0,1
datacenter,758107109524365,First Citizens Bank,2,2,1,0,1
datacenter,1291673645288195,Ahtisham Nawaz,3,3,2,0,1
datacenter,1051839269904700,Murray State University,2,2,1,0,1
datacenter,1052903805908629,eScan,3,3,2,0,1
datacenter,1053617569507233,The Questioning Center,3,3,2,0,1
datacenter,1054534133465021,Time of Gulf,2,2,1,0,1
datacenter,1284591176805162,Prime Time Alex Stein Clips,2,2,1,0,1
datacenter,1533102635279754,CRC New Energy,3,3,2,0,1
datacenter,1059367012939217,Shelley’s Sparkle Clean ,2,2,1,0,1
datacenter,1297349114810021,Anthony McKinney,2,2,1,0,1
datacenter,747493747419135,IPM+ Intelligent Power Management,28,28,27,0,1
datacenter,1790945591342748,Business 360,2,2,1,0,1
datacenter,407648898949893,Jianchun Xu,3,3,2,0,1
datacenter,835752385524004,Info Tech Middle East,8,8,7,0,1
datacenter,1312341939927032,Fortnite: Battle Royale Central,2,2,1,0,1
datacenter,727874419191365,Global Brand PLC.,4,4,3,0,1
datacenter,1542594123056443,Nabin Shrestha,2,2,1,0,1
datacenter,1308737491047966,Abiodun Ayeloja Ogundipe,2,2,1,0,1
datacenter,1779862259483723,Vincent Schmuki,2,2,1,0,1
datacenter,1588612788642415,Engob,4,4,3,0,1
datacenter,1540017263843544,Coya Bee,3,3,2,0,1
datacenter,736423271933246,Sakshi Education,3,3,2,0,1
datacenter,869257369114856,GuiNet Technologies,155,155,154,0,1
datacenter,2845636645626596,Jamshaid Mustafa,2,2,1,0,1
datacenter,1689268788678289,Jaazzy,2,2,1,0,1
datacenter,1036076334150425,Microsoft,10,10,9,0,1
datacenter,1538878220022750,The Silicon Review,4,4,3,0,1
datacenter,1041081874168770,Odia Farming Dunia,3,3,2,0,1
datacenter,1834730597183234,Farooqui Jalil Sabir,2,2,1,0,1
datacenter,454739663828923,Old Toronto Series,2,2,1,0,1
datacenter,447111871453277,Find A Job In Kurdistan,2,2,1,0,1
datacenter,785236300005424,Stand for Health Freedom,2,2,1,0,1
datacenter,2050326635744464,Nathconsult,9,9,8,0,1
datacenter,1390374958342527,وحدة التوظيف وشؤون الخريجين- جامعة النجاح الوطنية,2,2,1,0,1
datacenter,2175556893178385,Stock Sessions,2,2,1,0,1
datacenter,1628284664689975,Cooper Corporation,3,3,2,0,1
datacenter,946161840206121,Micah Wilson,17,17,16,0,1
datacenter,2179544822458685,Ortega-main,2,2,1,0,1
datacenter,2182067248918633,Mohamed Zego-Q Abdullah,36,36,35,0,1
datacenter,2025954318162035,EduSphere Academy,2,2,1,0,1
datacenter,2230969377680464,Attie Pollard,3,3,2,0,1
datacenter,942115581248654,Academia Mag,4,4,3,0,1
datacenter,791707860365049,Md Faruk Hosen,2,2,1,0,1
datacenter,941143877505154,Feed X,3,3,2,0,1
datacenter,1650025632309226,Life in West Virginia & proud,2,2,1,0,1
datacenter,1402177107406225,KP Education And Jobs Information,2,2,1,0,1
datacenter,818991667266800,Daily Updates India,3,3,2,0,1
datacenter,499908189368954,Ibrahim Irbard,2,2,1,0,1
datacenter,971014985071916,Ne Mbuta Diakiese,5,5,4,0,1
datacenter,2145140642765734,serverpartdeals.com,14,14,13,0,1
datacenter,969955288108302,Cybersecurity Prism,6,6,5,0,1
datacenter,2054188718663834,Isaac Newman,4,4,3,0,1
datacenter,2080483672474570,Gordon Hutchinson,4,4,3,0,1
datacenter,960397365714311,Flex,56,56,55,0,1
datacenter,573961152407301,Electrical Desk,2,2,1,0,1
datacenter,2072776606778914,Shaharuzzaman Emon,2,2,1,0,1
datacenter,787803723981480,Joyatres Technology,101,101,100,0,1
datacenter,2115572275490705,Tech Whiz Ajith,20,20,19,0,1
datacenter,952421126780651,Youth Opportunity,2,2,1,0,1
datacenter,1386530616137283,Stan Jamison,3,3,2,0,1
datacenter,1641832499726868,Numeric - A Group brand Legrand,18,18,17,0,1
datacenter,1700694874642980,Hammad Yousaf Mahar ,2,2,1,0,1
datacenter,967832587912367,Build-her.org,3,3,2,0,1
datacenter,968350864701283,Oil & Gas Journal,3,3,2,0,1
datacenter,543321305223983,eFinancialModels,5,5,4,0,1
datacenter,1375143480703442,Nawaz Afridi,2,2,1,0,1
datacenter,1388801002673872,Kray Kray,11,11,10,0,1
datacenter,2229005867613181,Brittany Anne Bowshier,4,4,3,0,1
datacenter,642317431841977,Terryson Dawo,3,3,2,0,1
datacenter,1462261844420977,Abelemakabo Watson Tamunopekerebia,2,2,1,0,1
datacenter,2403010576710037,Kamal Nouri,10,10,9,0,1
datacenter,683227051061471,Networks Professionals,13,13,12,0,1
datacenter,1000325444888197,Flux Charts,2,2,1,0,1
datacenter,906383844073170,Aapkikhabar News,2,2,1,0,1
datacenter,780691200610620,NorthBay Solutions Pakistan,3,3,2,0,1
datacenter,1869659916960583,Uncovering Truth,2,2,1,0,1
datacenter,1448748472973380,Shinjiru Web Hosting,5,5,4,0,1
datacenter,457615186974679,The Social PULSE,2,2,1,0,1
datacenter,1861586917692136,Jerry Varghese Global,4,4,3,0,1
datacenter,932565925141637,Information Technology,2,2,1,0,1
datacenter,454037037229538,West Valley View,2,2,1,0,1
datacenter,1341048477048451,We Love Sweden,2,2,1,0,1
datacenter,899819088244379,DJ Audits,2,2,1,0,1
datacenter,1452011406053010,Bradley Vaughn,2,2,1,0,1
datacenter,1459152835289584,Factopia,3,3,2,0,1
datacenter,830596099628213,Apna Watan Tv,4,4,3,0,1
datacenter,1669792354127154,Bayouboyz8,7,7,6,0,1
datacenter,1437658217015473,CNBC-TV18,9,9,8,0,1
datacenter,1655245029195571,Patrick W Gunter,2,2,1,0,1
datacenter,1620813862639667,Glen Patrick Kaufman,2,2,1,0,1
datacenter,666785972551850,Office of Manohar Lal,12,12,11,0,1
datacenter,498662286382204,Midea,3,3,2,0,1
datacenter,644370614991483,Angel Ojea,2,2,1,0,1
datacenter,984070980094214,AyE uniVERSE,2,2,1,0,1
datacenter,1358406553000775,MD Amanullah,2,2,1,0,1
datacenter,2250587965340398,Job Hunters NG,3,3,2,0,1
datacenter,1957322575052935,RattleTale Media Group,5,5,4,0,1
datacenter,2266469387169223,XFacts,2,2,1,0,1
datacenter,1421714125795682,HalabTech,2,2,1,0,1
datacenter,989134600948546,The Outsider,3,3,2,0,1
datacenter,783916630167016,Progressive Power,21,21,20,0,1
datacenter,1573978266668347,Tamar apple official,4,4,3,0,1
datacenter,922786339034823,Skilled Pinoy,2,2,1,0,1
datacenter,825219243190996,The RED Review,3,3,2,0,1
datacenter,1427286672668445,The Rabbit Hole,2,2,1,0,1
datacenter,995988438692541,Stilejob,2,2,1,0,1
datacenter,781604734139731,Eric Engle,3,3,2,0,1
datacenter,1596566571178552,Intel,2,2,1,0,1
datacenter,279266891737573,Neowin,14,14,13,0,1
datacenter,6952737821429302,JLL,23,23,22,0,1
datacenter,24544030651962015,Stats Universe,2,2,1,0,1
datacenter,24543072918624057,Mind SPARK,3,3,2,0,1
datacenter,1128024749469424,Demetria Clark,3,3,2,0,1
datacenter,338075449111320,Entrepreneur India,28,28,27,0,1
datacenter,355969616816122,Lil Patch Of Heaven,2,2,1,0,1
datacenter,386455270398822,Tech Media Wire,18,18,17,0,1
datacenter,4073024772920146,The Fox Watershed,3,3,2,0,1
datacenter,3798539550395739,The Cryptic facts,2,2,1,0,1
datacenter,223006177356191,Conservative News Daily,15,15,14,0,1
datacenter,1272949073394708,Climate Justice Alliance,12,12,11,0,1
datacenter,385589464000274,Dr Heera Lal IAS,3,3,2,0,1
datacenter,3541337516159687,Steve Spell II,2,2,1,0,1
datacenter,1160749472569241,Angelina Rivera,3,3,2,0,1
datacenter,236028299534713,Team Computers,8,8,7,0,1
datacenter,230670726332809,TechCrunch,3,3,2,0,1
datacenter,1115872856711819,Rum Shada,2,2,1,0,1
datacenter,1221955276404233,Eminence,2,2,1,0,1
datacenter,1136014337406549,Microsoft,5,5,4,0,1
datacenter,1244534390915605,RoboX,4,4,3,0,1
datacenter,3661535720825906,Workiley Bhutan,2,2,1,0,1
datacenter,1179952517324496,Micole Ludovice,2,2,1,0,1
datacenter,3649958991909961,Md Ismail Sojal,17,17,16,0,1
datacenter,1219883906792680,Pinal Post,8,8,7,0,1
datacenter,1105212317174737,Microsoft,5,5,4,0,1
datacenter,1125018488645566,STÄRKEN Philippines,2,2,1,0,1
datacenter,1211811154212194,Green City Machinery,2,2,1,0,1
datacenter,245416955253434,The UAE Times,2,2,1,0,1
datacenter,9651131368268000,Technology IG,9,9,8,0,1
datacenter,297962569630048,Laughing Colours,3,3,2,0,1
datacenter,350449391262052,James Bigley Ranches,11,11,10,0,1
datacenter,8600269343322857,The Old Toronto,2,2,1,0,1
datacenter,1080893373319899,Bloomberg Markets,7,7,6,0,1
datacenter,25037480665952563,Connecticut Things,2,2,1,0,1
datacenter,233181533119192,City of East Point Government,2,2,1,0,1
datacenter,221673440993199,Infinity Explorers,3,3,2,0,1
datacenter,189675310814411,Hashem Al-Ghaili,3,3,2,0,1
datacenter,4008004846119207,Abdullahi Lekan,2,2,1,0,1
datacenter,1235908110927004,HCTC,4,4,3,0,1
datacenter,1211277826511861,a as architecture,2,2,1,0,1
datacenter,1156693381914979,Microsoft,4,4,3,0,1
datacenter,1477248879898339,Bot Campus AI ,1,1,1,0,0
datacenter,1280575049669184,Max Mogren,1,1,1,0,0
datacenter,1478334870125668,PPG Pakistan Pc Gamers Buy & Sell,1,1,1,0,0
datacenter,1477410369539002,IndoPacific Report,1,1,1,0,0
datacenter,1477696929552000,"NEP Group, Inc.",9,9,9,0,0
datacenter,1477717353730728,Nick And Brenda,1,1,1,0,0
datacenter,1174030777747314,Browserling,1,1,1,0,0
datacenter,1173219910866070,V E R O N I C A S T E I N E R,1,1,1,0,0
datacenter,1172721324302229,Uddhab Pramanik,1,1,1,0,0
datacenter,1478370343450969,Rafael Villagomez Ramirez,1,1,1,0,0
datacenter,1478656073454923,TechTweaks I.T. Solutions,2,2,2,0,0
datacenter,1172530331709516,Financialstrend,4,4,4,0,0
datacenter,1478657532979980,NBC4,1,1,1,0,0
datacenter,1172444230996226,Jared Morningstar,7,7,7,0,0
datacenter,1478863733455169,Muhibbul Muktadir Tanim,1,1,1,0,0
datacenter,1479115696449988,Emirates Building Systems,2,2,2,0,0
datacenter,1476840283524475,BAM - Burgess Awakening Media,1,1,1,0,0
datacenter,1174896133499681,Ministry Of IT & Telecom,2,2,2,0,0
datacenter,1174457781412433,Ryker Holdings,1,1,1,0,0
datacenter,1469932698083334,Code Web Không Khó,1,1,1,0,0
datacenter,1177042007585140,Jeremy Schissler,1,1,1,0,0
datacenter,1177118490269525,OneMiners,4,4,4,0,0
datacenter,1471174584193385,The MEP Junction ,3,3,3,0,0
datacenter,1471092384783753,Uncle Pappy,1,1,1,0,0
datacenter,1470495608202258,Inside Your Brain,1,1,1,0,0
datacenter,1470226610916582,Holly Nicole,1,1,1,0,0
datacenter,1469866254753787,Joshy Squatchy,14,14,14,0,0
datacenter,1174673677435022,Rachel Lee Givens,1,1,1,0,0
datacenter,1469800597234991,NetPoint NZ,3,3,3,0,0
datacenter,1469784688242671,Mahdi Mohammed,1,1,1,0,0
datacenter,1469460267681180,Dinaj Sikder,1,1,1,0,0
datacenter,1469249671277193,Pissedoffbartend3r,1,1,1,0,0
datacenter,1177339737624838,Kabir Mehrotra.official,1,1,1,0,0
datacenter,1177473214217684,UAE Stories,2,2,2,0,0
datacenter,1471375936795624,Matt Mckinzie,2,2,2,0,0
datacenter,1175980263766404,Intel,1,1,1,0,0
datacenter,1471406426747703,Gobind Singh Deo,2,2,2,0,0
datacenter,1175666787138862,CorpWire,1,1,1,0,0
datacenter,1471891004079510,Chioma fans,1,1,1,0,0
datacenter,1472259699991794,White People Making White People Food,1,1,1,0,0
datacenter,1472542160033560,Jhun Henries Decano,1,1,1,0,0
datacenter,1175396571353890,Reid Morris,3,3,3,0,0
datacenter,1473805611015258,Dustin Schreiner,1,1,1,0,0
datacenter,1175231351193747,DinaBina Technical Project Management A Marigold Digital Pvt Ltd Co,1,1,1,0,0
datacenter,1474100493797507,Ganesh Subedi,1,1,1,0,0
datacenter,1474316539848587,SpaceX,1,1,1,0,0
datacenter,1475775897201578,Mega Build,1,1,1,0,0
datacenter,1174878183890536,Ba Chisokone,1,1,1,0,0
datacenter,1174861617865885,Develyn Krystal,2,2,2,0,0
datacenter,1476064820169563,SermonAudio,1,1,1,0,0
datacenter,1476451557006047,YT technetwork,16,16,16,0,0
datacenter,1479143113217694,BusinessBlurb,5,5,5,0,0
datacenter,1170607937521076,Cooler Master,2,2,2,0,0
datacenter,1172371950312691,The Exponent Telegram,1,1,1,0,0
datacenter,1479605629936551,Phillip Ley,2,2,2,0,0
datacenter,1492188798018569,Business Fortune,5,5,5,0,0
datacenter,1492026298495183,Danielle Hallett,1,1,1,0,0
datacenter,1167277068582634,Gregory Dybas,1,1,1,0,0
datacenter,1491974745543644,ComAp,5,5,5,0,0
datacenter,1491461649191394,AV soporte técnico Costa Rica-SRL.,1,1,1,0,0
datacenter,1167967978532449,Simone Boyce,2,2,2,0,0
datacenter,1491367368444997,Manu Kumar Jain,1,1,1,0,0
datacenter,1491104151759673,Nasi Ispani,1,1,1,0,0
datacenter,1490980598849417,Tiffany McClure,2,2,2,0,0
datacenter,1490672672134108,ST Telemedia Global Data Centres India,131,131,131,0,0
datacenter,1490330098667013,Northern BC BUZZ,4,4,4,0,0
datacenter,1489828228263263,My Patriot Supply,1,1,1,0,0
datacenter,1489286198883515,Michael Perna,10,10,10,0,0
datacenter,1488852995935931,Funny Home,2,2,2,0,0
datacenter,1167971362098656,SoftEd Group of Companies,1,1,1,0,0
datacenter,1492932668637987,Justin Early,2,2,2,0,0
datacenter,1493360417947691,Avigilon,2,2,2,0,0
datacenter,1167123565278163,BrownFig,1,1,1,0,0
datacenter,1166744551556714,JT Knows Things,1,1,1,0,0
datacenter,1498730337662323,PMN News,1,1,1,0,0
datacenter,1498327424461018,ITJobs Egypt,1,1,1,0,0
datacenter,1166188111655298,Electrical engineer MEP,1,1,1,0,0
datacenter,1497302741406124,Laskenta,2,2,2,0,0
datacenter,1497238860915116,Sargent,3,3,3,0,0
datacenter,1496818180926003,Space Fans,2,2,2,0,0
datacenter,1496494951545745,Chron Heavenrazah Smith Sr.,1,1,1,0,0
datacenter,1493976221775146,Dr. Virga Podcast,5,5,5,0,0
datacenter,1496222064438825,Softwarica College of IT & E-commerce,1,1,1,0,0
datacenter,1496055365042745,Jenny Denise,1,1,1,0,0
datacenter,1495874737942981,AE Radio,3,3,3,0,0
datacenter,1166755708663166,Annie Harvel Miller,1,1,1,0,0
datacenter,1494931124751391,Swastika Investmart Ltd,1,1,1,0,0
datacenter,1494688975067628,Daily Rawalpindi,1,1,1,0,0
datacenter,1168814410931155,Dravidian Model,1,1,1,0,0
datacenter,1488644441789331,Welcome DOHA QATAR,1,1,1,0,0
datacenter,1487998832541842,JK Moving Services,1,1,1,0,0
datacenter,1170651278203788,Provoke News Official ,1,1,1,0,0
datacenter,1169697054191182,Careerjoin,1,1,1,0,0
datacenter,1170317815230142,Cheesy And The Bears,1,1,1,0,0
datacenter,1483523340462260,Omsimm Facts,1,1,1,0,0
datacenter,1482189502704441,Vietnam news,2,2,2,0,0
datacenter,1482002696164295,Lauren Brooke,2,2,2,0,0
datacenter,1481747206229146,For The People Alliance ftpa4rgv,3,3,3,0,0
datacenter,1481242782476212,The Brian Nichols Show,3,3,3,0,0
datacenter,1483563049725276,Zach Goldsmith,2,2,2,0,0
datacenter,1480298092884228,AskTraders.com,1,1,1,0,0
datacenter,1480041999767689,Progress Computeredu,1,1,1,0,0
datacenter,1170769221915354,Grace Taylor,1,1,1,0,0
datacenter,1171697227606227,NTT DATA,1,1,1,0,0
datacenter,1172068630979003,Electronic Health Solutions-Hakeem program شركة الحوسبة الصحية -برنامج حكيم,1,1,1,0,0
datacenter,1172285854781820,Kylie Micciche,1,1,1,0,0
datacenter,1483527305537426,The Pioneer,1,1,1,0,0
datacenter,1169514614266618,Toshiba USA,7,7,7,0,0
datacenter,1487712689105882,Charles Fowler Real Estate Services,2,2,2,0,0
datacenter,1485851819293988,All Engineering Hub,3,3,3,0,0
datacenter,1487664355683279,Simpleblacktheory,2,2,2,0,0
datacenter,1487501869036788,SocialPost TechX,1,1,1,0,0
datacenter,1487489192365075,Bradford Hall,1,1,1,0,0
datacenter,1168929617418947,Distorted Reality,1,1,1,0,0
datacenter,1487210928495149,Girl Du Jour,1,1,1,0,0
datacenter,1486059095875733,NFT WORLD,2,2,2,0,0
datacenter,1485669055384647,Science Careers,1,1,1,0,0
datacenter,1484153056127825,Yahsha Michael,1,1,1,0,0
datacenter,1485420185891208,Dominik Karnas,1,1,1,0,0
datacenter,1485340532364875,ASIA Sustainable Energy Week,4,4,4,0,0
datacenter,1485208333290211,Emmabailyyy,1,1,1,0,0
datacenter,1169313875367553,Ajay Yadav,1,1,1,0,0
datacenter,1485168012670599,Marilee Bridget Thomas,3,3,3,0,0
datacenter,1484331673325555,Anshul Walia,2,2,2,0,0
datacenter,1468439287859965,radhika kumari ,12,12,12,0,0
datacenter,1464869064425988,Back2Gaming,3,3,3,0,0
datacenter,1177558176676095,Bruce Thornton Air Conditioning & Plumbing,1,1,1,0,0
datacenter,1440485527827329,Open Ezhou,1,1,1,0,0
datacenter,1439721964651750,Pinnacle Construction & Infrastructure,1,1,1,0,0
datacenter,1439376877617826,Verse Media,2,2,2,0,0
datacenter,1439355060272945,Intel,1,1,1,0,0
datacenter,1188108619858697,Urdu Facts,1,1,1,0,0
datacenter,1188732562628223,QNAP Sri Lanka,2,2,2,0,0
datacenter,1439324413682043,We Build Value,1,1,1,0,0
datacenter,1189836946344941,Rajesh Raj,1,1,1,0,0
datacenter,1439101424194607,Smile Sciences,9,9,9,0,0
datacenter,1439080557505890,Akelapan,1,1,1,0,0
datacenter,1438245333574531,Funkykit,4,4,4,0,0
datacenter,1438096837083876,Cleveland Magazine,1,1,1,0,0
datacenter,1438040977911452,Jeremy Ladd,1,1,1,0,0
datacenter,1437793220482182,Curtin University Dubai,1,1,1,0,0
datacenter,1190709548683775,Reon Energy Limited,1,1,1,0,0
datacenter,1437606743965627,Dustin Bigelow,1,1,1,0,0
datacenter,1440398707226133,Elite Pakistan,1,1,1,0,0
datacenter,1187402095928219,Ryan Marshall - 7 News Detroit,2,2,2,0,0
datacenter,1177861230055308,MONIIFY,1,1,1,0,0
datacenter,1440505793226172,Technology Innovation,4,4,4,0,0
datacenter,1444575270051875,Dhanu N Joy,1,1,1,0,0
datacenter,1186276060021528,Ruth Nuckols Cox Williamson,1,1,1,0,0
datacenter,1444250689845860,Cecile G. Tamura,6,6,6,0,0
datacenter,1444118629518143,Commercial Bank of Ethiopia,1,1,1,0,0
datacenter,1443509714046934,Peter Sacco,1,1,1,0,0
datacenter,1443382767562710,Fna,2,2,2,0,0
datacenter,1442798316660812,Nixon Norman,1,1,1,0,0
datacenter,1186684066795004,WiFi Solutions,1,1,1,0,0
datacenter,1442541123368524,Ogbonna Ohakwe,1,1,1,0,0
datacenter,1442286523952840,Rana Shahbaz,2,2,2,0,0
datacenter,1441891533871825,Astro4Space,2,2,2,0,0
datacenter,1187075509116451,Richmond Community College,1,1,1,0,0
datacenter,1441673776955438,Customs Broker Rod Villanueva,1,1,1,0,0
datacenter,1441380693222339,Frontier Mining,3,3,3,0,0
datacenter,1441365760074108,Dương Phong,1,1,1,0,0
datacenter,1190985825282907,National Wildlife Magazine,1,1,1,0,0
datacenter,1437522070195444,New York State Senate Democratic Conference,1,1,1,0,0
datacenter,1437462257198402,Tampa Bay's Morning Blend,1,1,1,0,0
datacenter,1436656457441450,FaithNotes,1,1,1,0,0
datacenter,1431510527708442,MY Bhubaneswar,3,3,3,0,0
datacenter,1431431171111966,TECHx,24,24,24,0,0
datacenter,1431371437818464,VoIP.Review,20,20,20,0,0
datacenter,1194517278650314,ITB Nigeria Limited,2,2,2,0,0
datacenter,1431130878314620,CHHAP,1,1,1,0,0
datacenter,1194589745936276,On & Off Chain,1,1,1,0,0
datacenter,1195566751623866,YakMotley,1,1,1,0,0
datacenter,1429946974553898,Pakistan Speaks Out,1,1,1,0,0
datacenter,1195836505244021,NETS International,3,3,3,0,0
datacenter,1196024834695402,Zadakhabar,1,1,1,0,0
datacenter,1196042985727756,Conservativereese Ordinary,2,2,2,0,0
datacenter,1429178720995444,Arab News,1,1,1,0,0
datacenter,1428794501391014,Essar,4,4,4,0,0
datacenter,1196169299231060,TGN Technology,1,1,1,0,0
datacenter,1428522404698229,Chatham Journal Newspaper,1,1,1,0,0
datacenter,1192658218284071,Orion Perez D,2,2,2,0,0
datacenter,1431870984154812,Mytv WorldwidE,1,1,1,0,0
datacenter,1432545947780110,The City Menus,1,1,1,0,0
datacenter,1435054991382280,Dan O.Kwach,4,4,4,0,0
datacenter,1191366212024341,Nava Raipur Atal Nagar Vikas Pradhikaran,1,1,1,0,0
datacenter,1436403907312746,Move To Amend,1,1,1,0,0
datacenter,1435877941135371,Universe Facts,1,1,1,0,0
datacenter,1435517167376140,Iron Mountain,2,2,2,0,0
datacenter,1192136602223677,Microsoft,1,1,1,0,0
datacenter,1435491910879317,Health With Chummy,1,1,1,0,0
datacenter,1435016530919072,Corinthia M. Yancey,2,2,2,0,0
datacenter,1432780171121029,Synsation,1,1,1,0,0
datacenter,1434903730913023,Prime Vibes,1,1,1,0,0
datacenter,1433584907606670,Frog Mustard Stickers,1,1,1,0,0
datacenter,1433212707460939,Yahoo News,1,1,1,0,0
datacenter,1433086937636341,Golden State Times,1,1,1,0,0
datacenter,1433069903945502,สมาคมวิศวกรรมปรับอากาศแห่งประเทศไทย ACAT,1,1,1,0,0
datacenter,1433043993997180,JLL,4,4,4,0,0
datacenter,1186137800372585,Camilla Sayfutdinova,1,1,1,0,0
datacenter,1446047496409477,Housewife Prepper,4,4,4,0,0
datacenter,1185990325719990,VALUE M.E.P Services,1,1,1,0,0
datacenter,1457577572029938,"Croell, Inc.",1,1,1,0,0
datacenter,1460910724840680,Nidec Leroy-Somer - english,1,1,1,0,0
datacenter,1180589603878686,Bo Grant,2,2,2,0,0
datacenter,1460843711301954,Jon Oringer,1,1,1,0,0
datacenter,1460642971557991,NetworkChuck,1,1,1,0,0
datacenter,1459603724936085,SaudiGulf Projects,3,3,3,0,0
datacenter,1182081366836051,Legrand,4,4,4,0,0
datacenter,1182370879561420,Unisys,1,1,1,0,0
datacenter,1458908991729072,Just Lovlie,1,1,1,0,0
datacenter,1182687423023181,County Executive David Crowley,1,1,1,0,0
datacenter,1182822429784405,Maria Papageorgiou,1,1,1,0,0
datacenter,1458422938218433,Ledger-Enquirer,4,4,4,0,0
datacenter,1458203722338379,SGEG,1,1,1,0,0
datacenter,1458136732566808,Hot Chocolate,1,1,1,0,0
datacenter,1458121255134446,Oklahoma Source,1,1,1,0,0
datacenter,1458098922551363,Basic Networking,1,1,1,0,0
datacenter,1461341537806903,MoneyWorks4me,2,2,2,0,0
datacenter,1461401781597011,Marella Porter TV,3,3,3,0,0
datacenter,1180224404227588,Astov Tech Corporation,1,1,1,0,0
datacenter,1500846120756070,Insider News,1,1,1,0,0
datacenter,1468010145075288,Radionica,1,1,1,0,0
datacenter,1467138817669699,Nikko Beason,1,1,1,0,0
datacenter,1467042840902112,Business Connect Magazine,7,7,7,0,0
datacenter,1177963640569274,Itsallphoenix,1,1,1,0,0
datacenter,1178711843567729,Ka John,1,1,1,0,0
datacenter,1465395331405739,Geberit,1,1,1,0,0
datacenter,1463938988225085,YallBot,1,1,1,0,0
datacenter,1462089085543318,UnitingNow,5,5,5,0,0
datacenter,1462982357657872,Star Services LLC.,1,1,1,0,0
datacenter,1462448604606665,TomDispatch,4,4,4,0,0
datacenter,1179086627169503,Markets4you India,5,5,5,0,0
datacenter,1462269394868563,James Robertson,1,1,1,0,0
datacenter,1179372506605022,WORK180,1,1,1,0,0
datacenter,1462184124700808,BTV - Business Television,1,1,1,0,0
datacenter,1457793475111560,Aerospace Baykee Pakistan - Pvt. Ltd.,2,2,2,0,0
datacenter,1457448359342724,You Suck at Programming,1,1,1,0,0
datacenter,1447309619901165,Chase Calhoun,1,1,1,0,0
datacenter,1457182149028706,Anton D. Stetner,1,1,1,0,0
datacenter,1183571206055558,JoshiesWorld,1,1,1,0,0
datacenter,1183839852597995,Website Closers,1,1,1,0,0
datacenter,1183895020244142,Shanee Baldwin,1,1,1,0,0
datacenter,1452008598737916,Tiny Hooves Rescue and Petting Zoo,1,1,1,0,0
datacenter,1184201039253213,ScyllaDB,3,3,3,0,0
datacenter,1184384646964105,Royal Vil,1,1,1,0,0
datacenter,1450893895773234,Wärtsilä Corporation,2,2,2,0,0
datacenter,1184522179132092,บริษัทไอทีเทรนนิ่งจำกัด,1,1,1,0,0
datacenter,1449773669569878,Rahul P T,1,1,1,0,0
datacenter,1184547929964466,PCMR,1,1,1,0,0
datacenter,1184829315967806,Taiwan in Melbourne,1,1,1,0,0
datacenter,1184894709368998,Joѕн Orozco,1,1,1,0,0
datacenter,1448323009068688,Business Recorder,3,3,3,0,0
datacenter,1185085533183003,Webberstop India Pvt. Ltd.,6,6,6,0,0
datacenter,1447789119507007,Globe Business,3,3,3,0,0
datacenter,1452113725402598,HBCU Alum,1,1,1,0,0
datacenter,1452314540055261,Seasoned Strength,1,1,1,0,0
datacenter,1453451522165491,Tasmania Nepal,1,1,1,0,0
datacenter,1455570825158459,Jamie Ostroff,1,1,1,0,0
datacenter,1457150625205092,The Paducah Insider,1,1,1,0,0
datacenter,1456917828766796,Final Frontier,1,1,1,0,0
datacenter,1456652941782982,Republic,2,2,2,0,0
datacenter,1456277625256445,Commure Bangladesh,2,2,2,0,0
datacenter,1456085818597040,Consumer Choice Center,1,1,1,0,0
datacenter,1455699059395554,Stephen Keffer,3,3,3,0,0
datacenter,1455527935695027,Port St Lucie Talks,2,2,2,0,0
datacenter,1454353885446918,Huawei Middle East,1,1,1,0,0
datacenter,1455388905530862,Pullupspastapolitics,1,1,1,0,0
datacenter,1455291059636361,Technical NG,2,2,2,0,0
datacenter,1455056632203368,Jason Nathaniel Gaskin,1,1,1,0,0
datacenter,1454608892969543,Defense News 247,1,1,1,0,0
datacenter,1454437012123743,ASC Services Botswana,2,2,2,0,0
datacenter,1183251633647067,Deep Joga,3,3,3,0,0
datacenter,1500428221020840,Shannon O'Dell,1,1,1,0,0
datacenter,1165504474857367,"Cumberland County, NC Government",3,3,3,0,0
datacenter,1500957314443253,Brent Allison,1,1,1,0,0
datacenter,1572189440181862,Ethio Vacancy,1,1,1,0,0
datacenter,1154089325727728,Motilal Oswal Financial Services Ltd,2,2,2,0,0
datacenter,1563853411128487,VICE Australia,1,1,1,0,0
datacenter,1563539927588042,Russell Shaw,1,1,1,0,0
datacenter,1563084651061812,Lost places,1,1,1,0,0
datacenter,1154404112634830,Insider Tech,24,24,24,0,0
datacenter,1562793475388930,Iwdi ko Awdi Online TV,1,1,1,0,0
datacenter,1154446236600808,Midland Street News,1,1,1,0,0
datacenter,1562704318047963,Daily Beltway,1,1,1,0,0
datacenter,1154559405925836,Kayla Moody,2,2,2,0,0
datacenter,1562621047846527,Marie,1,1,1,0,0
datacenter,1562502637774231,Its.sahil.design Connected Page,1,1,1,0,0
datacenter,1562438461136011,Marc ChaGa,1,1,1,0,0
datacenter,1562273525349620,PuriFi,1,1,1,0,0
datacenter,1561985071621950,Gerald Wayne,1,1,1,0,0
datacenter,1561943071051657,MSI AIoT,5,5,5,0,0
datacenter,1564249694805274,World Data Hub,2,2,2,0,0
datacenter,1154016369756357,Facts Factory,1,1,1,0,0
datacenter,1564520744566993,Dyme,1,1,1,0,0
datacenter,1569656997154486,Hazleton News 1,1,1,1,0,0
datacenter,1570963087736287,Dakota LaTommy,1,1,1,0,0
datacenter,1570835077235109,Nina Foster,1,1,1,0,0
datacenter,1570825800409689,APILayer,1,1,1,0,0
datacenter,1570291400187017,Newark Electronics,1,1,1,0,0
datacenter,1570189090490327,People of Hyderabad,1,1,1,0,0
datacenter,1569831264641608,Bayou Boyz,8,8,8,0,0
datacenter,1569214687053899,mechanicallyincleyend,1,1,1,0,0
datacenter,1565879880971164,World Technocon,1,1,1,0,0
datacenter,1569016321499157,THECA : Thailand Electronics Circuit Asia,5,5,5,0,0
datacenter,1153746110055376,Imalawyerinreallife ,3,3,3,0,0
datacenter,1568037527849727,ProxySocks5,7,7,7,0,0
datacenter,1567493920715355,Stock Market Times,1,1,1,0,0
datacenter,1153895540216139,Maddie Bee,2,2,2,0,0
datacenter,1566845103938857,Dibyojit Dutta,1,1,1,0,0
datacenter,1561772367939902,Punjab Information Technology Board (PITB),1,1,1,0,0
datacenter,1154702485664377,Skyland Computer BD,1,1,1,0,0
datacenter,1154738403216799,Ronnie Au Viar,2,2,2,0,0
datacenter,1553592942296567,Code 231,1,1,1,0,0
datacenter,1555065208942784,Nick's Thoughts,1,1,1,0,0
datacenter,1554955702602756,Tom Morris,3,3,3,0,0
datacenter,1554883039566358,Jeff Jeudy TikTok ,1,1,1,0,0
datacenter,1554763915540992,Jane Egerton-Idehen,2,2,2,0,0
datacenter,1554640328818755,Cloudstaff Jobs,3,3,3,0,0
datacenter,1554567146297698,TyC,1,1,1,0,0
datacenter,1553546988555293,Frecuencia Rock,1,1,1,0,0
datacenter,1156184672934703,Alchemistyrising,1,1,1,0,0
datacenter,1553531553109373,Prof Jiang briefing,1,1,1,0,0
datacenter,1553363912497121,Rachel Braden,1,1,1,0,0
datacenter,1156729619904111,Infratech Co ,3,3,3,0,0
datacenter,1157846069525060,Veto Jackson,1,1,1,0,0
datacenter,1157914251892764,Juliet Jeske,1,1,1,0,0
datacenter,1552979039387337,Stellar Forge Mining,1,1,1,0,0
datacenter,1555171348410358,Catawba Valley News & Weather,1,1,1,0,0
datacenter,1555682246225902,UniClamp USA,1,1,1,0,0
datacenter,1561530748177543,High Point Networks,1,1,1,0,0
datacenter,1559977308023152,Deleteme,1,1,1,0,0
datacenter,1154817129283010,County Commissioner Gregg Weiss,1,1,1,0,0
datacenter,1561034607829168,Golden Czermak,2,2,2,0,0
datacenter,1154855845940033,Wilhelm Duke,1,1,1,0,0
datacenter,1560114335833337,Waanews,1,1,1,0,0
datacenter,1560084765652123,Mamoth,1,1,1,0,0
datacenter,1154931396154834,Muhammad Yeamin Adib,1,1,1,0,0
datacenter,1155432963433403,Ce-Ce Gerlach,4,4,4,0,0
datacenter,1155761985423082,entxuncut,5,5,5,0,0
datacenter,1558644708190701,UL Solutions,2,2,2,0,0
datacenter,1558102572589861,Ring and Ping Inc.,1,1,1,0,0
datacenter,1557331242332254,Jennifer Mc,1,1,1,0,0
datacenter,1556237852262587,"World Wonders & Facts
",1,1,1,0,0
datacenter,1555823625541305,Sherif Rashwan,1,1,1,0,0
datacenter,1555748841874255,Baankii Daldala Itiyoophiyaa,1,1,1,0,0
datacenter,1572130580067519,"Big Digital Energy, Inc",1,1,1,0,0
datacenter,1572268980300407,Telikom Limited,1,1,1,0,0
datacenter,1502951794055040,BPOPF,1,1,1,0,0
datacenter,1153619066246538,Multibagger Stocks,11,11,11,0,0
datacenter,1589904545387414,Aedifi Industrial,2,2,2,0,0
datacenter,1589172969329319,Wthech Onbudget,1,1,1,0,0
datacenter,1589058335163368,WISN 12 NEWS,3,3,3,0,0
datacenter,1148511287151061,Denali Canning Co.,2,2,2,0,0
datacenter,1148638386148762,Pandian Express,1,1,1,0,0
datacenter,1587655121868420,Camille Walker,3,3,3,0,0
datacenter,1149272263854195,Man Cave Woodcraft,1,1,1,0,0
datacenter,1149612999709555,Manao Software,1,1,1,0,0
datacenter,1587460119344264,Cosmic Vault,3,3,3,0,0
datacenter,1586259502724058,Michael Steinberg,1,1,1,0,0
datacenter,1585911949713757,KRG Department of Information Technology,1,1,1,0,0
datacenter,1585806668924163,Shiela To,1,1,1,0,0
datacenter,1585796898838200,Preston News and Journal,1,1,1,0,0
datacenter,1585742728905511,SSAB,1,1,1,0,0
datacenter,1585285483241982,Prepper Planet ,1,1,1,0,0
datacenter,1590007378259416,Nazir Galadanchi,1,1,1,0,0
datacenter,1147854550563315,ICoreHosting,4,4,4,0,0
datacenter,1590599775838404,Joseph Bate,2,2,2,0,0
datacenter,1595017558448639,Everyday Naturalist,1,1,1,0,0
datacenter,1147218673108073,Construction Equipment Guide,3,3,3,0,0
datacenter,1147248672916231,BIZGRAM ASIA PTE LTD,4,4,4,0,0
datacenter,1595537084705893,The Messenger of Madison-Mayodan,1,1,1,0,0
datacenter,1595479571963574,Kingdee,1,1,1,0,0
datacenter,1595170898427410,Snap Study ,2,2,2,0,0
datacenter,1595155461655603,Ravikumar M,1,1,1,0,0
datacenter,1594089028043473,GazzabKoo,1,1,1,0,0
datacenter,1591262538718995,Myles McClendon,1,1,1,0,0
datacenter,1593328414685074,Naomi Craig,1,1,1,0,0
datacenter,1592357751900623,Zainalyzee,1,1,1,0,0
datacenter,1591583951409181,The Dawes Arboretum,1,1,1,0,0
datacenter,1591335008405719,Growth Legends,1,1,1,0,0
datacenter,1591287605516607,The Independent Register,1,1,1,0,0
datacenter,1147348266887425,Dri Bones Media,1,1,1,0,0
datacenter,1584684223258585,Silicon Sallie,14,14,14,0,0
datacenter,1584254063127044,Humans First,10,10,10,0,0
datacenter,1583970702157002,The Meghalayan Express,1,1,1,0,0
datacenter,1574468893937655,The Trollin Trump Train,1,1,1,0,0
datacenter,1576293547333443,Unicom ITsolutions L.L.C,1,1,1,0,0
datacenter,1576115080066512,Md Manouwer Hussain,1,1,1,0,0
datacenter,1575928223568384,Eric Robertson-eric4themany,1,1,1,0,0
datacenter,1152507306043774,The Film Monster,1,1,1,0,0
datacenter,1152801179727032,Local Gaurdian,1,1,1,0,0
datacenter,1574791810425304,Mapota Technologies ,4,4,4,0,0
datacenter,1153367613452631,Robert People for Congress - U.S. House FL-15,3,3,3,0,0
datacenter,1151783706283974,Amazing Facts and Amazing Places,1,1,1,0,0
datacenter,1153379106536610,Sam Richardson,1,1,1,0,0
datacenter,1153509276638231,Amit Bhandari,1,1,1,0,0
datacenter,1573695900879414,Innovation it hub,2,2,2,0,0
datacenter,1573240199747155,Nokia,1,1,1,0,0
datacenter,1572862476820577,swissinfo,2,2,2,0,0
datacenter,1572689819954167,Florida Springs Council,2,2,2,0,0
datacenter,1151977196833581,Kyndal Rae,1,1,1,0,0
datacenter,1576979256384943,The Brighter World,1,1,1,0,0
datacenter,1583694056358958,"IPSYSTEMS, Inc.",1,1,1,0,0
datacenter,1579864850174515,Matrix Digital Security Solutions,1,1,1,0,0
datacenter,1149671156598807,Scotty Robinson,1,1,1,0,0
datacenter,1581546155723016,City Pulse,2,2,2,0,0
datacenter,1581242552728197,Rufus-Jenny Triplett,3,3,3,0,0
datacenter,1581097309340843,PR Thai Government,2,2,2,0,0
datacenter,1580845702892310,Motion,1,1,1,0,0
datacenter,1580120873326438,MarketWise,1,1,1,0,0
datacenter,1579575426553664,Akawak,1,1,1,0,0
datacenter,1577012757104428,Roxy Harrington,3,3,3,0,0
datacenter,1578483506043716,Geek Lettuce,1,1,1,0,0
datacenter,1578416740299982,Techwithrk,2,2,2,0,0
datacenter,1150872336167962,APC by Schneider Electric,4,4,4,0,0
datacenter,1577458310452798,Adam's Maintenance Services Inc,1,1,1,0,0
datacenter,1577242693055233,JUST NESH,1,1,1,0,0
datacenter,1151317406216344,Markertek - America's Broadcast Supply House,1,1,1,0,0
datacenter,1551484505444831,Charles Owens,7,7,7,0,0
datacenter,1158171145174469,Herald Nation,2,2,2,0,0
datacenter,1551221522558589,Space Centre Australia,1,1,1,0,0
datacenter,1550017802961878,Business Basics,1,1,1,0,0
datacenter,1520364035645446,Amrize,1,1,1,0,0
datacenter,1520092389800830,INFO HUB Officially ,5,5,5,0,0
datacenter,1518480979340199,PayMore Stores,1,1,1,0,0
datacenter,1518374552505272,Henry Sir ,2,2,2,0,0
datacenter,1518300916412750,Solstice Gate,4,4,4,0,0
datacenter,1518038288946691,Mass Awakening,1,1,1,0,0
datacenter,1517978712237571,The Homestead Pantry,1,1,1,0,0
datacenter,1517767715451065,PTC Computer,1,1,1,0,0
datacenter,1517137979429847,Dan Parsons,2,2,2,0,0
datacenter,1516799059637357,Job opportunities,2,2,2,0,0
datacenter,1163189191311679,"WSMV 4, Nashville",1,1,1,0,0
datacenter,1516285972703684,Legeciii ,1,1,1,0,0
datacenter,1515573766375739,Zinox Techng,1,1,1,0,0
datacenter,1163294292391848,High Proxies,9,9,9,0,0
datacenter,1515479339478783,Ron Bonner,1,1,1,0,0
datacenter,1520530055222792,United clinic,1,1,1,0,0
datacenter,1162983294905195,Paiva,2,2,2,0,0
datacenter,1162878431789201,"Equinix, Inc.",6,6,6,0,0
datacenter,1524538808880930,Kenley Windle,1,1,1,0,0
datacenter,1527094248011923,Aaron Schnepp,1,1,1,0,0
datacenter,1526103471534261,TechJuice,5,5,5,0,0
datacenter,1525883274648948,My Home Pakistan,1,1,1,0,0
datacenter,1525190198907212,Kiki HQ,1,1,1,0,0
datacenter,1524679978773531,RavNt Bhagat,1,1,1,0,0
datacenter,1162620472624139,Intercloud Limited,5,5,5,0,0
datacenter,1523999471930750,Kevin Kelly Jr.,1,1,1,0,0
datacenter,1521185335314246,Ubuntu,3,3,3,0,0
datacenter,1523907015585288,Inanna Blackstar,1,1,1,0,0
datacenter,1162759852559598,Bree Beard,1,1,1,0,0
datacenter,1522376455904053,PNG Dataco,1,1,1,0,0
datacenter,1522137751978341,Huawei,2,2,2,0,0
datacenter,1521639966142916,Elizabeth For Virginia,1,1,1,0,0
datacenter,1521590298989122,Tekendra Shah,2,2,2,0,0
datacenter,1514778773083769,Radhey Shyam राधे श्याम,2,2,2,0,0
datacenter,1514649186460960,TECNO MEP,7,7,7,0,0
datacenter,1514539117019740,Phenomica,1,1,1,0,0
datacenter,1506841936573792,Ben-Gurion University of the Negev,1,1,1,0,0
datacenter,1508286310911055,Rob Yoder,3,3,3,0,0
datacenter,1507779643864792,TierPoint,16,16,16,0,0
datacenter,1507751813886198,Dhruv Patel,1,1,1,0,0
datacenter,1428144034459205,KXLG Radio,1,1,1,0,0
datacenter,1507149983423711,CNET,1,1,1,0,0
datacenter,1506873189888777,BusinessWeek National,1,1,1,0,0
datacenter,1506736513670571,TLO,1,1,1,0,0
datacenter,1165080531357538,HDR,1,1,1,0,0
datacenter,1506576664819950,S M Mobin,2,2,2,0,0
datacenter,1165844331268639,Tazza Guide,1,1,1,0,0
datacenter,1503408380579697,Myjobmag Kenya,1,1,1,0,0
datacenter,1165868845428266,Erin Jade Baize,2,2,2,0,0
datacenter,1503295293609785,DI TUR UN POKO,1,1,1,0,0
datacenter,1503133600331272,the pitches,2,2,2,0,0
datacenter,1165129215695753,The Hidden Science,1,1,1,0,0
datacenter,1509473276648547,wiscjobs,2,2,2,0,0
datacenter,1514418415950961,Cebu Tech Solutions Corporation,3,3,3,0,0
datacenter,1512694389749742,Kaj Embren,1,1,1,0,0
datacenter,1514379303107433,Hareesh The Best Academy,3,3,3,0,0
datacenter,1163479244903992,Cisco Community,22,22,22,0,0
datacenter,1513798959737859,BritBuzz,1,1,1,0,0
datacenter,1513526716552604,John Iaccheri,2,2,2,0,0
datacenter,1512774953069960,KodeKloud,1,1,1,0,0
datacenter,1512720606403559,Okmulgee Times,5,5,5,0,0
datacenter,1163860845096429,Wilma E. Ariza,1,1,1,0,0
datacenter,1509548066495489,The Hindu Business Line,1,1,1,0,0
datacenter,1164277412409593,Cute Witty,1,1,1,0,0
datacenter,1511560756920211,Ccn360,2,2,2,0,0
datacenter,1511535063299027,Just Scroll,1,1,1,0,0
datacenter,1511126812978501,Samaa TV,2,2,2,0,0
datacenter,1510120906268297,Networkat نتوركات,1,1,1,0,0
datacenter,1164565648035501,Minnesota Daily,2,2,2,0,0
datacenter,1527746764929818,Michael Barineau,1,1,1,0,0
datacenter,1528800031596681,Sky Nightingale,3,3,3,0,0
datacenter,1528884934811999,Shihonn-Shiney Bird,1,1,1,0,0
datacenter,1540536479988543,Trung Nguyen,1,1,1,0,0
datacenter,1543155046674675,Anime 二十四,1,1,1,0,0
datacenter,1543090983977229,Insidx,1,1,1,0,0
datacenter,1158639963108630,Angela Schaeffer,1,1,1,0,0
datacenter,1542502740326597,Omrania,1,1,1,0,0
datacenter,1542298989650899,Tribune Trends,2,2,2,0,0
datacenter,1540963637317860,All Those In Favor,1,1,1,0,0
datacenter,1158972191931676,EXE Ideas,1,1,1,0,0
datacenter,1544274849665336,EU Environment,1,1,1,0,0
datacenter,1159204196066511,Dre Glean,1,1,1,0,0
datacenter,1159311538383086,Cardinal News,9,9,9,0,0
datacenter,1539826414299236,Saniur Suhad,1,1,1,0,0
datacenter,1539766420377343,Grasshopper Group,1,1,1,0,0
datacenter,1539424227406921,Clear Learn,1,1,1,0,0
datacenter,1159354209071864,Sabrina Moore,1,1,1,0,0
datacenter,1543225069703195,Tuition Solution Center گلشن کیمپس,1,1,1,0,0
datacenter,1158578082859719,Nick Wallace,1,1,1,0,0
datacenter,1538335540732639,Nick Hemphill,1,1,1,0,0
datacenter,1548405446299244,Jeremiah Knight,1,1,1,0,0
datacenter,1549674652271296,Sammy Chisholm Hatfield,2,2,2,0,0
datacenter,1549586179593638,Boland,1,1,1,0,0
datacenter,1549350802591251,Atkore,1,1,1,0,0
datacenter,1549044359147068,Bharat Pulse News,1,1,1,0,0
datacenter,1548870732603506,CBS News Texas,1,1,1,0,0
datacenter,1548770912372333,Career Guidance Council,2,2,2,0,0
datacenter,1548301603211809,Haitham Khattab,1,1,1,0,0
datacenter,1545037346351291,M5tv,1,1,1,0,0
datacenter,1547712113236480,CloudXcess.com,66,66,66,0,0
datacenter,1546764533108761,Oregon News,1,1,1,0,0
datacenter,1158191745401128,Experfy,1,1,1,0,0
datacenter,1158297552734309,Cereza,1,1,1,0,0
datacenter,1545772732670461,Mysteries Unraveled,1,1,1,0,0
datacenter,1545653506638596,Carrie Littleton,1,1,1,0,0
datacenter,1159765989460947,Dusty Robotics,2,2,2,0,0
datacenter,1538024617385179,Ir Aimable Chadrack,1,1,1,0,0
datacenter,1529222684524506,COMPUTEX TAIPEI,2,2,2,0,0
datacenter,1162037959215764,Fixed Solutions,1,1,1,0,0
datacenter,1531153630803760,DepEd Tayo Zamboanga City,1,1,1,0,0
datacenter,1531072561573535,Uniline Energy India,5,5,5,0,0
datacenter,1531023168080729,DG Daryl and Darla,1,1,1,0,0
datacenter,1530967987903936,Redchip,1,1,1,0,0
datacenter,1530740230871014,Dailypulsehub,1,1,1,0,0
datacenter,1530566364802092,Wheel & Steel,1,1,1,0,0
datacenter,1530446524658856,KS Solutions,11,11,11,0,0
datacenter,1161463668291001,Swipe next,1,1,1,0,0
datacenter,1530281468071943,Joshua Kyte for Commissioner,1,1,1,0,0
datacenter,1530266231401639,Evelyn Moore,1,1,1,0,0
datacenter,1530021341685816,Stormy Mystique,1,1,1,0,0
datacenter,1162420005175735,Alt Library Resource Center,6,6,6,0,0
datacenter,1529818194680263,Casey Klein,4,4,4,0,0
datacenter,1529669921789021,Robert Harlan,1,1,1,0,0
datacenter,1161969198355573,Geek.com,1,1,1,0,0
datacenter,1534120733988199,Elliott Davis TV,1,1,1,0,0
datacenter,1537766460456642,Autodesk Construction,1,1,1,0,0
datacenter,1536775713835525,Wevolver.com,1,1,1,0,0
datacenter,1160143395144966,Radio From Hell,1,1,1,0,0
datacenter,1537550846846588,Fares Solution,2,2,2,0,0
datacenter,1537206494001095,NijuktiOdisha,1,1,1,0,0
datacenter,1537038710647707,SEA Media Malaysia,1,1,1,0,0
datacenter,1160289019178844,Jennifer Partin,1,1,1,0,0
datacenter,1160318179396149,Stapp Group LLC,1,1,1,0,0
datacenter,1160603265139384,ABM Industries,1,1,1,0,0
datacenter,1534553811198866,Olive Blue Homestead,1,1,1,0,0
datacenter,1536519900413428,Reformed Acres ,1,1,1,0,0
datacenter,1536253257848773,Tronic Master,1,1,1,0,0
datacenter,1535862611435718,Ashley Byrd,1,1,1,0,0
datacenter,1161304741542764,Lake Expo,1,1,1,0,0
datacenter,1535794830290423,Daily Tribune,1,1,1,0,0
datacenter,1535649980890333,Harmony Haven,1,1,1,0,0
datacenter,1428357448074920,Multi Tech Info,1,1,1,0,0
datacenter,1426298965673110,Justin Eggen,1,1,1,0,0
datacenter,1427985237761757,Thai PBS World,2,2,2,0,0
datacenter,1245228696899171,APPEX,3,3,3,0,0
datacenter,1243831897410804,"City of Boulder City, NV",2,2,2,0,0
datacenter,1243925126980408,Flivv Developers,1,1,1,0,0
datacenter,1244234053265638,Zerowastestore.com,2,2,2,0,0
datacenter,1340517806926816,Business Outrank,1,1,1,0,0
datacenter,1244349853437007,David Schuman,2,2,2,0,0
datacenter,1340495271112653,Global Tech Weekend Tbilisi,1,1,1,0,0
datacenter,1339928160058618,The Tennessee Holler,1,1,1,0,0
datacenter,1339492336724134,My UP Now,1,1,1,0,0
datacenter,1339415644570282,Parker County Watchdog,20,20,20,0,0
datacenter,1338884267975635,The Digital Chef,2,2,2,0,0
datacenter,1244548370202806,Solis India,1,1,1,0,0
datacenter,1337172447811487,Muhammad Saleem Ullah Khan,1,1,1,0,0
datacenter,1336820301022117,Kimberly Dotson,1,1,1,0,0
datacenter,1336442264267254,黄小枫,1,1,1,0,0
datacenter,1336081107432274,Susie Young Baxter,1,1,1,0,0
datacenter,1341468638108520,Beisit Electric,6,6,6,0,0
datacenter,1341700946531626,NikKTech,2,2,2,0,0
datacenter,1341755730487539,Michael Parascandolo,8,8,8,0,0
datacenter,1342414263852467,EJAF Technology - Iraq,1,1,1,0,0
datacenter,1342793247638615,naukari ,1,1,1,0,0
datacenter,1240205598174875,Jack Knows,1,1,1,0,0
datacenter,1240258347955196,Environmental Air Systems,1,1,1,0,0
datacenter,1342485453076407,Civic Media,6,6,6,0,0
datacenter,1342474170562313,Suntar International Group,4,4,4,0,0
datacenter,1240646940382728,Antoinette Gollette,1,1,1,0,0
datacenter,1342370614102752,Chase Reiner,1,1,1,0,0
datacenter,1243746870888717,Land id,1,1,1,0,0
datacenter,1240866417407698,EcuaStudios,1,1,1,0,0
datacenter,1342363047533218,Chasingdinner,2,2,2,0,0
datacenter,1342320054055564,BOTS & BOSSES,1,1,1,0,0
datacenter,1342272481016946,Piya Kerdking,1,1,1,0,0
datacenter,1243505087368566,Galco,2,2,2,0,0
datacenter,1342026019834682,GCA Pakistan,1,1,1,0,0
datacenter,1335189304742137,Artificial Intelligence,1,1,1,0,0
datacenter,1334989381122763,roldangorgonio.com,3,3,3,0,0
datacenter,1251218880334218,Global Lens News,1,1,1,0,0
datacenter,1245754384386188,Whatsup AI,1,1,1,0,0
datacenter,1328807615643832,Stephanie Cannon (Wayne),4,4,4,0,0
datacenter,1328677792253539,Carly Moffa,2,2,2,0,0
datacenter,1328581447854455,Sybrid Pvt Ltd - A Lakson Group Company,1,1,1,0,0
datacenter,1328032922057593,Diane Weedling,1,1,1,0,0
datacenter,1250541630376305,Creamyposh,1,1,1,0,0
datacenter,1250804153648566,PayMore Massapequa Electronic Buyers,1,1,1,0,0
datacenter,1251086276263441,CRSPL Technologies Private Limited,1,1,1,0,0
datacenter,1326779928932147,"Landmark Construction Company, Inc.",1,1,1,0,0
datacenter,1326621878500893,Prabhudas Mandadhi,1,1,1,0,0
datacenter,1326541478877951,Winnie Winburry,1,1,1,0,0
datacenter,1326364112222292,Gregory Meriweather,1,1,1,0,0
datacenter,1326341781978886,Bernadette Schaepdryver,2,2,2,0,0
datacenter,1251192186335765,The Hood Trucker,1,1,1,0,0
datacenter,1325853435449230,Brendon Green,1,1,1,0,0
datacenter,1325166659056784,Zachary Dowell,1,1,1,0,0
datacenter,1329779438374586,Securis,2,2,2,0,0
datacenter,1330341258759128,ITexperts,7,7,7,0,0
datacenter,1330537941719861,Bariq Rifki,1,1,1,0,0
datacenter,1249272127004438,Teacher in NJ,9,9,9,0,0
datacenter,1334293688070601,The Business Rule,3,3,3,0,0
datacenter,1246105593245333,Orlando Business Journal,1,1,1,0,0
datacenter,1247302710818706,Modern InfoSite,3,3,3,0,0
datacenter,1247896347091577,Sheena Waldron,1,1,1,0,0
datacenter,1248448206464740,Fearless Fitness Club,3,3,3,0,0
datacenter,1248688223383287,AmazeShare,1,1,1,0,0
datacenter,1333763615048593,Ash Kat,1,1,1,0,0
datacenter,1330804904738413,Knight Frank India,1,1,1,0,0
datacenter,1333658658014661,Oplas Perspectives,2,2,2,0,0
datacenter,1333123788859539,Marc T. May,1,1,1,0,0
datacenter,1249774040308188,Kenny Aceves,2,2,2,0,0
datacenter,1249953870165856,ABB,1,1,1,0,0
datacenter,1331009035350226,Future Tech Finds,1,1,1,0,0
datacenter,1330870327878990,The National Real Estate Post,8,8,8,0,0
datacenter,1342964410804736,Soburr AF,1,1,1,0,0
datacenter,1343380053030952,Bloomberg,4,4,4,0,0
datacenter,1343834220283684,Turner Construction Company,1,1,1,0,0
datacenter,1344300366258887,Gator Nate,1,1,1,0,0
datacenter,1355812075115789,Amber Autry,1,1,1,0,0
datacenter,1355067209660379,Rick Jacobsen,1,1,1,0,0
datacenter,1354829015234883,Muscat Daily,1,1,1,0,0
datacenter,1354261056033257,Wendy Weir Donald,2,2,2,0,0
datacenter,1354044786444574,Orviwo ,4,4,4,0,0
datacenter,1353566286162650,Linton News,1,1,1,0,0
datacenter,1231448325784004,Hala Q Technology,1,1,1,0,0
datacenter,1232271945004976,Michelle Arellano,4,4,4,0,0
datacenter,1233532334278194,Fluke South East Asia,10,10,10,0,0
datacenter,1353261425271612,Forward Observer,1,1,1,0,0
datacenter,1353067803488704,The Knowledge Academy,2,2,2,0,0
datacenter,1352814639307702,John Carroll,1,1,1,0,0
datacenter,1352422468772610,Realty+,17,17,17,0,0
datacenter,1352135869822508,Politically Skipper,7,7,7,0,0
datacenter,1233626577919581,रोचक जानकारी,1,1,1,0,0
datacenter,1355865632713897,Online Computers,1,1,1,0,0
datacenter,1355981212717691,Democrat Alert Daily,1,1,1,0,0
datacenter,1231146722173216,Engineering Knowledge Skills,2,2,2,0,0
datacenter,1358044272507383,Carlton County Fire News,1,1,1,0,0
datacenter,1228736346011127,Thefrekiwolf,1,1,1,0,0
datacenter,1359606862371569,Frederick Yap,1,1,1,0,0
datacenter,1359462891359566,Careers Insider,1,1,1,0,0
datacenter,1230062804938713,MSI Gaming,1,1,1,0,0
datacenter,1230253805386294,In the World of Science & Technology,2,2,2,0,0
datacenter,1358189332330830,4 Bird Media,1,1,1,0,0
datacenter,1357306616260207,Myth Busted,1,1,1,0,0
datacenter,1356282178927399,Arco Aguas,1,1,1,0,0
datacenter,1356667391768405,Markets4you,5,5,5,0,0
datacenter,1356611455021351,Moawin.pk,2,2,2,0,0
datacenter,1230824165153041,The Fact Byte,1,1,1,0,0
datacenter,1230942721708393,Neha Gupta,1,1,1,0,0
datacenter,1356571631722914,Neal Jackson for NC House,1,1,1,0,0
datacenter,1356568141611937,Observer Research Foundation,1,1,1,0,0
datacenter,1351803815538733,TeslaNova,1,1,1,0,0
datacenter,1351087862249990,Swellendam Municipality - SWEMun,1,1,1,0,0
datacenter,1350871459885664,Prolink,3,3,3,0,0
datacenter,1346309656769172,Pilar Pedraza,1,1,1,0,0
datacenter,1346912052683775,Duncan Nagle,2,2,2,0,0
datacenter,1238833773957051,Uprise Pakistan,1,1,1,0,0
datacenter,1346751342690402,सच्चे देशभक्त,1,1,1,0,0
datacenter,1239149157051570,Patent Yogi,1,1,1,0,0
datacenter,1346634486786036,BitDigest News,2,2,2,0,0
datacenter,1346622240548258,utkarshhh.ai,1,1,1,0,0
datacenter,1346156100342122,Muhammadanlove,1,1,1,0,0
datacenter,1346946196647231,Asa Santiago,1,1,1,0,0
datacenter,1345912919680935,KSL NewsRadio,1,1,1,0,0
datacenter,1239775067342121,NTT DATA Middle East and Africa,1,1,1,0,0
datacenter,1345720946980607,Dawa Industrial Zone,1,1,1,0,0
datacenter,1345325504205878,Sharmajitalks2.0,1,1,1,0,0
datacenter,1344770003537747,ILonggong Hilaw,1,1,1,0,0
datacenter,1344368866756103,Tommy Robert Belcher,1,1,1,0,0
datacenter,1238668923829903,Epic Warz,1,1,1,0,0
datacenter,1347025596694840,Paraluman News,2,2,2,0,0
datacenter,1350857006206496,Ben Brown,1,1,1,0,0
datacenter,1350056683170325,Moamen Hany,1,1,1,0,0
datacenter,1234221665190520,Sayed Mohamed Abo Hafsa,1,1,1,0,0
datacenter,1350619450554799,FiberX,3,3,3,0,0
datacenter,1235352298011151,East New Britain Province e-Notice Board,1,1,1,0,0
datacenter,1350474452269802,Embassy of Japan in Canada,1,1,1,0,0
datacenter,1350357853462705,Moe Angelo,1,1,1,0,0
datacenter,1350163590510447,IUX24,1,1,1,0,0
datacenter,1236116198639644,Shopping PC Thailand,1,1,1,0,0
datacenter,1347437586689770,TG AP Realty,2,2,2,0,0
datacenter,1350006140197361,eighty83three,1,1,1,0,0
datacenter,1349891553247992,Axentec PLC,7,7,7,0,0
datacenter,1348347389149413,Market to Market,1,1,1,0,0
datacenter,1348174446840508,Prajapati Hacks,1,1,1,0,0
datacenter,1237577375082813,Kamalnurfa Property,2,2,2,0,0
datacenter,1347462436960947,Trick Welding ,1,1,1,0,0
datacenter,1251209259379063,Pace Jordan Morby,1,1,1,0,0
datacenter,1252292735976346,Hallie Shoffner,1,1,1,0,0
datacenter,1427921741188900,SochoToo,1,1,1,0,0
datacenter,1291375678943885,Chris Kuna Drive,1,1,1,0,0
datacenter,1296966992100818,Brandy Badger,7,7,7,0,0
datacenter,1296632184349109,"WGAL News Channel 8 Susquehanna Valley, Pa.",2,2,2,0,0
datacenter,1296186318503832,Jack Maclean,7,7,7,0,0
datacenter,1267792738415556,Visibility Brigade ,2,2,2,0,0
datacenter,1295864851092266,Scoopearth,9,9,9,0,0
datacenter,1295754711454352,Seven Star FX Ltd.,1,1,1,0,0
datacenter,1268696957153855,Drillage Time,1,1,1,0,0
datacenter,1269305191695360,Mohammad Zailan Haji Siwan,1,1,1,0,0
datacenter,1269878260677042,Lets learn something,2,2,2,0,0
datacenter,1294320335721709,Ali Younas,1,1,1,0,0
datacenter,1269912653684735,WBAY TV-2,1,1,1,0,0
datacenter,1273958263986548,Leebotracks,3,3,3,0,0
datacenter,1292705045392611,Sarah Catherine Panzinetti,3,3,3,0,0
datacenter,1292328181417702,CNN This Morning,1,1,1,0,0
datacenter,1275578780249000,Tara Gail Blanton,1,1,1,0,0
datacenter,1297104261983125,Legends Universe,1,1,1,0,0
datacenter,1297184262074810,Rahul Sharma Sharma,1,1,1,0,0
datacenter,1297311461995590,Yashvara Music,1,1,1,0,0
datacenter,1298454527779935,Tread Magazine,1,1,1,0,0
datacenter,1302650897994123,Chandrababu The Divine Of AP,1,1,1,0,0
datacenter,1301167918617154,Lookslikeit,1,1,1,0,0
datacenter,1265404157869673,Maitra Wealth,1,1,1,0,0
datacenter,1300642840996215,Kela Holifield,3,3,3,0,0
datacenter,1300183077994102,Lubi Electronics,1,1,1,0,0
datacenter,1299711554061955,MalaysiaNow,1,1,1,0,0
datacenter,1265681885618909,Paraluman Business,1,1,1,0,0
datacenter,1297339448026664,Viral Fun 2.0,3,3,3,0,0
datacenter,1298058882214193,Monica Germany,1,1,1,0,0
datacenter,1267170317795258,Jeremiah Lao,1,1,1,0,0
datacenter,1297803812026471,Ready Server Pte Ltd,1,1,1,0,0
datacenter,1297750998647934,24 Ghanta Nepal,6,6,6,0,0
datacenter,1267215987325159,NBC10 Philadelphia,1,1,1,0,0
datacenter,1267234371367830,NUKTA NAZAR,2,2,2,0,0
datacenter,1291377518544108,404 Media,12,12,12,0,0
datacenter,1290576488928211,Barb Wire,1,1,1,0,0
datacenter,1324345368914240,Lokesh Rana,1,1,1,0,0
datacenter,1290538652263878,Jens Patteeuw,4,4,4,0,0
datacenter,1284996999869028,Nikita Saini,4,4,4,0,0
datacenter,1284900926383303,Unwaste The Planet,16,16,16,0,0
datacenter,1278400913314928,Jay Wells,1,1,1,0,0
datacenter,1283639603428177,TIIFT Odisha ,1,1,1,0,0
datacenter,1283300050043094,Alvaro Niño,1,1,1,0,0
datacenter,1282893577221700,Helm News,2,2,2,0,0
datacenter,1282546176492734,Jesstok DadJeans,3,3,3,0,0
datacenter,1281637996505677,Jamar James,2,2,2,0,0
datacenter,1281455436273517,The Filipino Correspondent Network TFCN,1,1,1,0,0
datacenter,1278647483109814,The Anti-Trump,1,1,1,0,0
datacenter,1278746520752398,Eli Rivera,1,1,1,0,0
datacenter,1281266869811293,JE Dunn Construction,1,1,1,0,0
datacenter,1280707183656647,TV Abraham,1,1,1,0,0
datacenter,1280605519576768,Restoration Candle Company,1,1,1,0,0
datacenter,1279007617209454,Trade with Confirmation,1,1,1,0,0
datacenter,1285676559921126,Super Neat Technology Pvt Ltd.,1,1,1,0,0
datacenter,1286779792033029,NewsNation,1,1,1,0,0
datacenter,1286885552560279,Aadhunik AI,1,1,1,0,0
datacenter,1288705989621296,S Rebel Franks,1,1,1,0,0
datacenter,1290500588270246,BusinessWorld,1,1,1,0,0
datacenter,1275951466716407,Public Voice,1,1,1,0,0
datacenter,1290138899443500,Technically Humor,5,5,5,0,0
datacenter,1289956128726191,Chris Dunlap,1,1,1,0,0
datacenter,1289917529041470,Ultimatemediagambia,1,1,1,0,0
datacenter,1288989471783383,MS NOW,2,2,2,0,0
datacenter,1276474011014312,Yourfavoriteguy - Guy Christensen,4,4,4,0,0
datacenter,1277538896996382,Mohit Rathod,1,1,1,0,0
datacenter,1288621566137035,Empires Stories,1,1,1,0,0
datacenter,1288040265533415,Crockett Carothers,2,2,2,0,0
datacenter,1287654360032474,Sika India Pvt Ltd,1,1,1,0,0
datacenter,1277057417436737,Explore Science,1,1,1,0,0
datacenter,1287398136380501,Adv Prashant Mali,1,1,1,0,0
datacenter,1287364871928943,Benzinga,9,9,9,0,0
datacenter,1302663578270241,Caleb Arthur,1,1,1,0,0
datacenter,1303047331299028,the DaDaist,1,1,1,0,0
datacenter,1303728411493697,Matt Little,1,1,1,0,0
datacenter,1304181996968621,QStocks,2,2,2,0,0
datacenter,1316093096623176,Zachary Foust,1,1,1,0,0
datacenter,1315939312604572,Constructionplacements,6,6,6,0,0
datacenter,1315817599058547,NEWS9,1,1,1,0,0
datacenter,1255316363086463,Justin Krompier,1,1,1,0,0
datacenter,1256415442541941,Omar Rivero,1,1,1,0,0
datacenter,1258243321833284,ZTE Device,1,1,1,0,0
datacenter,1258460855868012,Kio Amachree,1,1,1,0,0
datacenter,1315024190087320,Victoria Smith,1,1,1,0,0
datacenter,1314794630046263,Scroll Pakistan,1,1,1,0,0
datacenter,1314792536776937,Marimer Cruz-Nieves,1,1,1,0,0
datacenter,1314762766252471,Bosz Ven Gaming,1,1,1,0,0
datacenter,1314731020115076,Bsnl Users,1,1,1,0,0
datacenter,1258963168444371,Recluta Latinoamérica,2,2,2,0,0
datacenter,1314589077116537,De'Ron Giovanni,1,1,1,0,0
datacenter,1259277549166449,Adrian Bradshaw Anderson,2,2,2,0,0
datacenter,1317963513137280,Janice Dalere Cayetano,1,1,1,0,0
datacenter,1255144982591053,Liza Presbitero,1,1,1,0,0
datacenter,1318243342540947,Austin Ayers,6,6,6,0,0
datacenter,1253708495852269,Cheryl Barkley Watchwoman,1,1,1,0,0
datacenter,1253610679947468,Projects Today,2,2,2,0,0
datacenter,1324152623133876,ChartBoom,3,3,3,0,0
datacenter,1323457759165277,Cler Patriotusa,1,1,1,0,0
datacenter,1323434996178174,Stephenie Winheim,1,1,1,0,0
datacenter,1323134592539841,Md Jihad Hassan,1,1,1,0,0
datacenter,1323036343094974,𝐉𝐮𝐬𝐭 𝐃𝐫𝐨𝐩𝐩𝐞𝐝,1,1,1,0,0
datacenter,1322264825510229,Maga animation studio,1,1,1,0,0
datacenter,1319015459599667,Kyle Smith,1,1,1,0,0
datacenter,1321580429343594,Press X Repeat,1,1,1,0,0
datacenter,1253796859307638,aamra companies,3,3,3,0,0
datacenter,1254307866657346,Everything About Canada,1,1,1,0,0
datacenter,1254395436477456,Fattani Computers - Techno City Mall,1,1,1,0,0
datacenter,1254734109898516,Austin Tucker,1,1,1,0,0
datacenter,1320362238653605,Oracle Academy,3,3,3,0,0
datacenter,1314212917451941,Derek Frees,2,2,2,0,0
datacenter,1313896273723371,Olmectic El,1,1,1,0,0
datacenter,1313856647147840,Edgar Aguero,1,1,1,0,0
datacenter,1307122927312596,Huawei IT Products & Solutions,5,5,5,0,0
datacenter,1261038528631284,Dr. Mukul Agrawal,2,2,2,0,0
datacenter,1308194574085837,Mike Carter,1,1,1,0,0
datacenter,1261041292463090,Trevor Leeper,1,1,1,0,0
datacenter,1307508766606910,"Calvert County Government, Calvert County, Maryland",1,1,1,0,0
datacenter,1307465400234555,Under Studio,1,1,1,0,0
datacenter,1261070621654385,Tech Home,2,2,2,0,0
datacenter,1261521349273265,Casey Lynn,1,1,1,0,0
datacenter,1310252849594154,Norwegian Embassy in Dublin,1,1,1,0,0
datacenter,1262649661088214,Africa Global News,1,1,1,0,0
datacenter,1263603198339077,The Art Of Dialogue,2,2,2,0,0
datacenter,1306734334725258,Beyond Our Planet,1,1,1,0,0
datacenter,1264475158160999,Bom Pedreiro,1,1,1,0,0
datacenter,1264610378795179,Bithash,13,13,13,0,0
datacenter,1304746617804428,Nicholas Roark,1,1,1,0,0
datacenter,1260900472890378,Yogesh Hotwani,1,1,1,0,0
datacenter,1310551353948637,Genaition,1,1,1,0,0
datacenter,1313197400752935,Truth Over Illusion,1,1,1,0,0
datacenter,1312341443687813,Danielle Duncan,1,1,1,0,0
datacenter,1313004226018121,Microsoft,2,2,2,0,0
datacenter,1312883783713178,Clickfluence ,1,1,1,0,0
datacenter,1312642383508293,Department of Information Technology,1,1,1,0,0
datacenter,1312421784183377,NetOne Zambia,11,11,11,0,0
datacenter,1259517895996736,Rebecca Amidon for State Senate,1,1,1,0,0
datacenter,1259637158523806,broadbandbuyer,1,1,1,0,0
datacenter,1312068886985610,EcoWorld Industrial Platform,1,1,1,0,0
datacenter,1260831472435646,Melody Knapp,1,1,1,0,0
datacenter,1259781555810684,Daniel Reed,1,1,1,0,0
datacenter,1311895737104140,Averee Stabenow,1,1,1,0,0
datacenter,1311149030738347,Mike Anderson,1,1,1,0,0
datacenter,1310666879811768,WGXA.tv,2,2,2,0,0
datacenter,1259781995081803,Coral Oil,1,1,1,0,0
datacenter,1310622399648343,Spectrum News 13,1,1,1,0,0
datacenter,1360391845450813,Vantagepoint ai,1,1,1,0,0
datacenter,1360785308779804,Paul Johnson,1,1,1,0,0
datacenter,1228721416026304,JMR,1,1,1,0,0
datacenter,1205208310647502,Warren County Record,1,1,1,0,0
datacenter,1399933355570788,MEP Engineers Club,4,4,4,0,0
datacenter,1399790950896809,Tech One Philippines,1,1,1,0,0
datacenter,1399462545659789,Tunnels,1,1,1,0,0
datacenter,1203684667774803,Rob Sharkey - The Shark Farmer,1,1,1,0,0
datacenter,1398952568092154,Learn Everyday,1,1,1,0,0
datacenter,1204205410937376,Fresco Lee,3,3,3,0,0
datacenter,1204257441838067,Jon Tuck Outdoors,4,4,4,0,0
datacenter,1398770201826492,Services Ally Recruitment & Placement,1,1,1,0,0
datacenter,1398576464701830,Adam Stone,2,2,2,0,0
datacenter,1204595090777231,RadioWest,6,6,6,0,0
datacenter,1398520847674974,Conservative Daily,1,1,1,0,0
datacenter,1204836787256683,Austin Business Journal,1,1,1,0,0
datacenter,1398417917463236,Information Technology Industry Development Agency (ITIDA),1,1,1,0,0
datacenter,1204915868319708,Nexon,1,1,1,0,0
datacenter,1205167851091458,Viti Technology Solutions Ltd,1,1,1,0,0
datacenter,1400373468253384,Stock Swing Alerts,1,1,1,0,0
datacenter,1401332943829531,Theafricandream.net,1,1,1,0,0
datacenter,1203569930815983,SAKAL Computer,1,1,1,0,0
datacenter,1403272554521006,Carolyn Barber,1,1,1,0,0
datacenter,1407479079859384,Guidance Tamil Nadu,1,1,1,0,0
datacenter,1406420880998427,Cool.kidzz13,5,5,5,0,0
datacenter,1405509767293280,Matt Breitbach,1,1,1,0,0
datacenter,1404648820629805,Tech Vision yt,1,1,1,0,0
datacenter,1403580883968028,Kananisa Kuma S.,1,1,1,0,0
datacenter,1202864464658026,Smriti Singh,1,1,1,0,0
datacenter,1403233154673467,Atomesus,1,1,1,0,0
datacenter,1203548404332697,Cape May County Herald Newspapers,1,1,1,0,0
datacenter,1403181766996643,Tamboura Tamson,3,3,3,0,0
datacenter,1402990691253540,Nexora,1,1,1,0,0
datacenter,1402944120575154,Politics Insider,1,1,1,0,0
datacenter,1402590645140797,"East Coast Water Quality, Inc",1,1,1,0,0
datacenter,1402314007157186,Webuild,1,1,1,0,0
datacenter,1402252854674395,Michåel Chéng,1,1,1,0,0
datacenter,1398342171561834,PakCover,1,1,1,0,0
datacenter,1397982884604543,Rich Semere,3,3,3,0,0
datacenter,1360787212281146,Archivist AI,1,1,1,0,0
datacenter,1397966274357110,PNGJOBSEEK,1,1,1,0,0
datacenter,1392476825550152,Low Voltage Nation,5,5,5,0,0
datacenter,1392273286291073,Zel Scroll Sagrado,1,1,1,0,0
datacenter,1392114315794298,Tara Bergschneider,1,1,1,0,0
datacenter,1391760018507221,Appalachian Prepper,29,29,29,0,0
datacenter,1391691199491275,Localboostapp LLC,1,1,1,0,0
datacenter,1207689821169901,Nathan Seaton,1,1,1,0,0
datacenter,1390424325688066,IEEE Communications Society,1,1,1,0,0
datacenter,1390376609205345,What The Fish Bro,1,1,1,0,0
datacenter,1207804160227908,NewsFlip,2,2,2,0,0
datacenter,1208484541497003,Dizaart Systems Pvt Ltd,1,1,1,0,0
datacenter,1390033829629015,StriveTech US,1,1,1,0,0
datacenter,1208494377852186,Jared Dean,1,1,1,0,0
datacenter,1209109286818484,ALPAeroflex,3,3,3,0,0
datacenter,1210095430368130,Exito Media Concepts Pvt Ltd,2,2,2,0,0
datacenter,1210389516882387,LG HVAC Solutions India,1,1,1,0,0
datacenter,1207309943992601,Channel 1 Methed Up News,1,1,1,0,0
datacenter,1206546077996026,Jill Hall Bowman,2,2,2,0,0
datacenter,1206537521130308,GenNxt,2,2,2,0,0
datacenter,1206473583872866,Bubba Wiggles,1,1,1,0,0
datacenter,1397953224457458,We Support Nationalism,1,1,1,0,0
datacenter,1397953114461773,Irish Star US,1,1,1,0,0
datacenter,1206461458014320,Pooja Wadhwa,1,1,1,0,0
datacenter,1397436534218443,News Guru,1,1,1,0,0
datacenter,1397199925097228,Bernard Lim,1,1,1,0,0
datacenter,1396643428289374,John Guru,1,1,1,0,0
datacenter,1396211451286208,Pan IIT Alumni India,2,2,2,0,0
datacenter,1393341402492956,Cassandra Meed,2,2,2,0,0
datacenter,1395935401503240,Pinas Current Affairs,2,2,2,0,0
datacenter,1395688037773011,The Lewis Brothers,3,3,3,0,0
datacenter,1395680768233066,Joel David Lauver,1,1,1,0,0
datacenter,1395000978576322,Shane Repasky,1,1,1,0,0
datacenter,1394551129072455,Chad Fluegel,1,1,1,0,0
datacenter,1393484605024316,eleobo,1,1,1,0,0
datacenter,1407724667018216,Richland Parish Data Center,1,1,1,0,0
datacenter,1408233580171644,TestFit,8,8,8,0,0
datacenter,1409712341058386,Xeero AI,2,2,2,0,0
datacenter,1410287291200117,Albertho Mercédat,1,1,1,0,0
datacenter,1423559094841190,Shawn Ryan Show,2,2,2,0,0
datacenter,1423213048750225,WebHostNepal,5,5,5,0,0
datacenter,1198058182079731,Foundry-Planet,1,1,1,0,0
datacenter,1421939375103446,nixCraft,3,3,3,0,0
datacenter,1421897848840719,Bob West,1,1,1,0,0
datacenter,1198098568231985,Star Today,1,1,1,0,0
datacenter,1198292338438168,Certified Driver,1,1,1,0,0
datacenter,1198650181858696,"LAPCO Manufacturing, Inc.",1,1,1,0,0
datacenter,1421512488431132,Beyond Borders Gazette,1,1,1,0,0
datacenter,1199282565064195,Travis & Lana On Location,1,1,1,0,0
datacenter,1421469125165346,"Jagannath Community College - JCC, Sector 3, Rohini",1,1,1,0,0
datacenter,1420125365555664,Insights Success,3,3,3,0,0
datacenter,1419788099125757,Pil Fontain,1,1,1,0,0
datacenter,1419739638710854,Sustainable Jungle,1,1,1,0,0
datacenter,1419717895309376,MMORPG.com,1,1,1,0,0
datacenter,1423656435215483,World Oil,7,7,7,0,0
datacenter,1197502831544920,Green Energy Stocks,5,5,5,0,0
datacenter,1424192349525793,Lukman Ibrahim,1,1,1,0,0
datacenter,1196482561733642,Ethioworks.com ክፍት የሥራ ቦታ በኢትዮጵያ,1,1,1,0,0
datacenter,1427905461601084,Joe Alx Felz,2,2,2,0,0
datacenter,1427574208197961,Micron Malaysia,4,4,4,0,0
datacenter,1427517984716121,Parker Hannifin,2,2,2,0,0
datacenter,1196362571827188,Ryan Grissinger,3,3,3,0,0
datacenter,1426589744727176,Red Hat,1,1,1,0,0
datacenter,1426420842426090,Behzad Hussain,1,1,1,0,0
datacenter,1196514372559177,accesso Technology Group plc,1,1,1,0,0
datacenter,1197030908285967,Daryl Wayne Horner,1,1,1,0,0
datacenter,1280000420455252,Softsasi,2,2,2,0,0
datacenter,1426227254937368,TechEBlog,2,2,2,0,0
datacenter,1426063375760474,MIXVOIP,2,2,2,0,0
datacenter,1425491351679247,Change.org,6,6,6,0,0
datacenter,1425323151662148,Arab Times Kuwait,1,1,1,0,0
datacenter,1424695358113478,PangaeaX,3,3,3,0,0
datacenter,1419241333047646,Justin Michal,1,1,1,0,0
datacenter,1199874984436580,Haley Hamilton,1,1,1,0,0
datacenter,1419152865644142,Richard只談基本面-Richard's Research Blog,3,3,3,0,0
datacenter,1412270846038817,Wedonthavetime.org,5,5,5,0,0
datacenter,1200535631316161,Wewe Job Sharing ,3,3,3,0,0
datacenter,1413065906442398,Galen Mccloud,1,1,1,0,0
datacenter,1412903969360461,The Smithville Files,3,3,3,0,0
datacenter,1201163381886181,The Cornerstone Republic,1,1,1,0,0
datacenter,1412783692937812,TBS Motion,1,1,1,0,0
datacenter,1201588938218893,Nik Colten,11,11,11,0,0
datacenter,1412116126367376,Rep. Emily Kinkead,1,1,1,0,0
datacenter,1414407506472747,Ross Valentine,4,4,4,0,0
datacenter,1202085514485525,Dahua Technology India,1,1,1,0,0
datacenter,1411260450261047,SEL Technology—Schweitzer Engineering Laboratories,2,2,2,0,0
datacenter,1411101279982873,Gail Bertrand,1,1,1,0,0
datacenter,1410956086194062,Huawei Enterprise,1,1,1,0,0
datacenter,1202860587793946,Herts Electric Egypt,1,1,1,0,0
datacenter,1410932779844435,Bitget,1,1,1,0,0
datacenter,1414285670015949,Ryan Peterson,1,1,1,0,0
datacenter,1414942313965618,IOC Services,2,2,2,0,0
datacenter,1419125939369075,Netcom Technologies Private Limited,64,64,64,0,0
datacenter,1200302580931692,Women world magazine,3,3,3,0,0
datacenter,1418696882332394,CryptoPotato,1,1,1,0,0
datacenter,1418369082213975,YSRCP Youth wing,1,1,1,0,0
datacenter,1417612440180841,Chris Cardenas,3,3,3,0,0
datacenter,1417538485505176,TraderPower,2,2,2,0,0
datacenter,1417511709170529,Pro Planet People,1,1,1,0,0
datacenter,1416671039418605,Borislava Tatchev,4,4,4,0,0
datacenter,1416614260367399,Edunation Network INDIA & Communication,1,1,1,0,0
datacenter,1415055376686721,"The Mance Law Firm, LLC",2,2,2,0,0
datacenter,1416271679456911,Facts They Don’t Teach You,1,1,1,0,0
datacenter,1416167982326585,NVIDIA India,4,4,4,0,0
datacenter,1416040672616413,VICE Life,1,1,1,0,0
datacenter,1415614666051554,Marine Insight,1,1,1,0,0
datacenter,1415412952650940,Crypto Breaking News,4,4,4,0,0
datacenter,1415061307133808,Job Vacancy page ለሥራ ፈላጊዎች ገፅ,1,1,1,0,0
datacenter,1210405666811834,Panduit,16,16,16,0,0
datacenter,1389667489407336,Space Scope ,1,1,1,0,0
datacenter,1389606142881973,Satya Vamshi Anigalla,1,1,1,0,0
datacenter,1217702732523691,County of San Luis Obispo Government,1,1,1,0,0
datacenter,1372527987603729,Cameron Wilmot,4,4,4,0,0
datacenter,1371709496747216,Mint,2,2,2,0,0
datacenter,1221666556672120,Yaya Esu,1,1,1,0,0
datacenter,1370545467612627,Channel 5 Ratchet News ,1,1,1,0,0
datacenter,1369834831341860,Mavili Elektronik Global,1,1,1,0,0
datacenter,1369506090919281,Accu Web Hosting,5,5,5,0,0
datacenter,1367469438148916,Khedcity,11,11,11,0,0
datacenter,1222315075964615,MilesWeb,2,2,2,0,0
datacenter,1222393565591516,Javelin Trackdays,1,1,1,0,0
datacenter,1222767372268585,Sanchit Vir Gogia,2,2,2,0,0
datacenter,1223447735327013,PINSOL,1,1,1,0,0
datacenter,1367384298158150,Stephanie Chinaecherem Stephanie,1,1,1,0,0
datacenter,1366877870617174,Daily Chronicle - Shaw Local,3,3,3,0,0
datacenter,1366483784877297,Titan Computers,2,2,2,0,0
datacenter,1366429345503173,Website Design Company in Dubai,1,1,1,0,0
datacenter,1220851655589672,Solis Southeast Asia,1,1,1,0,0
datacenter,1373055740695236,Fahad Hussain,1,1,1,0,0
datacenter,1373192350917842,Istiaque Ahmed Bhuiyan,1,1,1,0,0
datacenter,1219530316774251,Software Solutions BD,4,4,4,0,0
datacenter,1375452007589728,Markets4you Philippines,4,4,4,0,0
datacenter,1375437483770402,Paulette Yvette Clark,5,5,5,0,0
datacenter,1218998702482746,StartupCity India,6,6,6,0,0
datacenter,1375389007267398,Down Inna Desert,1,1,1,0,0
datacenter,1219254363386396,Highland Oak Farm,1,1,1,0,0
datacenter,1375336394122577,Occupational Safety And Health - National And International Standards,1,1,1,0,0
datacenter,1374573114101487,Redhat Linux,1,1,1,0,0
datacenter,1373903704478763,Teslahubs community,1,1,1,0,0
datacenter,1595855512266116,Sun Networking Academy,2,2,2,0,0
datacenter,1374064350016882,SaveDelete.com,3,3,3,0,0
datacenter,1374030134373648,Dan4Frederick,32,32,32,0,0
datacenter,1219903673515373,Rob Stone,1,1,1,0,0
datacenter,1220543295769475,Embassy of Switzerland in Qatar,1,1,1,0,0
datacenter,1220562532889291,The Auspol Bulletin,1,1,1,0,0
datacenter,1366333848328916,Hourly Times,1,1,1,0,0
datacenter,1366326408386312,Champion India,1,1,1,0,0
datacenter,1223907132860387,Neil Collins,1,1,1,0,0
datacenter,1362155988340568,Robert Kalil,2,2,2,0,0
datacenter,1226036245901013,Electric Vehicle Talks,1,1,1,0,0
datacenter,1363466595286591,Molesrcool,1,1,1,0,0
datacenter,1227250206020345,مجموعة طلال أبوغزاله - مكتب اليمن,3,3,3,0,0
datacenter,1362433441428173,Tech Destination Pakistan,1,1,1,0,0
datacenter,1362393351954932,Bullhouse Investment ,1,1,1,0,0
datacenter,1227577004882156,Roswell Daily Record,1,1,1,0,0
datacenter,1227773318264820,Hack Training,1,1,1,0,0
datacenter,1225588745269787,shashank_udupa,1,1,1,0,0
datacenter,1228025472405695,FP McCann,1,1,1,0,0
datacenter,1361905535636532,Tecomsa,3,3,3,0,0
datacenter,1228586419414836,Cathy Slattery,2,2,2,0,0
datacenter,1228647425469079,Alex Phan,1,1,1,0,0
datacenter,1361854766107459,Daniellekirkxx,1,1,1,0,0
datacenter,1361066568974170,"AuricCore

",2,2,2,0,0
datacenter,1225665522962466,NOW WHAT,3,3,3,0,0
datacenter,1363686531872542,Yint Money,1,1,1,0,0
datacenter,1365671744547586,"We Fix Stupid Computers - Lynlinks Technologies, Inc.",1,1,1,0,0
datacenter,1364587588520264,Limitless Stories,5,5,5,0,0
datacenter,1224642715455173,Yusuke Kusuyama,2,2,2,0,0
datacenter,1365193428310762,Tigers Fighting Mk,1,1,1,0,0
datacenter,1365061197886005,Wealthy Mind,1,1,1,0,0
datacenter,1364976345815327,Algérie Télécom Business,10,10,10,0,0
datacenter,1364748141312465,Lee Minho's appliance store pero air fryer lang tinda,1,1,1,0,0
datacenter,1364659928672555,Hosting Review,1,1,1,0,0
datacenter,1364488801510047,Jessica Turner,1,1,1,0,0
datacenter,1363731835735507,Brands Kahani,2,2,2,0,0
datacenter,1364410620945680,Fort Worth Report,1,1,1,0,0
datacenter,1364352354150273,Weird History,1,1,1,0,0
datacenter,1364317514241854,ASTIG.PH,1,1,1,0,0
datacenter,1364204448115849,PMY Collector,1,1,1,0,0
datacenter,1224920595915545,Science Express,2,2,2,0,0
datacenter,1364200341678092,Milana Rice,1,1,1,0,0
datacenter,1375701259983791,TV5 Kannada,1,1,1,0,0
datacenter,1375717527237603,The Fact Vault,1,1,1,0,0
datacenter,1389465056231627,Full Line,1,1,1,0,0
datacenter,1217641516084708,GTS - Glory For Technology Services,1,1,1,0,0
datacenter,1214434883052543,Greater Birmingham Humane Society,1,1,1,0,0
datacenter,1214455900438855,Joseph Furnari,1,1,1,0,0
datacenter,1385287575485355,Troostwijk Auctions,1,1,1,0,0
datacenter,1385201275687362,Fortinet,3,3,3,0,0
datacenter,1384985739125127,BAY AREA MEMES,1,1,1,0,0
datacenter,1384879089552227,Robert Williams,5,5,5,0,0
datacenter,1384660206458162,Gamer Burnout,1,1,1,0,0
datacenter,1384593555907281,Dr Aamir Nazir,1,1,1,0,0
datacenter,1384494872817328,Ashish Gulgulia,1,1,1,0,0
datacenter,1384287306603904,Kotha Srinivas Reddy,1,1,1,0,0
datacenter,1383588259218891,Analytics India Magazine,1,1,1,0,0
datacenter,1383490820416923,Rice Brothers,1,1,1,0,0
datacenter,1383413143783115,KS Keo,2,2,2,0,0
datacenter,1214470106846252,SI TechWorld,1,1,1,0,0
datacenter,1382991047129533,Digital Help Desk,1,1,1,0,0
datacenter,1385844830073566,Rocque Perez,1,1,1,0,0
datacenter,1385933866670407,Tangible Macro,1,1,1,0,0
datacenter,1385947316497146,Lekan Adewumi Cfr,1,1,1,0,0
datacenter,1386936235241420,OTV News,2,2,2,0,0
datacenter,1211215963795784,Lars Ling,1,1,1,0,0
datacenter,1389274605487498,Toni Gordon,1,1,1,0,0
datacenter,1388676186227773,Louie Conway,5,5,5,0,0
datacenter,1388660286566425,CTDistri Inc.,7,7,7,0,0
datacenter,1387409529717105,Eeanimation,1,1,1,0,0
datacenter,1387190543321715,TECAM,20,20,20,0,0
datacenter,1386907365305220,Catswithhardhats,1,1,1,0,0
datacenter,1385962298947539,SKT Themes,1,1,1,0,0
datacenter,1211830056457438,PCMag,2,2,2,0,0
datacenter,1212542763813394,Holy Cross College English Language Club,1,1,1,0,0
datacenter,1212774520499506,Archer's Freedom Wall,1,1,1,0,0
datacenter,1214057786629449,Danfoss,28,28,28,0,0
datacenter,1386147465371930,Crain's Detroit Business,1,1,1,0,0
datacenter,1214103016666055,Growing Gainesville,1,1,1,0,0
datacenter,1214893133368418,Gtel Store,1,1,1,0,0
datacenter,1382836486772544,Zach Kwik,1,1,1,0,0
datacenter,1214945689490765,Accountability Is Trending,1,1,1,0,0
datacenter,1378757940580179,Engineering Vision 3D,1,1,1,0,0
datacenter,1379612752694241,NetApp,1,1,1,0,0
datacenter,1379555926381801,Moreno Neurospicy News,4,4,4,0,0
datacenter,1379435686115837,FOX4 News Kansas City,2,2,2,0,0
datacenter,1379362796945357,marketingpool.in,1,1,1,0,0
datacenter,1378954227040267,Caster.FM,1,1,1,0,0
datacenter,1378861699416674,D-Link,1,1,1,0,0
datacenter,1217144023772504,Upgrade Guy Tech UGT ,1,1,1,0,0
datacenter,1380069819365881,Nang Htike Aung,1,1,1,0,0
datacenter,1377932646161812,Pakistan Jobs Information,3,3,3,0,0
datacenter,1376965347551689,Aiforgez,1,1,1,0,0
datacenter,1376121696598499,Digital India,1,1,1,0,0
datacenter,1217582553520387,Jeffrey Lambert,1,1,1,0,0
datacenter,1375960629999696,Washington Examiner,4,4,4,0,0
datacenter,1375726460265322,Mankah Karine,1,1,1,0,0
datacenter,1380044689606682,Microsoft Africa,1,1,1,0,0
datacenter,1216962190312810,Ben McCalla,1,1,1,0,0
datacenter,1382791440284533,Jared Alvarado,1,1,1,0,0
datacenter,1215319533742861,Christopher Litteral,1,1,1,0,0
datacenter,1382730090245298,Grade Tech Power Services,1,1,1,0,0
datacenter,1382359266627876,Tania Merida,1,1,1,0,0
datacenter,1382357609136144,Mohammad Khairul Islam,1,1,1,0,0
datacenter,1382138609634586,Garfield James Patterson,1,1,1,0,0
datacenter,1381744845875428,Lenovo UK and Ireland,1,1,1,0,0
datacenter,1381683663297761,Tuxera,1,1,1,0,0
datacenter,1381057035850482,Arctic Today,4,4,4,0,0
datacenter,1216573026228997,VBC ON TV,1,1,1,0,0
datacenter,1380804453656539,Fizaa Dosani,1,1,1,0,0
datacenter,1215799033801291,Auwalu Adamu Yobe State,1,1,1,0,0
datacenter,1380341769617120,Sanchita basu fan,1,1,1,0,0
datacenter,1380263633466029,NexGen Steel,1,1,1,0,0
datacenter,1216494693334627,Miners Market,1,1,1,0,0
datacenter,1380164005913493,Inc42,2,2,2,0,0
datacenter,1374439380236524,Yash Phatak,1,1,1,0,0
datacenter,12502237141426,Justinthenickofcrime,1,1,1,0,0
datacenter,1596331664550740,General Dynamics Mission Systems,2,2,2,0,0
datacenter,2858078871056383,Muhammad Ali Offical2.0,1,1,1,0,0
datacenter,2893217997696800,Mr Rocket Man,1,1,1,0,0
datacenter,2892538850903006,Ngugi Muigai,1,1,1,0,0
datacenter,2890883181270374,SIMEC System Ltd.,1,1,1,0,0
datacenter,2889868451207683,Daily Dose,1,1,1,0,0
datacenter,2886586191537990,Sarah Michelle Miller,1,1,1,0,0
datacenter,2882851605202184,Daniel Klaes,1,1,1,0,0
datacenter,2881926455331476,Dustin Fox,1,1,1,0,0
datacenter,2880005625723715,Yokshas Channel,1,1,1,0,0
datacenter,2843862225791129,Beyond Headlines,1,1,1,0,0
datacenter,2902259373296199,Pirmin Hegg,1,1,1,0,0
datacenter,2839129173053043,MOSArt Labs,1,1,1,0,0
datacenter,2838728332990626,Foreman Pro Cleaning,1,1,1,0,0
datacenter,2833983893653972,Sec8Baby,1,1,1,0,0
datacenter,2833371110359750,Nomark.project,1,1,1,0,0
datacenter,2822921311421318,Aladin Light Box,1,1,1,0,0
datacenter,2820789308091543,ស្ដេហ្វេន ហ្គេបហាត,1,1,1,0,0
datacenter,2813831085434323,TrendAI,4,4,4,0,0
datacenter,2807727592757637,"ZTE Philippines, Inc.",1,1,1,0,0
datacenter,2899919506874702,DanaPani,1,1,1,0,0
datacenter,2905930729584422,Gurjit Singh Chahal,1,1,1,0,0
datacenter,3012717199116372,Sonoran Rosie,1,1,1,0,0
datacenter,2982054591951071,Marco Edward,3,3,3,0,0
datacenter,3007906062740785,Bola Olatunji,1,1,1,0,0
datacenter,3004104519798902,Cleaneasycharts,1,1,1,0,0
datacenter,2999845033737651,Jason Poulos,3,3,3,0,0
datacenter,2996398967187580,Igor Kryan,4,4,4,0,0
datacenter,2993577511003512,Diskloop,3,3,3,0,0
datacenter,2989371667918068,Mohamed Yousry El-Masry,1,1,1,0,0
datacenter,2986832498192581,Techie Munnu,2,2,2,0,0
datacenter,2983908221809079,Pak news,1,1,1,0,0
datacenter,2975928135946528,OuCraze,1,1,1,0,0
datacenter,2932222133629783,Mister Analyst,1,1,1,0,0
datacenter,2974394839400333,Mac Carter,1,1,1,0,0
datacenter,2970580976616915,React with Rashid,1,1,1,0,0
datacenter,2963921847101366,Velcro Brand,1,1,1,0,0
datacenter,2959637087512904,Michigan News Source,1,1,1,0,0
datacenter,2954344004707394,Dr. Drew,1,1,1,0,0
datacenter,2944766459016428,QNAP,4,4,4,0,0
datacenter,2938933496246530,MSI Server,27,27,27,0,0
datacenter,2938179656570265,Jonathan Murphy,1,1,1,0,0
datacenter,2784433185085334,AK Motivate ,5,5,5,0,0
datacenter,2783547112015956,Matt Fox for State Senate,2,2,2,0,0
datacenter,2780566525470148,William Garrett,1,1,1,0,0
datacenter,2610308026004958,Bri Dineen ,2,2,2,0,0
datacenter,2629808164030700,Swastikam Vidya,1,1,1,0,0
datacenter,2627645394255417,Dustin Marques,1,1,1,0,0
datacenter,2626338820860317,Beyond Headlines,1,1,1,0,0
datacenter,2625161497654796,David Lat,1,1,1,0,0
datacenter,2624107774427570,"RedChip Companies, Inc.",4,4,4,0,0
datacenter,2614307388736527,Windows Central,2,2,2,0,0
datacenter,2613999118961654,Konaseema143loves,1,1,1,0,0
datacenter,2610741629287573,Money Bates,1,1,1,0,0
datacenter,2606421946362208,Jade Talks Crime,1,1,1,0,0
datacenter,2773737596291209,Seekho Bharat,2,2,2,0,0
datacenter,2604457333078470,Mr. Ernest Crim III,7,7,7,0,0
datacenter,2600322206994940,Truth Unlocked,1,1,1,0,0
datacenter,2598314160543517,Five Headed Angel - The Sequel,1,1,1,0,0
datacenter,2596263837199238,KPMG India,1,1,1,0,0
datacenter,2592818607556030,Status Is Down,1,1,1,0,0
datacenter,2590901654587352,Ray Younghans,1,1,1,0,0
datacenter,2588120181356861,Sushant University,1,1,1,0,0
datacenter,2584511971917523,The Startup Journey,1,1,1,0,0
datacenter,2632573503600955,Taryl Fixes All,1,1,1,0,0
datacenter,2636449146538120,Wilson County Now,2,2,2,0,0
datacenter,2640269412849083,Codee Yount,1,1,1,0,0
datacenter,2651401628584690,Maga Trumper,1,1,1,0,0
datacenter,2767942123358130,ሓበሬታ - Habereta,1,1,1,0,0
datacenter,2765998640415534,Joshua Duran,2,2,2,0,0
datacenter,2738641939650390,Evelio Silvera,4,4,4,0,0
datacenter,2737937483036523,Lumi News Malaysia,1,1,1,0,0
datacenter,2735857827232901,Rothschild D. Arian,1,1,1,0,0
datacenter,2732320690308989,นพนันท์ นาคพันธ์,1,1,1,0,0
datacenter,2724987074320332,Offshore,3,3,3,0,0
datacenter,2722600304746077,Cristina Bruno,1,1,1,0,0
datacenter,2715219945321037,ADATA,1,1,1,0,0
datacenter,2709754956026566,Marco Kazandjieff,1,1,1,0,0
datacenter,2707535206066141,Harvard John A. Paulson School of Engineering and Applied Sciences,2,2,2,0,0
datacenter,2698827163817643,Greg Smith,1,1,1,0,0
datacenter,2698437307024529,TechnoThinkers,1,1,1,0,0
datacenter,2690881351259600,Nico Laganiere,5,5,5,0,0
datacenter,2685055814995031,CWG Africa,1,1,1,0,0
datacenter,2678623402482427,Dark Facts Hub,1,1,1,0,0
datacenter,2669830096503358,Malaysiakini,2,2,2,0,0
datacenter,3009767192493558,Guardian US,7,7,7,0,0
datacenter,3014322552072335,The Bearded Traveling Veteran,3,3,3,0,0
datacenter,3645385929063541,Money Facts,1,1,1,0,0
datacenter,3406503829657895,Schneider Electric,1,1,1,0,0
datacenter,3480287815468541,The Steel Pony,1,1,1,0,0
datacenter,3475813655905562,Two Cats Creatives,1,1,1,0,0
datacenter,3472721262988614,GotStockTips,2,2,2,0,0
datacenter,3459756554167245,Gaatha-A Tale Of Crafts,1,1,1,0,0
datacenter,3433606053449504,Ampacity,2,2,2,0,0
datacenter,3426563820984944,Soukhin,1,1,1,0,0
datacenter,3423017164655620,Science Explorist,1,1,1,0,0
datacenter,3406691959629481,Ministry of Earth Sciences Government of India,1,1,1,0,0
datacenter,3390905271205881,Angela Brown,1,1,1,0,0
datacenter,3519907391476958,Cullen Andrew,48,48,48,0,0
datacenter,3371280539689784,Johnjaran Tawa,2,2,2,0,0
datacenter,3362408340721677,Mega Machina,1,1,1,0,0
datacenter,3359512844229022,Dreams Network & Technology (Pvt) Ltd,17,17,17,0,0
datacenter,3336257733193920,Pappi  rani,1,1,1,0,0
datacenter,3327916187355619,XeonBD,5,5,5,0,0
datacenter,3325295581111858,Kuwait Inside Z,2,2,2,0,0
datacenter,3301397500035904,AI Mastery ,1,1,1,0,0
datacenter,3300149930148383,"Gamerz Nation: Gaming Lounge, Mods and PCs",3,3,3,0,0
datacenter,3513779722194178,Parler,1,1,1,0,0
datacenter,3525729877680318,Louisiana Delta Community College,1,1,1,0,0
datacenter,3039457632927796,Amber Ford,1,1,1,0,0
datacenter,3598513763720531,NashVegas.com,2,2,2,0,0
datacenter,3637856836438005,Insider,24,24,24,0,0
datacenter,3635724376706110,R A Consulting Services - RACS,13,13,13,0,0
datacenter,3631563410451750,KitGuru,2,2,2,0,0
datacenter,3629701027282473,DPR Construction,2,2,2,0,0
datacenter,3626871940933695,Bigul.co,1,1,1,0,0
datacenter,3611193375814864,No Brainer Containers,1,1,1,0,0
datacenter,3603609509774965,Daily Scoop,1,1,1,0,0
datacenter,3602348683343943,FOX 17,1,1,1,0,0
datacenter,3596339670638732,The Exepreneur,5,5,5,0,0
datacenter,3529767317247010,Clarksdale Press Register,1,1,1,0,0
datacenter,3588916244760045,NOAA Fisheries New England/Mid-Atlantic,1,1,1,0,0
datacenter,3577715409224619,Newsradio 560 KPQ,1,1,1,0,0
datacenter,3567094763530251,Spiceworks,1,1,1,0,0
datacenter,3566029117039659,News Update,1,1,1,0,0
datacenter,3555645924745232,Aware Ness Advocacy Change,3,3,3,0,0
datacenter,3555328954722004,HWM Philippines,1,1,1,0,0
datacenter,3541365569510986,WMTV 15 News,1,1,1,0,0
datacenter,3538992503042213,The A.V. Club,1,1,1,0,0
datacenter,3289802374550279,Minnesota Now,1,1,1,0,0
datacenter,3275915456041668,FOX6's Jason Calvi,1,1,1,0,0
datacenter,3274310592878342,Slona North,3,3,3,0,0
datacenter,3098056370397186,Mads Mortensen,1,1,1,0,0
datacenter,3136942996483164,Kiley Delgado-w,1,1,1,0,0
datacenter,3124933054309169,TYT Network,1,1,1,0,0
datacenter,3118260351697343,UnlimitedCharters,1,1,1,0,0
datacenter,3116584598539089,B2C Digital,1,1,1,0,0
datacenter,3114501392032416,The 216 Scoop,1,1,1,0,0
datacenter,3109630595999826,Free Online Courses With Certificates,1,1,1,0,0
datacenter,3105683976232651,International Islamic University Chittagong,1,1,1,0,0
datacenter,3101018073405984,Tonya Patterson Davis,1,1,1,0,0
datacenter,3094867344018549,David Stepania,1,1,1,0,0
datacenter,3270472659764459,Everllence,1,1,1,0,0
datacenter,3085208551686051,Barrett James,1,1,1,0,0
datacenter,3073382212859457,Earth Under Siege,1,1,1,0,0
datacenter,3070614983094491,xFusion Global,2,2,2,0,0
datacenter,3069992293388377,Dubai Secret,1,1,1,0,0
datacenter,3055930217875735,Sara Matthieu,1,1,1,0,0
datacenter,3052289451575143,Olayinka Adebayo,3,3,3,0,0
datacenter,3047540545635692,Atypical Outdoors,1,1,1,0,0
datacenter,3046042058932020,Victoria Doyle,1,1,1,0,0
datacenter,3139695596190100,B P Refcool,1,1,1,0,0
datacenter,3141505619365453,Poojitha Burja Mandal,1,1,1,0,0
datacenter,3143675525825227,Historiq,1,1,1,0,0
datacenter,3150174531826830,Aadil Punhana,1,1,1,0,0
datacenter,3270221419783347,Donna Lipscomb,4,4,4,0,0
datacenter,3253685411456313,Rhonda Gordon Johnson,1,1,1,0,0
datacenter,3247629012061774,Elyse Wilson,1,1,1,0,0
datacenter,3238137933002559,Saud Virendra,1,1,1,0,0
datacenter,3238134839685577,Aspen Custom Trailers,1,1,1,0,0
datacenter,3234949130143093,WPDE ABC15,1,1,1,0,0
datacenter,3227906887368455,Johnny Dangerously,2,2,2,0,0
datacenter,3210788435748499,Martin Apagu,10,10,10,0,0
datacenter,3210037425872467,Blacksheep Original Intelligence ,1,1,1,0,0
datacenter,3208499032787943,Tom Skilling,1,1,1,0,0
datacenter,3201094396767160,Weird Fact,1,1,1,0,0
datacenter,3192529034225305,IEEE Young Professionals,1,1,1,0,0
datacenter,3191105091196510,ynet Global,6,6,6,0,0
datacenter,3190074701127406,Mehwish Salman Ali,8,8,8,0,0
datacenter,3186913434820398,Crusoe,1,1,1,0,0
datacenter,3173840236257313,Startup Dubai Recorder,1,1,1,0,0
datacenter,3158955787568739,Creature Trending,1,1,1,0,0
datacenter,2584201488426440,EE Journal,1,1,1,0,0
datacenter,2579267135781546,International Data Link Inc.,10,10,10,0,0
datacenter,2572914476247318,"Amkor Technology, Inc.",5,5,5,0,0
datacenter,2258871507859737,Kaunda AI,1,1,1,0,0
datacenter,2270849917097868,AMCO,1,1,1,0,0
datacenter,2269701983784872,Dazeplex,1,1,1,0,0
datacenter,2268214876845350,Fat Patty and Snappy Bass,1,1,1,0,0
datacenter,2267653780415515,Marc Sallinger,2,2,2,0,0
datacenter,2264798930381802,Caroline Lucas,1,1,1,0,0
datacenter,2261992050965418,Ben Rayfield,1,1,1,0,0
datacenter,2260175901130031,Read And Scroll,1,1,1,0,0
datacenter,2259753801138409,Christina Denney,1,1,1,0,0
datacenter,2246481739215566,Yarima Page,1,1,1,0,0
datacenter,2275889693220689,Sopheap-Translator ,1,1,1,0,0
datacenter,2244301296073658,Musa Maaji Yakubu,1,1,1,0,0
datacenter,2242680346196576,Phoenix Moon,1,1,1,0,0
datacenter,2242342483284973,Raghavendra Rao Bondada,3,3,3,0,0
datacenter,2242298446139763,NewsBreak24,1,1,1,0,0
datacenter,2240370359769441,One & done electric inc,2,2,2,0,0
datacenter,2237115707144698,Muhammad Omair Ahmed,1,1,1,0,0
datacenter,2235871580162017,Mahaveer Singh,1,1,1,0,0
datacenter,2234228400694367,Untold USA History,1,1,1,0,0
datacenter,2271268910053751,Shopkees.com,2,2,2,0,0
datacenter,2276084593146579,Sayan Sornpoon,1,1,1,0,0
datacenter,2564725463946871,OTECH Technologies,1,1,1,0,0
datacenter,2296765384021224,Velcro Brand,1,1,1,0,0
datacenter,2310824616007002,Katie Elizabeth Hill,1,1,1,0,0
datacenter,2309293489533312,Chris Madden,1,1,1,0,0
datacenter,2308543232924815,CS INFO FACTS,1,1,1,0,0
datacenter,2306580679846648,Bobcancount,2,2,2,0,0
datacenter,2306160389581968,"Dar al-Hikmah Library, IIUM",2,2,2,0,0
datacenter,2303952650417847,Plonkman99,1,1,1,0,0
datacenter,2303784536639764,PinPics,1,1,1,0,0
datacenter,2296974037738987,Firdhyan Adhi Lesmana,1,1,1,0,0
datacenter,2292450297859717,360influencemedia,2,2,2,0,0
datacenter,2278596522532808,"1,000,000 Strong Against Offshore Drilling",6,6,6,0,0
datacenter,2292144817625122,Business Insider,25,25,25,0,0
datacenter,2288722451548411,Hemonto TV,2,2,2,0,0
datacenter,2286698271797392,Susan Yoder,1,1,1,0,0
datacenter,2284515785383768,Webnestify,1,1,1,0,0
datacenter,2283037172131548,Knowledge Is Power,1,1,1,0,0
datacenter,2281294725981880,Devulapalli Homes,1,1,1,0,0
datacenter,2281189402219207,Business Honor,1,1,1,0,0
datacenter,2280404485789243,Iqutech,1,1,1,0,0
datacenter,2234189340740915,IEWC,1,1,1,0,0
datacenter,2233858990429893,Tracy Denise,1,1,1,0,0
datacenter,2231001251011752,Topkrete sdn bhd,1,1,1,0,0
datacenter,2179062635808698,Speyeral Threadz,2,2,2,0,0
datacenter,2193450051226799,EastOklahoma.com - Oklahoma’s News Source,2,2,2,0,0
datacenter,2192306467815486,The World Libertarians Want,1,1,1,0,0
datacenter,2191716011238680,KMHARS FIBER,3,3,3,0,0
datacenter,2189111391595849,Study Facts,1,1,1,0,0
datacenter,2186120365508880,Follow FinanceNews,3,3,3,0,0
datacenter,2185327208570231,Hanuman Ram,2,2,2,0,0
datacenter,2183719761964730,MyWorld Careers Myanmar,1,1,1,0,0
datacenter,2183228715378382,Madison the City,1,1,1,0,0
datacenter,2172857936779156,IChem,1,1,1,0,0
datacenter,2228922094193470,Kimberly Bradford,10,10,10,0,0
datacenter,2170597129979177,Movie Bazzar,1,1,1,0,0
datacenter,2161003394473193,AICashForge,1,1,1,0,0
datacenter,2159790617727423,BICSI,6,6,6,0,0
datacenter,2157948297993976,Houses D'Ambrosio,1,1,1,0,0
datacenter,2150916582505704,Deep Dive Marketing,1,1,1,0,0
datacenter,2149212018760945,Daniel Young,1,1,1,0,0
datacenter,2149004119332804,Proxyssite,2,2,2,0,0
datacenter,2148332772175439,Wenatchee World,3,3,3,0,0
datacenter,2195330200841319,Max Dutton,3,3,3,0,0
datacenter,2195773970784580,Almost Canon Podcast,1,1,1,0,0
datacenter,2196906504216985,Amar Times,1,1,1,0,0
datacenter,2197049797454362,Geopulse Intel,1,1,1,0,0
datacenter,2227075387721937,Arabian Jerusalem Equipment Trading Company LLC,1,1,1,0,0
datacenter,2226668204483675,Beaver County Stockyards,1,1,1,0,0
datacenter,2224714611329255,Kim Hollingshead,1,1,1,0,0
datacenter,2222574954763312,DRM News,2,2,2,0,0
datacenter,2216232218730210,Bali Expat,1,1,1,0,0
datacenter,2207514239790014,Profit Path,2,2,2,0,0
datacenter,2207306096347511,Pj Tinsley,1,1,1,0,0
datacenter,2207300439664847,Brendon Dubroc,1,1,1,0,0
datacenter,2206560656212843,Rapid Pakistan,1,1,1,0,0
datacenter,2205447116454566,SMC Global,1,1,1,0,0
datacenter,2205122119999890,Olongapo Times ,1,1,1,0,0
datacenter,2203023703238471,ASUS,5,5,5,0,0
datacenter,2203010926897486,Animation Move,1,1,1,0,0
datacenter,2201470493659435,Rob Thompson,1,1,1,0,0
datacenter,2200482034135217,HostBuyBD,1,1,1,0,0
datacenter,2200464850442480,Bill Coleman,1,1,1,0,0
datacenter,2200246006993243,Accessnorthga,17,17,17,0,0
datacenter,2311666972536880,Paul Turner,1,1,1,0,0
datacenter,2312279812534250,bdwebs.com,1,1,1,0,0
datacenter,2314691442293373,Automation Alley,1,1,1,0,0
datacenter,2474620182997930,AI Biz Catalyst,1,1,1,0,0
datacenter,2489804218057618,Jennifer Christine,1,1,1,0,0
datacenter,2489700944557489,Unearthly Enigmas ,1,1,1,0,0
datacenter,2487817484908857,Tony Mormino,5,5,5,0,0
datacenter,2486769295039584,Predictoons,1,1,1,0,0
datacenter,2486723018195772,The White Hatter,1,1,1,0,0
datacenter,2481304038871605,Schneider Electric,1,1,1,0,0
datacenter,2477384339115003,Megan Ellyia Green,1,1,1,0,0
datacenter,2476023342762165,Rick Doyle,2,2,2,0,0
datacenter,2474252422746483,Karobar TV,3,3,3,0,0
datacenter,2431316134024789,CoreMind Valut,1,1,1,0,0
datacenter,2473147303059662,Nest of Wisdom,1,1,1,0,0
datacenter,2469928673353728,Alison Morrow,1,1,1,0,0
datacenter,2468740753305435,Ethio Addis Jobs,1,1,1,0,0
datacenter,2464936730625586,I Love You Ms,1,1,1,0,0
datacenter,2461632887558128,"City of Cheyenne, Wyoming - Government",1,1,1,0,0
datacenter,2446081312268961,Dhurba dasie73,1,1,1,0,0
datacenter,2445713129130168,Deborah Williams,1,1,1,0,0
datacenter,2442217579531699,DivineDesign,1,1,1,0,0
datacenter,2493469274147683,Fastnetmon LTD,8,8,8,0,0
datacenter,2493730947476926,Delta Electronics India,40,40,40,0,0
datacenter,2494394524348137,Jaime Mitchell - Exposing the Truth ,2,2,2,0,0
datacenter,2495210410873623,Israfeel Masum,1,1,1,0,0
datacenter,2555464301493902,Kumar Butsu,1,1,1,0,0
datacenter,2552151735227478,Viral Vision,1,1,1,0,0
datacenter,2539892553063051,Heidi K Eckblad,1,1,1,0,0
datacenter,2536310453400721,Active Careers ,6,6,6,0,0
datacenter,2535191603526352,Ethical Hacking,1,1,1,0,0
datacenter,2533989590316751,Victor M. Christiansenn,1,1,1,0,0
datacenter,2531947173836980,Stephanie Elmore,1,1,1,0,0
datacenter,2520808328091555,Education Department & Government Employees News,1,1,1,0,0
datacenter,2514935568885922,Resume Genius,1,1,1,0,0
datacenter,2514696765400481,Powerledger,1,1,1,0,0
datacenter,2513732079014435,Zoho,1,1,1,0,0
datacenter,2510035742757290,The Morning Node,1,1,1,0,0
datacenter,2510014042702813,YouTube Subscribers,1,1,1,0,0
datacenter,2503689870093326,บริษัท เอเคซี ออลล์ จำกัด ถังน้ำมัน,1,1,1,0,0
datacenter,2503080723397849,Meghann Miller,1,1,1,0,0
datacenter,2501687173507192,Sparc Systems Ltd,3,3,3,0,0
datacenter,2495960124127872,Syed Sherjeel Al-Haddad,2,2,2,0,0
datacenter,2436988306511200,My Grandfather’s Road,1,1,1,0,0
datacenter,2427372940778913,Will Jawando,2,2,2,0,0
datacenter,2315518139193928,Denise Jiménez,1,1,1,0,0
datacenter,2335198533590405,WATT Renewable Corp.,1,1,1,0,0
datacenter,2371295573303045,Premium RDP,1,1,1,0,0
datacenter,2369719046862704,TrosCoid,1,1,1,0,0
datacenter,2365068587247287,Ai Everything MEA,1,1,1,0,0
datacenter,2360401607679676,Ruthie ,1,1,1,0,0
datacenter,2356496028089444,Brian Menard,1,1,1,0,0
datacenter,2353036332192089,Nelson Gaete,1,1,1,0,0
datacenter,2344271092701957,Giridhar Chilumula,1,1,1,0,0
datacenter,2336841093181656,GotoGulf,1,1,1,0,0
datacenter,2332514617199951,MAX 360,1,1,1,0,0
datacenter,2424327357972491,Dvelop AI,1,1,1,0,0
datacenter,2329075177510716,Heart of Ohio News,1,1,1,0,0
datacenter,2327972074068283,FWISD Watchdog,1,1,1,0,0
datacenter,2327002067783286,John Goldsmith,3,3,3,0,0
datacenter,2326207667838888,Electrical Engineering Technology,1,1,1,0,0
datacenter,2325841977765797,Waupaca County Post,1,1,1,0,0
datacenter,2323247748479237,Burton Biohacking ,1,1,1,0,0
datacenter,2320481625080083,CloudPe,2,2,2,0,0
datacenter,2316991015426283,Freezlit Games,1,1,1,0,0
datacenter,2378983992516977,Melvin Robinson,2,2,2,0,0
datacenter,2380573055485945,Oscar Promotion,2,2,2,0,0
datacenter,2384407051991607,themvp.in,2,2,2,0,0
datacenter,2385827208274332,Palo Alto College,1,1,1,0,0
datacenter,2417444792340876,Sajjad Haider,1,1,1,0,0
datacenter,2412440135633744,NewsX,2,2,2,0,0
datacenter,2410430852728443,Sohartu Shamim Voice,1,1,1,0,0
datacenter,2409910062536809,Newsflix Bharat,1,1,1,0,0
datacenter,2408149416227317,Robert de Buys,1,1,1,0,0
datacenter,2405895612943771,Center for Biological Diversity,2,2,2,0,0
datacenter,2404551653381295,Infinite Minds AI,1,1,1,0,0
datacenter,2402578683437812,Juba Global News Network,1,1,1,0,0
datacenter,2402004183569701,Zee Czar Will,1,1,1,0,0
datacenter,2401233310294287,Intelligent Investor,1,1,1,0,0
datacenter,2400932400285507,Forbiddenknowledg,1,1,1,0,0
datacenter,2397473643945667,Levi Nichs,1,1,1,0,0
datacenter,2396128763904201,ANAROCK,2,2,2,0,0
datacenter,2390506254677602,ArabOverclockers,1,1,1,0,0
datacenter,2389153964794445,Ascentpro,1,1,1,0,0
datacenter,2388892337978911,Open Khabar,1,1,1,0,0
datacenter,2388218668044582,WVOW Radio,3,3,3,0,0
datacenter,3640891632837852,Gerron Jordan TV,1,1,1,0,0
datacenter,3652393644996127,Huawei Singapore,4,4,4,0,0
datacenter,1596614151115581,Digitalshala,1,1,1,0,0
datacenter,8174336902603415,Iwandi,2,2,2,0,0
datacenter,8433654063385431,"AIT, Inc.",4,4,4,0,0
datacenter,8395324317157330,PMN Fiji,1,1,1,0,0
datacenter,8367601726609571,Radical Cloud Solutions,1,1,1,0,0
datacenter,8354956811202662,Sika USA,1,1,1,0,0
datacenter,8330123373671247,Hughes Systique Corporation,1,1,1,0,0
datacenter,8250377231684312,Hyra Network,2,2,2,0,0
datacenter,8210000429069754,"WZTV FOX 17 News, Nashville",4,4,4,0,0
datacenter,8204069942950339,Tech Viral,1,1,1,0,0
datacenter,8147445798603076,Jess Craven 101,2,2,2,0,0
datacenter,8502191246557898,Nuong Faalong,1,1,1,0,0
datacenter,8113184178743483,Knowledge Observer,4,4,4,0,0
datacenter,8110582452308721,Jobskillshare Tech Training,3,3,3,0,0
datacenter,8058287530850988,Intelligent Investor,1,1,1,0,0
datacenter,7954231051293155,CSL Training,1,1,1,0,0
datacenter,7932063930149026,Ware Malcomb,1,1,1,0,0
datacenter,7925316700885097,Unified Fire Authority,1,1,1,0,0
datacenter,7919189311424900,Coins.ph,1,1,1,0,0
datacenter,7891497367538515,Pakistan Embassy Ireland,1,1,1,0,0
datacenter,8485879001450242,Club of Mozambique,2,2,2,0,0
datacenter,8549533138457004,Matthew M. Cameron,1,1,1,0,0
datacenter,9618906994857545,Memphis Raines,2,2,2,0,0
datacenter,9312106838871688,Tiffany Ann Snapp,1,1,1,0,0
datacenter,9562907483731446,Investment Ka Funda,1,1,1,0,0
datacenter,9560969947303035,Nadeem Shahzad,1,1,1,0,0
datacenter,9532594003431813,The News Analytics Herald,1,1,1,0,0
datacenter,9486783381373931,Buchanan Hauling & Rigging,1,1,1,0,0
datacenter,9476847102336353,Stock Nepal,6,6,6,0,0
datacenter,9469652806397492,Host Master Web,6,6,6,0,0
datacenter,9367801296575324,Lisie Hospital,1,1,1,0,0
datacenter,9338544469599697,Natalie Gossett,4,4,4,0,0
datacenter,9261991950561649,Mr_zero_kills,1,1,1,0,0
datacenter,8620390431415559,The Piedmont Raging Grannies,3,3,3,0,0
datacenter,9205183456197935,Joshua Moroles,4,4,4,0,0
datacenter,9182127675154889,Trendy Traders,1,1,1,0,0
datacenter,9099775123478981,Digicrome - School of Data Science,1,1,1,0,0
datacenter,8965776123466334,stanzi potenza,1,1,1,0,0
datacenter,8833997749954714,LEE Global Diskless,1,1,1,0,0
datacenter,8739549952828910,The CEO Magazine,8,8,8,0,0
datacenter,8718760578139480,San Diego Web Cam,5,5,5,0,0
datacenter,8640652302718458,Rachel Hurley,2,2,2,0,0
datacenter,7888393751223221,Tuxler Free Residential Vpn,2,2,2,0,0
datacenter,7885249711532599,Maritime Global News,1,1,1,0,0
datacenter,7848281765288917,Blackriver Art Gallery,1,1,1,0,0
datacenter,7241205535971188,Orange Education,1,1,1,0,0
datacenter,7366100190094620,Assocham,4,4,4,0,0
datacenter,7330582180397763,Black Indy LIVE,1,1,1,0,0
datacenter,7312914515496033,Dr. Laura Cisneros for State Representative HD-38,1,1,1,0,0
datacenter,7297990626937075,Daily Sun,3,3,3,0,0
datacenter,7293865930664371,Realty NXT,13,13,13,0,0
datacenter,7292019397486084,Business Matters Magazine,1,1,1,0,0
datacenter,7251736388235263,Amy Lynn's Voice-Overs,1,1,1,0,0
datacenter,7241639632605800,Battalion SAR,1,1,1,0,0
datacenter,7235863566508784,NateintheWild,1,1,1,0,0
datacenter,7832719130087769,Schneider Electric,6,6,6,0,0
datacenter,7227567567355916,Shacknews,2,2,2,0,0
datacenter,7216815361753190,DrayTek,1,1,1,0,0
datacenter,7191304367650470,Distill Social,7,7,7,0,0
datacenter,7189800177731284,PwC India,1,1,1,0,0
datacenter,7186332411466988,"Solar SME, Inc.",2,2,2,0,0
datacenter,7181691531915642,GadgetsNow,1,1,1,0,0
datacenter,7169069913129026,S&P Global,8,8,8,0,0
datacenter,7166844846688692,uPolitics,1,1,1,0,0
datacenter,7378966845476385,Sindh Madadgar Sangat نوڪرين بابت ڄاڻ سنڌ  مددگار سنگت,1,1,1,0,0
datacenter,7428242567294324,Social Media Today,3,3,3,0,0
datacenter,7431262976980054,Asia Leadership Roundtable,5,5,5,0,0
datacenter,7449549801759694,Technovalley - Advanced Knowledge Services,1,1,1,0,0
datacenter,7814053348637833,North Dakota Information Technology - NDIT,1,1,1,0,0
datacenter,7813259495369808,StockBeats,2,2,2,0,0
datacenter,7743606652360619,Startupreneur,1,1,1,0,0
datacenter,7686665908034377,Remy W. Anders,1,1,1,0,0
datacenter,7685490068130114,HWM Malaysia,1,1,1,0,0
datacenter,7682830938435664,Pheben Kassahun,1,1,1,0,0
datacenter,7670121953071406,Kentucky Welding Institute LLC,1,1,1,0,0
datacenter,7668592203172043,Gaia Polyhymnia,1,1,1,0,0
datacenter,7612932415438316,Stephen Acorn,1,1,1,0,0
datacenter,7545922268773541,Pennsylvania House Democrats,12,12,12,0,0
datacenter,7528880077188477,Elizabeth April,1,1,1,0,0
datacenter,7516774761758311,GP Tech Stories in Kannada ಜಿಪಿ ಟೆಕ್ ಸ್ಟೋರೀಸ್ ಕನ್ನಡದಲ್ಲಿ,19,19,19,0,0
datacenter,7505187569533698,Stilettos & Shotguns,2,2,2,0,0
datacenter,7483773958394148,Entrelligence,1,1,1,0,0
datacenter,7475939122504751,Marlbo Trading Company,3,3,3,0,0
datacenter,7469113253107234,𝐀𝐒𝐈𝐀 𝐓𝐕 Digital  British Network 24/7-𝐔𝐊,1,1,1,0,0
datacenter,7459436740769051,The Korea Daily,1,1,1,0,0
datacenter,9564755883581879,Atalou Microsystem,1,1,1,0,0
datacenter,9730733256969460,Raya InformationTechnology,6,6,6,0,0
datacenter,3654129204850570,Mr Money TV,1,1,1,0,0
datacenter,25531596996477798,9Proxy,1,1,1,0,0
datacenter,26027937093503678,Shannon Capps,1,1,1,0,0
datacenter,25961905793455664,Huawei Enterprise,1,1,1,0,0
datacenter,25909674498643350,Georgia News,1,1,1,0,0
datacenter,25898218219794899,The Ai Ledger,1,1,1,0,0
datacenter,25891512730450006,Khurram Anwar Dha Plus,1,1,1,0,0
datacenter,25783954927883173,MinersMe,2,2,2,0,0
datacenter,25690097124016776,DeJon Paris,1,1,1,0,0
datacenter,25649095364689023,Black Warrior Riverkeeper,5,5,5,0,0
datacenter,25525610823718248,Erna Gold,2,2,2,0,0
datacenter,27165815589743613,Coin Bureau,1,1,1,0,0
datacenter,25524622663854041,GISA Council For Security Research and Education,2,2,2,0,0
datacenter,25464918703118107,Thady Holmes,1,1,1,0,0
datacenter,25460229730322256,Sharif Ahammed,1,1,1,0,0
datacenter,25451457964451299,Jordan Hayes,1,1,1,0,0
datacenter,25439501968977959,Chad DuBois,10,10,10,0,0
datacenter,25406579772298035,Cautron Live,1,1,1,0,0
datacenter,25395962626755896,BritPulse,1,1,1,0,0
datacenter,25354747514140377,Crossworks,11,11,11,0,0
datacenter,26828621993488246,DebateHer,1,1,1,0,0
datacenter,27212608398374140,Earth Signal,1,1,1,0,0
datacenter,9811934605539080,Metra,4,4,4,0,0
datacenter,28968936382706168,Mahesh Malle,1,1,1,0,0
datacenter,36969191662728662,RGM Transport,1,1,1,0,0
datacenter,35866774309580022,Reality Check,3,3,3,0,0
datacenter,33369930689317020,ClickCura,1,1,1,0,0
datacenter,33365323583066067,Yulia Dedvukaj,1,1,1,0,0
datacenter,32300677149531848,Installersph,1,1,1,0,0
datacenter,30664744736473096,Brian Goldfarb,1,1,1,0,0
datacenter,29400189289628210,Yadanoo,1,1,1,0,0
datacenter,29110373915274237,Ebokify,4,4,4,0,0
datacenter,28467271139532522,Data Recovery Egypt,1,1,1,0,0
datacenter,27267660969580645,Astro vibes,1,1,1,0,0
datacenter,28464357133212170,Matthew Wolf Thompson,1,1,1,0,0
datacenter,28225225420429280,Tech Stack ,2,2,2,0,0
datacenter,27922067724066828,DCI TECH USA,2,2,2,0,0
datacenter,27840287635582461,PMB Aluminium Sdn Bhd,2,2,2,0,0
datacenter,27639796662369981,Dual login Browser,1,1,1,0,0
datacenter,27568440769432176,Firmament Solutions LLC,1,1,1,0,0
datacenter,27539971832328105,Alsard Fiber ئەلسەرد فایبەر السرد فايبر,1,1,1,0,0
datacenter,27289759640697449,د خوست مرکزي کثیرالرشتوي انسټیټیوټ,1,1,1,0,0
datacenter,25349602084660385,Ajit Rajbhar,1,1,1,0,0
datacenter,25255066444098796,Bryce Tippe,1,1,1,0,0
datacenter,25207497245584532,Mike Schultz,1,1,1,0,0
datacenter,24084892301133142,Tine Foster,1,1,1,0,0
datacenter,24628036533556704,Matthew Vaughn,1,1,1,0,0
datacenter,24490475043943337,Ballestar Milagrosa Russelle,1,1,1,0,0
datacenter,24465019179865505,Tech Hub,1,1,1,0,0
datacenter,24456076980664695,Blake Urmos,1,1,1,0,0
datacenter,24315949628101786,Girlholic.,1,1,1,0,0
datacenter,24287431594190359,Carl Stanton Jr.,1,1,1,0,0
datacenter,24154555304243439,uCompares.com,12,12,12,0,0
datacenter,24102316379364563,Qazi Investments,3,3,3,0,0
datacenter,24017801667863598,The National Desk - TND,1,1,1,0,0
datacenter,25201560212873709,Assamese Trader Poli,2,2,2,0,0
datacenter,24006842388961275,IJR Presents,2,2,2,0,0
datacenter,23987828017531595,KPRC2 Amy Davis,3,3,3,0,0
datacenter,23954823200874457,Brett Kenyon,1,1,1,0,0
datacenter,23951336601137562,Great Northern Discussions,3,3,3,0,0
datacenter,23909060248782762,Wepsol,14,14,14,0,0
datacenter,9977333888964248,Bored Brainz,1,1,1,0,0
datacenter,9850163471763983,Paulo Bogado,3,3,3,0,0
datacenter,9844286368940524,Brilliant Epoxy Floors,3,3,3,0,0
datacenter,24651796397819696,The Gist,1,1,1,0,0
datacenter,24683672981275047,Johnathan Ward,1,1,1,0,0
datacenter,24725896313764347,Gebeya,3,3,3,0,0
datacenter,24750713074522511,Felicia Wheatley,1,1,1,0,0
datacenter,25187298910895967,CEO India Magazine,1,1,1,0,0
datacenter,25180856668264587,PowerBay Pty Ltd,1,1,1,0,0
datacenter,25156956487241856,Symetri USA,1,1,1,0,0
datacenter,25121774384145025,Xavier Wagner Trades ,5,5,5,0,0
datacenter,25089396777396006,Vinton Voice,1,1,1,0,0
datacenter,25010366968650831,Brady Wells,1,1,1,0,0
datacenter,24989665710637318,Kekoaopololū Kealoha,1,1,1,0,0
datacenter,24981843384793847,93.1 JACK FM,1,1,1,0,0
datacenter,24961405996860262,Cody Easterling,10,10,10,0,0
datacenter,24916517101297923,Yusuf Yakubu Yusuf,1,1,1,0,0
datacenter,24911758971842332,dekhasambalpur,1,1,1,0,0
datacenter,24910395581905771,Kolton Hightower,1,1,1,0,0
datacenter,24908108398834636,ProPublica,1,1,1,0,0
datacenter,24860468403576143,Kirttan Shah,1,1,1,0,0
datacenter,24830056299963810,Alimcforever,2,2,2,0,0
datacenter,24766717999591926,Daily Discoveries,2,2,2,0,0
datacenter,24752438804449069,Berkshire Hathaway HomeServices Select Properties,1,1,1,0,0
datacenter,7165101166930860,Penny Swan Political Activist News and Views,2,2,2,0,0
datacenter,7164321903616809,Infosecurity Magazine,1,1,1,0,0
datacenter,7153602448093535,Wildcat Country - Big Blue Nation,1,1,1,0,0
datacenter,3856283331303267,Corporate Manpower Services India - DUAA Group,1,1,1,0,0
datacenter,3911571672494585,Max Goldwasser,1,1,1,0,0
datacenter,3903655786588722,Cummins Egypt - EiM,6,6,6,0,0
datacenter,3877829025831055,Rivalxfactor,2,2,2,0,0
datacenter,3871829136473980,Chomar Unitrade,1,1,1,0,0
datacenter,3870136479972350,NCN Guyana,1,1,1,0,0
datacenter,3867536493518671,Dez Blanchfield,12,12,12,0,0
datacenter,3866603343631931,D-Link,1,1,1,0,0
datacenter,3860750234165951,Rosa Gomez-Hernandez,1,1,1,0,0
datacenter,3853218408223150,Unicompex,2,2,2,0,0
datacenter,3923395094636090,Haq Pakistan,1,1,1,0,0
datacenter,3848905255390785,Wilo Group,2,2,2,0,0
datacenter,3841121059539643,Alexander Kruel,10,10,10,0,0
datacenter,3839067942988917,Convergence India,4,4,4,0,0
datacenter,3832543673698718,Toilet Time TV,6,6,6,0,0
datacenter,3829992773942848,Delta Electronics Thailand,5,5,5,0,0
datacenter,3826793190900272,Tawar-e-Pakistan,1,1,1,0,0
datacenter,3818168558497191,Duddilla Sridhar Babu,1,1,1,0,0
datacenter,3813625132285384,Chibson USA,1,1,1,0,0
datacenter,3920169401455997,VnExpress International,1,1,1,0,0
datacenter,3924295971115101,Michael Management Corporation,1,1,1,0,0
datacenter,7148669361830525,Negros Daily Bulletin,1,1,1,0,0
datacenter,3989049687982392,Avatar Productions ,2,2,2,0,0
datacenter,4045460735690872,The Political Camel,1,1,1,0,0
datacenter,4038146913142400,Context Corner,2,2,2,0,0
datacenter,4032448700351333,Lisa Marie Graham,1,1,1,0,0
datacenter,4028255854095656,SRK Analytics & Consulting ,1,1,1,0,0
datacenter,4025150434425349,Alex Rivera Paz,1,1,1,0,0
datacenter,4015037995394431,Things,4,4,4,0,0
datacenter,3997856807196371,Matthew Rian Winterhawk,6,6,6,0,0
datacenter,3992557964401528,Anthony Hudson,1,1,1,0,0
datacenter,3977617249168460,Norden Communication,7,7,7,0,0
datacenter,3931244610529965,Femtech Information Technology,1,1,1,0,0
datacenter,3976658202630082,Flashnet Tanzania,3,3,3,0,0
datacenter,3965999636984462,Atique Rehaman,1,1,1,0,0
datacenter,3954898361466047,Kaushik Sirkar,1,1,1,0,0
datacenter,3945476775721157,ATFX Africa,1,1,1,0,0
datacenter,3939623219625459,Business Bytes Lahore,1,1,1,0,0
datacenter,3937036389763606,Rafe Carlson,1,1,1,0,0
datacenter,3934703893464075,Ashish Sangroula,1,1,1,0,0
datacenter,3933484916938197,The Everlasting Gospel,2,2,2,0,0
datacenter,3811421175805475,Beauty Of Usa,2,2,2,0,0
datacenter,3811404265788329,Viztiq,5,5,5,0,0
datacenter,3809484315848122,Sebastian-Grayson / TeamWealthgoals,1,1,1,0,0
datacenter,3694653454085180,Mitrade,1,1,1,0,0
datacenter,3712186699065123,Watch Out Cumberland County NC,1,1,1,0,0
datacenter,3709914312631258,Wilkine Brutus,1,1,1,0,0
datacenter,3709356392665639,Bríd Smith,1,1,1,0,0
datacenter,3709350149385546,Spotted Teignmouth Original,1,1,1,0,0
datacenter,3706050946341863,Govt Jobs In Pakistan Hunny,1,1,1,0,0
datacenter,3705361393044450,Nutanix,13,13,13,0,0
datacenter,3704561963112000,VOP News STL,1,1,1,0,0
datacenter,3703140146577581,Santo Pietro Di Benedetto,3,3,3,0,0
datacenter,3689891561140945,Hamza Khalid ,2,2,2,0,0
datacenter,3809185689322129,GadgetMotor,1,1,1,0,0
datacenter,3688163844832803,OREL IT,1,1,1,0,0
datacenter,3685203335109020,Both Sides News ,1,1,1,0,0
datacenter,3683100291939661,Galaxy Backbone Limited,2,2,2,0,0
datacenter,3678314192444495,Huawei,3,3,3,0,0
datacenter,3675628816046564,Business Review,1,1,1,0,0
datacenter,3666854830246536,Women for Justice - MidWest Region,1,1,1,0,0
datacenter,3658676161067870,The Andrew Burr Group,1,1,1,0,0
datacenter,3656109814687631,Global News Pulse,1,1,1,0,0
datacenter,3721930738135308,Mechanical Engineering world,8,8,8,0,0
datacenter,3726781044265644,Sherzod Shermatov,1,1,1,0,0
datacenter,3727142700838877,Innovationvillage,2,2,2,0,0
datacenter,3731063967175197,Bible In A Year Online,1,1,1,0,0
datacenter,3804474786529462,James Bighomieram Ramsey,1,1,1,0,0
datacenter,3790425857888351,TNN,1,1,1,0,0
datacenter,3790091351203420,Usman Farooq,1,1,1,0,0
datacenter,3783817688501430,Balvir Singh,3,3,3,0,0
datacenter,3777256252533659,Hello Entrepreneurs,7,7,7,0,0
datacenter,3772335953031393,ScreenVerse,5,5,5,0,0
datacenter,3771305959859704,Reese Waters,3,3,3,0,0
datacenter,3771172476506113,Entrepreneurkarthik,1,1,1,0,0
datacenter,3769114056704212,AME - School of Engineering,1,1,1,0,0
datacenter,3767223483508265,Aura Land Marketing,1,1,1,0,0
datacenter,3766569266890551,Daniel Lawson,1,1,1,0,0
datacenter,3759475634316139,Myblog,1,1,1,0,0
datacenter,3746523712291613,Gulf Energy Development,1,1,1,0,0
datacenter,3745451619034505,CircuitBread,1,1,1,0,0
datacenter,3742807355989916,SZABIST,1,1,1,0,0
datacenter,3736259790028593,Extreme Networks,1,1,1,0,0
datacenter,3731614123716680,Divine IT Limited,1,1,1,0,0
datacenter,4063930917261764,SUNON India,1,1,1,0,0
datacenter,4069008326747943,WLNN - Last News Network ,1,1,1,0,0
datacenter,4072019036273638,Wonder Flavours,1,1,1,0,0
datacenter,4610651849216588,𝙶𝚘𝚍 Grace,1,1,1,0,0
datacenter,6678285358907355,The Justice Guy,2,2,2,0,0
datacenter,6583467758426132,منتدى خبراء تكنولوجيا المياه,1,1,1,0,0
datacenter,6571053349690137,Starseed Astrology,1,1,1,0,0
datacenter,6520886298024099,KGWN TV,2,2,2,0,0
datacenter,6334863339949622,Forward Kenosha,9,9,9,0,0
datacenter,6069070349861488,WFMZ,4,4,4,0,0
datacenter,5358164384307843,YusukeKusuyama - 楠山祐輔,2,2,2,0,0
datacenter,4686432638249998,Admin disk,1,1,1,0,0
datacenter,4593652184288698,Gregory Specks,1,1,1,0,0
datacenter,4396771313920494,SRX Studio,1,1,1,0,0
datacenter,4581788978719054,Rob Shambro,1,1,1,0,0
datacenter,4579591429030128,Oya,2,2,2,0,0
datacenter,4576315179280984,Robin Ooi,2,2,2,0,0
datacenter,4561874564165216,Not Sorry Comedy,1,1,1,0,0
datacenter,4545542715688525,Nova Flex,1,1,1,0,0
datacenter,4521155728205638,Alvin Alexander ONeal,2,2,2,0,0
datacenter,4498613087018321,Hurricane Electric,24,24,24,0,0
datacenter,4449213678729127,Wehnes Electric LLC,1,1,1,0,0
datacenter,6692541834134064,Mashable India,3,3,3,0,0
datacenter,6698230766941293,Afro-American Newspapers,3,3,3,0,0
datacenter,6723951867727813,Resist Persist,3,3,3,0,0
datacenter,6763338517067784,TribLive,4,4,4,0,0
datacenter,7123757664409493,Laura Flanders & Friends,2,2,2,0,0
datacenter,7110942985595875,"Charlotte County, Florida Government",1,1,1,0,0
datacenter,7091196870928161,Cisco,4,4,4,0,0
datacenter,7071783786247219,CIMSS,1,1,1,0,0
datacenter,7031143793617707,Indian Startup News,20,20,20,0,0
datacenter,7028568550598069,My 2nd Home Dubai,1,1,1,0,0
datacenter,7028550430594452,"Wasco Electric Cooperative, Inc.",1,1,1,0,0
datacenter,7027923687301878,Filipinos in Germany,3,3,3,0,0
datacenter,7007854435915997,Bloomberg Opinion,2,2,2,0,0
datacenter,6976071745837680,"Symbiosis Institute of Business Management - SIBM, Pune",1,1,1,0,0
datacenter,6974226949362203,Anthony Brian Logan - ABL,1,1,1,0,0
datacenter,6973632176076626,The Augusta Press,1,1,1,0,0
datacenter,6958162797628723,Sandeep Naik,1,1,1,0,0
datacenter,6933519206757835,Anonymous News Network,1,1,1,0,0
datacenter,6891697297595633,Todd Kunz,9,9,9,0,0
datacenter,6847233605388249,Career Compass,1,1,1,0,0
datacenter,6798740066884955,The Blue Truth,1,1,1,0,0
datacenter,4401546450119006,Storaket Architectural Studio,1,1,1,0,0
datacenter,4381775945476387,Dafty With A Drone,1,1,1,0,0
datacenter,4084513158474174,Hybrid Technology Solutions-HTS,12,12,12,0,0
datacenter,4134623760091177,Jason Carson,1,1,1,0,0
datacenter,4208749792736992,Tyler Landry,1,1,1,0,0
datacenter,4206744776224930,Josh Wheeler,1,1,1,0,0
datacenter,4185481131782650,Wethonic Financial Services Pvt Ltd,1,1,1,0,0
datacenter,4183511541933324,Waltzinthestreet,4,4,4,0,0
datacenter,4166308506949125,Blair Tony,1,1,1,0,0
datacenter,4147503685463579,Tool Time Tricks,1,1,1,0,0
datacenter,4147394722217761,Antdepinto,1,1,1,0,0
datacenter,4140359249620399,DrNoble Arya,1,1,1,0,0
datacenter,4131641063725431,Thedailystockmarket,1,1,1,0,0
datacenter,4349433228672369,Valerie BlockRomero,1,1,1,0,0
datacenter,4129872554001426,Abubakar Ibn Usman Nguru,1,1,1,0,0
datacenter,4127525144226916,Md. Shamim Hassan,1,1,1,0,0
datacenter,4109045772688848,Jeetujayson Raju,2,2,2,0,0
datacenter,4107959002850904,Sabra Fisher,2,2,2,0,0
datacenter,4104015879840308,Space Explorer Hub ,1,1,1,0,0
datacenter,4098771723689451,Contractor Focus - Acuity Insurance,1,1,1,0,0
datacenter,4092669677673202,Onlive Server Private Limited,16,16,16,0,0
datacenter,4084524965112182,Suzie Wilson,4,4,4,0,0
datacenter,4208784689401163,Paul Berger,1,1,1,0,0
datacenter,4224303987813758,Pentens Malaysia,2,2,2,0,0
datacenter,4235698030089861,Brett Henry,5,5,5,0,0
datacenter,4238290579787843,Urdu  I.T  Academy,1,1,1,0,0
datacenter,4331517157082745,Curtis Lovejoy,1,1,1,0,0
datacenter,4323977921222679,Cassandra Llamas,1,1,1,0,0
datacenter,4303324006573323,Rosales Lissa,1,1,1,0,0
datacenter,4296389530591828,Pentacle IT Solutions Private Limited,1,1,1,0,0
datacenter,4293178501006372,Falcon Services,1,1,1,0,0
datacenter,4292696320993964,Mining #Shorts,9,9,9,0,0
datacenter,4281324658747572,John Rogan,1,1,1,0,0
datacenter,4281112898834402,Scott Daniel Ellison,1,1,1,0,0
datacenter,4276245372699471,The Clueless 2,1,1,1,0,0
datacenter,4266956253589650,John Felch,8,8,8,0,0
datacenter,4265564457046585,Chandra Howard,1,1,1,0,0
datacenter,4265260843793172,Bj Humphrey,2,2,2,0,0
datacenter,4264535887125158,PC Dynamics,1,1,1,0,0
datacenter,4258092787806664,World Affairs Hub.,3,3,3,0,0
datacenter,4256265901314385,Abd El-Hamid Hassan,1,1,1,0,0
datacenter,4246083665669289,Aigra Maticimages,1,1,1,0,0
datacenter,4243354162653646,Jess Shay,1,1,1,0,0
datacenter,2146191346122927,Jack Knows,1,1,1,0,0
datacenter,2145944332578032,VIZAG4U,1,1,1,0,0
datacenter,2144979049588529,Smart Finance Guide,1,1,1,0,0
datacenter,1739878316730571,Mateus Marina,1,1,1,0,0
datacenter,1741250873086189,DreamFactory Software Inc.,2,2,2,0,0
datacenter,1740976456505101,Darin Mae Mahinay,2,2,2,0,0
datacenter,1740718453269771,NTR,1,1,1,0,0
datacenter,1740626040284337,Pushpesh Singh,1,1,1,0,0
datacenter,1740571939957346,Angela Hoffer,4,4,4,0,0
datacenter,1739956060657508,Bullseyetrades ,1,1,1,0,0
datacenter,1739925576520723,Delegate Daniel Linville,1,1,1,0,0
datacenter,1739894653379359,Abiy Tefera,1,1,1,0,0
datacenter,1738571496571172,710 KURV - The Valley's News/Talk Station,2,2,2,0,0
datacenter,1742102443238424,TechTrib.com,2,2,2,0,0
datacenter,1738020770244277,Jolly Roger,1,1,1,0,0
datacenter,1737728550447863,Chiranjeevi Kumar,1,1,1,0,0
datacenter,1737376987148993,Mary Todd Boone,11,11,11,0,0
datacenter,1736864707042492,James Justice,1,1,1,0,0
datacenter,1736146140656745,LaVon Clack,1,1,1,0,0
datacenter,1733535687576083,Inc Business,1,1,1,0,0
datacenter,1733436473833656,Cumberland on patrol Raw,1,1,1,0,0
datacenter,1732852670693660,Pakistan Narrative ,1,1,1,0,0
datacenter,1741604029837790,Grand Pcd Group of Companies,2,2,2,0,0
datacenter,1742726877168058,Atticus Goods,3,3,3,0,0
datacenter,1751399198898716,Softcrayons,1,1,1,0,0
datacenter,1746881306073225,James Curran,1,1,1,0,0
datacenter,1750274599254011,Manitowoc Minute,2,2,2,0,0
datacenter,1749463488859061,Democracy Dies in Darkness,1,1,1,0,0
datacenter,1749045709122310,Christian Hiscock,1,1,1,0,0
datacenter,1748457788998150,Linda Traitz,1,1,1,0,0
datacenter,1747523249966417,Jekathfibertronics,3,3,3,0,0
datacenter,1747476843066510,WILCO TX Insider,3,3,3,0,0
datacenter,1747251285710758,ARC El Paso,2,2,2,0,0
datacenter,1747038819532362,Thank Your Garden,2,2,2,0,0
datacenter,1746376312473005,MediaTek,8,8,8,0,0
datacenter,1743320613193808,Mike Baue,1,1,1,0,0
datacenter,1745701123300178,Minesoftruth,1,1,1,0,0
datacenter,1745549592848134,Syrotech Networks,22,22,22,0,0
datacenter,1745282789346560,ABB,1,1,1,0,0
datacenter,1745043722864003,Thanh Hoang,2,2,2,0,0
datacenter,1744451322701180,Wisconsin Conservation Voters,1,1,1,0,0
datacenter,1744210849638083,Jaden Dancey,1,1,1,0,0
datacenter,1743645649580638,Click ITS,1,1,1,0,0
datacenter,1743620063088760,Gates News,3,3,3,0,0
datacenter,1732399020588459,Youngstown Studio,9,9,9,0,0
datacenter,1732067621167145,Limestone Digital,1,1,1,0,0
datacenter,1731908873956420,The Hill Events,1,1,1,0,0
datacenter,1708851516683835,CTO Robotics Media,1,1,1,0,0
datacenter,1717356529102384,TVH Group,1,1,1,0,0
datacenter,1716171182223477,Wisconsin Right Now,4,4,4,0,0
datacenter,1715663009103181,Computer Guide,1,1,1,0,0
datacenter,1715356356508362,NewsX,1,1,1,0,0
datacenter,1712537289553989,Πανεπιστήμιο Κρήτης- University of Crete,1,1,1,0,0
datacenter,1711028349903453,Hanna Marie Moehlmann Hahn,1,1,1,0,0
datacenter,1710633070192218,CloudKing Technical Institute,1,1,1,0,0
datacenter,1709271736954818,Bahra Electric - بحرة الكتريك,2,2,2,0,0
datacenter,1708349509750575,Corvit Systems,2,2,2,0,0
datacenter,1731397120851610,Paul Brown,1,1,1,0,0
datacenter,1707846776573933,Datec PNG Limited,11,11,11,0,0
datacenter,1707731449714456,KFXK FOX51,1,1,1,0,0
datacenter,1706088840166407,PBS39,1,1,1,0,0
datacenter,1705973320799081,Michael Jaekels,4,4,4,0,0
datacenter,1705918960723899,Game Madness,1,1,1,0,0
datacenter,1704593624093956,IracingIflag,1,1,1,0,0
datacenter,1704316124119580,MetaCommunications,1,1,1,0,0
datacenter,1703915610642656,Nickolas Osborne,8,8,8,0,0
datacenter,1717627049093350,Ploughshares Fund,1,1,1,0,0
datacenter,1718815271944161,NCWLIFE,2,2,2,0,0
datacenter,1719360245247788,Beyond Business,1,1,1,0,0
datacenter,1719611115234779,Steven Maxwell TV,2,2,2,0,0
datacenter,1730829170903064,Brian Gray,1,1,1,0,0
datacenter,1730712898083974,Truxgo,3,3,3,0,0
datacenter,1728869827856789,មួយលានសៀវភៅ ដែលត្រូវរៀន,1,1,1,0,0
datacenter,1728861614268362,IndianWeb2,7,7,7,0,0
datacenter,1728590737968876,ITrustLD,1,1,1,0,0
datacenter,1728006921024831,East of Susquehanna,1,1,1,0,0
datacenter,1727771137801549,Lahore Smart City,4,4,4,0,0
datacenter,1726849561522868,Andrew Reynolds,1,1,1,0,0
datacenter,1726714564705943,Taylor Lynn Didier,1,1,1,0,0
datacenter,1726420055269923,Salem Metro,1,1,1,0,0
datacenter,1723591115149234,OVHcloud,6,6,6,0,0
datacenter,1722859515633503,Holden.onto.truth,3,3,3,0,0
datacenter,1722771062336081,Saleh Ahmed,7,7,7,0,0
datacenter,1722741231587311,المساعدات الإنسانية - Arab Help,3,3,3,0,0
datacenter,1721276211926416,Tash Branch,2,2,2,0,0
datacenter,1720344722702040,Clouddevopshub,1,1,1,0,0
datacenter,1720308165313689,Ali Rashid,1,1,1,0,0
datacenter,1751192498974444,El Paso Upcoming,1,1,1,0,0
datacenter,1753968925473861,The Master of Facts,1,1,1,0,0
datacenter,2144867086061654,Barn Talk,1,1,1,0,0
datacenter,1786674615159740,Tyler Butterworth,1,1,1,0,0
datacenter,1789663644886018,Sam Bentley,1,1,1,0,0
datacenter,1788990828314991,Spanky The Sparky,1,1,1,0,0
datacenter,1788586258695676,Empie Print & Design Inc.,1,1,1,0,0
datacenter,1788533211967932,Rochak Gyani,1,1,1,0,0
datacenter,1787967452081220,Cammeron Munger,1,1,1,0,0
datacenter,1787371555246655,Unseen Markets,2,2,2,0,0
datacenter,1787194368947804,Vande Bharatam,1,1,1,0,0
datacenter,1786766475646889,The रोचक तथ्य,5,5,5,0,0
datacenter,1784372128695549,Wisconsin State Representative Greta Neubauer,1,1,1,0,0
datacenter,1791002632294235,Rms Telugu Traders,3,3,3,0,0
datacenter,1783996962047780,Marksmen Daily,10,10,10,0,0
datacenter,1783271309228474,Martina's Mark,1,1,1,0,0
datacenter,1782381582240689,KPMG Cambodia,1,1,1,0,0
datacenter,1782272002694269,Shannon Tiberi,1,1,1,0,0
datacenter,1782057629850430,Zeshan Hanif Qureshi,2,2,2,0,0
datacenter,1782057569183089,Smart Glass Technologies,1,1,1,0,0
datacenter,1781802575641614,AMTI,8,8,8,0,0
datacenter,1781768583226848,Aalo Atomics,1,1,1,0,0
datacenter,1790020814858518,The Big Smoke,1,1,1,0,0
datacenter,1791759245064026,Engineering Solutions,2,2,2,0,0
datacenter,1754004235299141,Matthew White,1,1,1,0,0
datacenter,1800081483851638,GAFM ACADEMY,3,3,3,0,0
datacenter,1805553429958285,WebAiry,2,2,2,0,0
datacenter,1804654003599202,BetterWorld Technology,1,1,1,0,0
datacenter,1803949360420761,Contabo,7,7,7,0,0
datacenter,1803240113507409,InfoViky 2.0,1,1,1,0,0
datacenter,1802316173530684,ET Edge - Times Group,8,8,8,0,0
datacenter,1801679463989251,Matt M Moyer,1,1,1,0,0
datacenter,1800880587223856,Prime Tales,4,4,4,0,0
datacenter,1800466783897211,Long Island Parks - LI Parks,1,1,1,0,0
datacenter,1799233867190737,WDRB News,1,1,1,0,0
datacenter,1792505067851119,Digital News Asia,21,21,21,0,0
datacenter,1797414394257175,trueCABLE,7,7,7,0,0
datacenter,1796955334629417,AtHive Membership Club,1,1,1,0,0
datacenter,1796939190885830,وظائف مهندس معماري مصر - تنقيب.كوم,4,4,4,0,0
datacenter,1795989987822392,Tushar Negi,1,1,1,0,0
datacenter,1795500744957838,Cheku Aondover Moses,1,1,1,0,0
datacenter,1794803280917818,Daily Monitor,1,1,1,0,0
datacenter,1794789347641010,Jubilee,1,1,1,0,0
datacenter,1793439231640992,Kepuni Orbitalqeldingsystems,1,1,1,0,0
datacenter,1781564382447195,Derrick Monk,1,1,1,0,0
datacenter,1781229895833478,GravityAssistUS,1,1,1,0,0
datacenter,1780676145839726,Alyssa Barber,2,2,2,0,0
datacenter,1759327855105513,Elias Sisneros,1,1,1,0,0
datacenter,1763188820996116,Michael Brown,1,1,1,0,0
datacenter,1762795030880755,Think Bright,1,1,1,0,0
datacenter,1761892908137449,Money Saving Wallet,1,1,1,0,0
datacenter,1761798291000310,PLANMalaysia,1,1,1,0,0
datacenter,1761774157778782,Petra Engineering Industries Co.,1,1,1,0,0
datacenter,1761268557882410,Pankaj Ydv,1,1,1,0,0
datacenter,1760597121110576,Pakistani Community in Dubai,1,1,1,0,0
datacenter,1760238137714854,Computerworld,1,1,1,0,0
datacenter,1758538248204942,Danny Pollard,1,1,1,0,0
datacenter,1780450619325995,CablesAndKits.com,3,3,3,0,0
datacenter,1758245788202922,Dr. Laura E. Cisneros,1,1,1,0,0
datacenter,1757889171766486,Ariful Islam,1,1,1,0,0
datacenter,1757596241549137,Amazing Facts,1,1,1,0,0
datacenter,1757352654850557,Zach Sharpe,1,1,1,0,0
datacenter,1755754475145130,Samitake computer and mobile Maintenance,11,11,11,0,0
datacenter,1755612824946179,Newsbytes.PH,5,5,5,0,0
datacenter,1755176774969099,OilNOW,1,1,1,0,0
datacenter,1754247521918534,Avudaiappan Talks,1,1,1,0,0
datacenter,1763995424069509,"Macon Media News, Weather and Information",1,1,1,0,0
datacenter,1764132174786652,Logiserve Technologies,1,1,1,0,0
datacenter,1766989960723483,Zi Teng Wang,1,1,1,0,0
datacenter,1767467847156183,Gina Quizon Relampagos,1,1,1,0,0
datacenter,1780281963169637,Overseas & Executive West,1,1,1,0,0
datacenter,1779493026073930,Uncover Quantum,3,3,3,0,0
datacenter,1779341686563871,Kaedon Steinert,1,1,1,0,0
datacenter,1777995709794711,مركز المعلومات والتوثيق - جامعة بنغازي,1,1,1,0,0
datacenter,1777767346436433,Dawn Marie,1,1,1,0,0
datacenter,1777438866533510,Derrick Hébert,1,1,1,0,0
datacenter,1777132006352266,Shiv Pal,1,1,1,0,0
datacenter,1777083976110751,Scranton Strong,5,5,5,0,0
datacenter,1776997166118370,IT ARCHITECTS LTD,1,1,1,0,0
datacenter,1776637866161399,Rep. Vikki Goodwin,3,3,3,0,0
datacenter,1775583763122274,Techno Monster,2,2,2,0,0
datacenter,1775555603563440,Pacenet,1,1,1,0,0
datacenter,1774193409661264,The Charlotte Observer,1,1,1,0,0
datacenter,1772154593497828,Sergei Kelley - Chasing a Wild & Free Florida,1,1,1,0,0
datacenter,1772012553662379,Moranda Lynn Sanders,1,1,1,0,0
datacenter,1770974330472185,Lahore Properties,3,3,3,0,0
datacenter,1769506513532182,Congressman Michael Guest,1,1,1,0,0
datacenter,1703209247056309,How money works,1,1,1,0,0
datacenter,1701619317040801,Palanivel Thiaga Rajan,1,1,1,0,0
datacenter,1701315767208362,Andrew Singer,1,1,1,0,0
datacenter,1622189389403210,Nexus Technologies,4,4,4,0,0
datacenter,1624274275039709,Dj Nakumatts,1,1,1,0,0
datacenter,1623637651562554,JMM Gadgets Dvo,1,1,1,0,0
datacenter,1623026268281430,Calvin,2,2,2,0,0
datacenter,1622938505232956,Moamen Hany - مؤمن هاني,1,1,1,0,0
datacenter,1622603002142888,LumaDock,12,12,12,0,0
datacenter,1622537645344742,UttarandhraNow,1,1,1,0,0
datacenter,1622413582144169,The Manifold Hub,2,2,2,0,0
datacenter,1622290008763086,I Wonder Why? 2.0,3,3,3,0,0
datacenter,1621622602482769,Tech Publish,1,1,1,0,0
datacenter,1625169298779253,The Reluctant Accountant,1,1,1,0,0
datacenter,1620504482073234,Bartow County Georgia Media Group,1,1,1,0,0
datacenter,1619913115080613,Prime Insights,1,1,1,0,0
datacenter,1619035795547848,HR Links Ltd.,2,2,2,0,0
datacenter,1618123265659457,Barron's,1,1,1,0,0
datacenter,1617526542186257,Artificial Intelligence News,3,3,3,0,0
datacenter,1617069812418579,e-architect.com,1,1,1,0,0
datacenter,1615679626339577,Electrical interview guide,3,3,3,0,0
datacenter,1615452959597026,Barco Trucking LLC,6,6,6,0,0
datacenter,1624692135012926,Mobile Media,2,2,2,0,0
datacenter,1626166128227280,City of Bridgeport WV,1,1,1,0,0
datacenter,1700515967421275,Knight _&_Aston,1,1,1,0,0
datacenter,1634403647260184,JAZZRADIO.com,1,1,1,0,0
datacenter,1640633823672104,Paratus Zambia,23,23,23,0,0
datacenter,1640627256715658,Regenerative Farmers of America,1,1,1,0,0
datacenter,1639037527887629,Tyronloop,1,1,1,0,0
datacenter,1638138070234444,Gary Cummings,1,1,1,0,0
datacenter,1637968950425781,Rami Ghattas,1,1,1,0,0
datacenter,1637963070925251,Guru Kadaganchi,1,1,1,0,0
datacenter,1636912747434913,Pirate Entreteiment,1,1,1,0,0
datacenter,1634959010245339,FOX6 News Milwaukee,1,1,1,0,0
datacenter,1633937078033297,Techbau S.p.A,2,2,2,0,0
datacenter,1626178528530446,Viral Allure ,1,1,1,0,0
datacenter,1632461837551369,TECHi,12,12,12,0,0
datacenter,1629706344439158,Jonard Tools,2,2,2,0,0
datacenter,1628655841307212,City of Ames - City Government,1,1,1,0,0
datacenter,1628406941465494,Aman Pandey,1,1,1,0,0
datacenter,1627706104904820,ITOS Leb,1,1,1,0,0
datacenter,1627704628246554,Clarissa Speed Girl,1,1,1,0,0
datacenter,1627007424372270,YOUTH Training Center,3,3,3,0,0
datacenter,1626715222214261,The Hidden Matrix Archive,1,1,1,0,0
datacenter,1615347826238992,Jobs Hub,3,3,3,0,0
datacenter,1614411886099792,Jerry Wayne AR-14,1,1,1,0,0
datacenter,1614192996575767,Katy Dively,1,1,1,0,0
datacenter,1601617660994107,BurnThe CorporateFiction,2,2,2,0,0
datacenter,1605155610265350,Franklin News,1,1,1,0,0
datacenter,1604676867118935,David Miles Hogg ,1,1,1,0,0
datacenter,1603362740351316,Hungry Mind,1,1,1,0,0
datacenter,1603299081419972,ExonHost,4,4,4,0,0
datacenter,1602855160681839,William Larson,1,1,1,0,0
datacenter,1602164448092818,East Coast Hockey Expo,1,1,1,0,0
datacenter,1602115897839647,Joe Salsbery,2,2,2,0,0
datacenter,1601960800631054,Magicrete Building Solutions,1,1,1,0,0
datacenter,1601467974878713,Celestial Hub,1,1,1,0,0
datacenter,1613803676059912,Somtom Life,1,1,1,0,0
datacenter,1601036131651564,Jan Mark,1,1,1,0,0
datacenter,1599244158053692,Nature Unfiltered With Daphnee,1,1,1,0,0
datacenter,1598849337376444,Computer Hardware Software & Networking,2,2,2,0,0
datacenter,1598740907732366,From Quarks to Quasars,2,2,2,0,0
datacenter,1598732160983103,Commissioner Robert Patrick-District 1,1,1,1,0,0
datacenter,1598581895195663,PristonTale 2: The 2nd Enigma,1,1,1,0,0
datacenter,1596857745123464,Svpofglobalbrands,1,1,1,0,0
datacenter,1596672864335011,Innodisk Corporation,9,9,9,0,0
datacenter,1605576359995188,TMC Transformers SpA,1,1,1,0,0
datacenter,1606289623573898,Kerry Ziegler,60,60,60,0,0
datacenter,1606396186738412,Veeble Hosting,1,1,1,0,0
datacenter,1607035510159607,Mczie Hosting Philippines,3,3,3,0,0
datacenter,1613646679304938,"Workstation , Server Technologies & Spare computer parts",5,5,5,0,0
datacenter,1613214222974462,Pansoft Technologies Pty Ltd,2,2,2,0,0
datacenter,1612638159656106,Microsoft,1,1,1,0,0
datacenter,1612588520584421,Core-Backbone GmbH,7,7,7,0,0
datacenter,1612582509288743,"Mayer-Soft, Thomas Mayer",1,1,1,0,0
datacenter,1612256026833877,Job Success - Jobs in Dubai UAE,1,1,1,0,0
datacenter,1611919919478343,Bumppy,3,3,3,0,0
datacenter,1610810500115540,Md. Abu Sayed,1,1,1,0,0
datacenter,1610126659763232,CBRE Vietnam,2,2,2,0,0
datacenter,1609454552795970,9XM,1,1,1,0,0
datacenter,1609352819815990,Workers Voice,1,1,1,0,0
datacenter,1609163566921020,Justin Raphael Donnaruma,1,1,1,0,0
datacenter,1607720103161696,Brad Kellmayer,2,2,2,0,0
datacenter,1607702557161492,BioFood 3D,1,1,1,0,0
datacenter,1607556746549112,Chris Smith,1,1,1,0,0
datacenter,1607407150223361,John Ware,2,2,2,0,0
datacenter,1607378483249385,O23 EcoTech,2,2,2,0,0
datacenter,1642684340747442,Servicing24 Limited,13,13,13,0,0
datacenter,1642952496693419,Abril Preciado,1,1,1,0,0
datacenter,1643038103461228,دلتا تكنولوجي - اليمن,1,1,1,0,0
datacenter,1680636836375825,Ftpa Rgv,1,1,1,0,0
datacenter,1684162392637523,masked trader,1,1,1,0,0
datacenter,1683287129321196,Sika Qatar,1,1,1,0,0
datacenter,1682205799117672,WhatscrackingAmerica,1,1,1,0,0
datacenter,1682125919208364,Bunda Kembar,1,1,1,0,0
datacenter,1682010382733669,Martin Ciupa,1,1,1,0,0
datacenter,1681737769876404,Majestic Pest Control,1,1,1,0,0
datacenter,1681447779263728,Larry Dean Caldwell,1,1,1,0,0
datacenter,1680772712761350,Kadak,1,1,1,0,0
datacenter,1679973199767165,Sarah Marshall,1,1,1,0,0
datacenter,1674174860362957,Nexustrd,3,3,3,0,0
datacenter,1679156982953241,Ryan Weaver,1,1,1,0,0
datacenter,1678652589466156,Mohsyn Syed,1,1,1,0,0
datacenter,1676708020092834,Radiance Rhythms,1,1,1,0,0
datacenter,1676288239678171,Kurtis Hartsock,1,1,1,0,0
datacenter,1675545573248241,Loudoun County Economic Development,1,1,1,0,0
datacenter,1675523470317833,Bryan Ouellet,1,1,1,0,0
datacenter,1675258619550655,BBC Hampshire & Isle of Wight,1,1,1,0,0
datacenter,1674448799806619,Pramac,6,6,6,0,0
datacenter,1685008368656593,SabKura Media,2,2,2,0,0
datacenter,1685826195725119,Valuehash,4,4,4,0,0
datacenter,1687009238897757,Creepalachia,6,6,6,0,0
datacenter,1687063018516561,Qmaximus McClain,1,1,1,0,0
datacenter,1699544638072170,Iran International,1,1,1,0,0
datacenter,1699514874122546,Ketan Mali,1,1,1,0,0
datacenter,1699475087122821,Dana Loesch,1,1,1,0,0
datacenter,1699192370819825,Davao City Beautiful Movement,1,1,1,0,0
datacenter,1698971204132177,Ryan Baggott,1,1,1,0,0
datacenter,1695165644353011,The Job Adverts - Kenya,1,1,1,0,0
datacenter,1694989947977487,Just9jatalk,1,1,1,0,0
datacenter,1694008661521070,Fabricio Hilux,1,1,1,0,0
datacenter,1693649631701765,Mimi's Journey ,8,8,8,0,0
datacenter,1692370588541424,Keypower Generator,34,34,34,0,0
datacenter,1691947685170974,Somali Digital Defense Association SDDA,5,5,5,0,0
datacenter,1691868038768220,Fawaz Jomah,1,1,1,0,0
datacenter,1691149312037829,Kristina Elizabeth Popwell,1,1,1,0,0
datacenter,1691070754909370,Pinshi Metishi 760,4,4,4,0,0
datacenter,1690165738491724,Environmental Media Association,1,1,1,0,0
datacenter,1689186515035507,Vision Telecom (Pvt) Ltd,5,5,5,0,0
datacenter,1688301245342999,Material Design for Bootstrap,1,1,1,0,0
datacenter,1674429500080533,Tech Pilipinas,3,3,3,0,0
datacenter,1673868816865220,BFC Bahrain,1,1,1,0,0
datacenter,1645480222820598,Infinite Curiosity,1,1,1,0,0
datacenter,1653641555591874,Ragy Ragab,2,2,2,0,0
datacenter,1658021475384360,Factelium,4,4,4,0,0
datacenter,1657095901525544,Druids Garden,2,2,2,0,0
datacenter,1146739913045944,Video Memes Admin,1,1,1,0,0
datacenter,1656688271539342,Charlee Remitz,2,2,2,0,0
datacenter,1656619292760237,BuildX,4,4,4,0,0
datacenter,1655278098450377,Anna Levenson Butler,1,1,1,0,0
datacenter,1654824148603722,Pakistan Civil Aviation Authority,1,1,1,0,0
datacenter,1654079722090483,Daily News Alert,1,1,1,0,0
datacenter,1652849368632635,Lawdah Mercy,2,2,2,0,0
datacenter,1673441550426825,Drowned Towns & Lake Mysteries,1,1,1,0,0
datacenter,1651066245609830,Khushboo Singh Rathore,1,1,1,0,0
datacenter,1650958342979466,EzSnippet,1,1,1,0,0
datacenter,1649464785640003,Civil Society News Network,4,4,4,0,0
datacenter,1648756642543062,350 Canada,1,1,1,0,0
datacenter,1647471796470391,Ali Raza,1,1,1,0,0
datacenter,1646872299217829,Martin Antonio Guerra,1,1,1,0,0
datacenter,1646571929242249,Denise Williams,6,6,6,0,0
datacenter,1645595436103346,Julia Hubbard,2,2,2,0,0
datacenter,1658444771304664,The Accidental Pharmacist,2,2,2,0,0
datacenter,1658741991549203,Mary Kutter,1,1,1,0,0
datacenter,1659376527933177,Dune: Awakening,1,1,1,0,0
datacenter,1659693228187131,Angry Trini,1,1,1,0,0
datacenter,1672778923681963,Zakiya Oni,1,1,1,0,0
datacenter,1672263433740987,Excelis2fun,5,5,5,0,0
datacenter,1672119720313031,Eyebiokin Kenny Peter,1,1,1,0,0
datacenter,1670509193548913,Jobs in Kuwait,2,2,2,0,0
datacenter,1669801150177642,e27,2,2,2,0,0
datacenter,1668713627041667,मनीष शर्मा,1,1,1,0,0
datacenter,1668508618053529,Mathew Jojola,1,1,1,0,0
datacenter,1668174860384953,Delska,54,54,54,0,0
datacenter,1667538090868829,letsdiscusssomething,2,2,2,0,0
datacenter,1666756504368733,SINGH VLOGZ,1,1,1,0,0
datacenter,1665793927405481,PenDrive,2,2,2,0,0
datacenter,1664969134774644,Megan Zeitler,1,1,1,0,0
datacenter,1663600517782761,Hope LoveJoy,1,1,1,0,0
datacenter,1663030954359889,upPaisa,2,2,2,0,0
datacenter,1660819681320911,Millennium Cable Industries - MCI,1,1,1,0,0
datacenter,1660566818015655,Airtel Kenya,1,1,1,0,0
datacenter,1660088474529722,Huawei Enterprise,1,1,1,0,0
datacenter,1805669046522901,Game News Plus,3,3,3,0,0
datacenter,1807201016422575,Source ONE News,2,2,2,0,0
datacenter,1808921993293102,South Bangla Computers,1,1,1,0,0
datacenter,2010323073170826,Dignity Preserved,1,1,1,0,0
datacenter,2014691552602620,The DarkHorse Podcast,1,1,1,0,0
datacenter,2014219049030161,Margie Carson,7,7,7,0,0
datacenter,2013457612827916,Chance Lawson,1,1,1,0,0
datacenter,2013199539284483,Freeman Kelly Dronography,1,1,1,0,0
datacenter,2013046872856772,Green Pastures Cattle Co,1,1,1,0,0
datacenter,2012970689076447,Occupy Wall St.,1,1,1,0,0
datacenter,2012143005802646,Tech in Asia,1,1,1,0,0
datacenter,2011125142668915,Sydney Nauman,3,3,3,0,0
datacenter,2009510626139591,Idhi Correct,3,3,3,0,0
datacenter,2014994692229933,Dan Kennedy,2,2,2,0,0
datacenter,2009059532936271,James Malins,2,2,2,0,0
datacenter,2006174423089234,WPBF 25 News,1,1,1,0,0
datacenter,2005825230268515,Andrea Leadingham (Appalachian Nomads),1,1,1,0,0
datacenter,2003377453834019,The Founder's Dream,1,1,1,0,0
datacenter,2002589480142661,Women's March on Portland,2,2,2,0,0
datacenter,2001382056903053,Tbreak,4,4,4,0,0
datacenter,1999628387085348,Cadence India,1,1,1,0,0
datacenter,1996637204595129,IP Rulers,2,2,2,0,0
datacenter,2014886232388251,MaPy Insights,1,1,1,0,0
datacenter,2016674015427821,Entrepreneur Asia Pacific,1,1,1,0,0
datacenter,1954683895126586,Regene Lichtenberg,1,1,1,0,0
datacenter,2028579344402214,Appalachian Prepper,7,7,7,0,0
datacenter,2039740099786955,CNC-24.in,1,1,1,0,0
datacenter,2038949260264154,Brook Long,2,2,2,0,0
datacenter,2038817733619286,Jeff Loyd,1,1,1,0,0
datacenter,2037647740317498,Adrian Pflieger,1,1,1,0,0
datacenter,2035457326831977,KAMC News,1,1,1,0,0
datacenter,2034119870349163,Shahnawaz Hussain l Engineering Portal,1,1,1,0,0
datacenter,2029864020910022,Intrigue IT Solutions,1,1,1,0,0
datacenter,2029579197842539,Orient CCTV,1,1,1,0,0
datacenter,2026996184351063,ScienceKonek,2,2,2,0,0
datacenter,2016690309165862,RONB Videos,1,1,1,0,0
datacenter,2024665158290264,Life in Nevada,1,1,1,0,0
datacenter,2023142485101079,InvestyWise by Groww,3,3,3,0,0
datacenter,2022423558528515,Rio Lawrence,2,2,2,0,0
datacenter,2021570925291928,Joshua Starling,1,1,1,0,0
datacenter,2020083401895932,Fear Feed USA,1,1,1,0,0
datacenter,2017496738675141,APR Energy,1,1,1,0,0
datacenter,2017349248643721,CIO World Business,2,2,2,0,0
datacenter,2017127928922801,Mustard Seed Homestead,1,1,1,0,0
datacenter,1995998624112934,Ground News,1,1,1,0,0
datacenter,1995673338047393,MehraTech,21,21,21,0,0
datacenter,1993623741448650,CItyHangouts,2,2,2,0,0
datacenter,1961316091419470,Boogie Rae,2,2,2,0,0
datacenter,1965232833936442,Thoughtsol Infotech Ltd.,2,2,2,0,0
datacenter,1965011424209326,Tommy Julceus,3,3,3,0,0
datacenter,1964791017402105,Finskool21 Official,2,2,2,0,0
datacenter,1964422147270758,Kenosha News,1,1,1,0,0
datacenter,1964326887615978,CCNA BD,13,13,13,0,0
datacenter,1962849130799953,Save Santa Rosa,2,2,2,0,0
datacenter,1962067487697888,وظائف و تعيينات كبرى الشركات,1,1,1,0,0
datacenter,1961965967765360,WEA,2,2,2,0,0
datacenter,1960530707851068,Kasey Matthews Johnson,16,16,16,0,0
datacenter,1993596534726553,Kayleigh Anne,1,1,1,0,0
datacenter,1960086954939701,Mitchell Baldwin,1,1,1,0,0
datacenter,1960005351067272,Star News TV,3,3,3,0,0
datacenter,1959857084758930,Brighton Park Kentucky,1,1,1,0,0
datacenter,1959163664673538,Industrial Motor Power,1,1,1,0,0
datacenter,1959060811490429,Bianca Picardo,1,1,1,0,0
datacenter,1956746675166517,Sam C. Serey,2,2,2,0,0
datacenter,1956670558192112,Houses for Healing,1,1,1,0,0
datacenter,1956436855250971,Switched On Solutions Ltd.,1,1,1,0,0
datacenter,1966378170821433,Rick Laflare,1,1,1,0,0
datacenter,1967932824157691,Sara Martínez Shop,4,4,4,0,0
datacenter,1968682786895516,Adan Flores,1,1,1,0,0
datacenter,1971194860386277,Lenovo Greece,1,1,1,0,0
datacenter,1992091211147902,Nicol.Everything,2,2,2,0,0
datacenter,1991648054739620,A Loose Moose,1,1,1,0,0
datacenter,1991304815036194,Calder News,2,2,2,0,0
datacenter,1990594078384831,Good Labor Jobs: Staffing and Recruiting,2,2,2,0,0
datacenter,1988724564886319,WALB News 10,1,1,1,0,0
datacenter,1988379275138452,Joel JM Mfunga,1,1,1,0,0
datacenter,1985089898893306,Aaron Parnas,4,4,4,0,0
datacenter,1982896529152865,Broken Bow Country,1,1,1,0,0
datacenter,1981537415978966,Emkayem Recap,1,1,1,0,0
datacenter,1981244082420031,Ujjwal Roy,2,2,2,0,0
datacenter,1979974656132214,Patrick Smith,2,2,2,0,0
datacenter,1978589015856692,Startup Pakistan,6,6,6,0,0
datacenter,1977077332758285,Dream Business,1,1,1,0,0
datacenter,1976151843237183,Textile IQ+,1,1,1,0,0
datacenter,1976135783055487,Mel Cabigting,1,1,1,0,0
datacenter,1973644603259824,Steven Glover,2,2,2,0,0
datacenter,1971901740326182,Gideon Ikyernum,1,1,1,0,0
datacenter,2039778526764462,The Whitewater Valley Voice,2,2,2,0,0
datacenter,2043661723046150,C&S Electric Limited,1,1,1,0,0
datacenter,2044600519723126,Cecile Crawford,1,1,1,0,0
datacenter,2114093295601026,Western Mass News,1,1,1,0,0
datacenter,2121155115059003,Mobiserve Holding,1,1,1,0,0
datacenter,2119635438465962,Kirstine Openshaw,3,3,3,0,0
datacenter,2119343762294946,Natasha Young,1,1,1,0,0
datacenter,2118998081956521,Double E Ranch,1,1,1,0,0
datacenter,2117787602368983,AKNAN REAL Estate LLC,1,1,1,0,0
datacenter,2116449012480704,Wilson Music Studio,1,1,1,0,0
datacenter,2115292658951879,NCTS,1,1,1,0,0
datacenter,2114208779026106,Nick Marino,1,1,1,0,0
datacenter,2114014959070614,Michael C Parris,1,1,1,0,0
datacenter,2098881690651808,Cam Stories,2,2,2,0,0
datacenter,2112880425830341,Hans Theessink,1,1,1,0,0
datacenter,2112304125835442,TheGigabit,118,118,118,0,0
datacenter,2112177925870511,Home on Liberty Hill,1,1,1,0,0
datacenter,2112148019401511,BD Tech Tips 2.0,2,2,2,0,0
datacenter,2110426802674598,The Natural History Museum,1,1,1,0,0
datacenter,2108488906662112,Pixel & Paths,3,3,3,0,0
datacenter,2107326380218145,e-Government Suriname,1,1,1,0,0
datacenter,2107111086405313,The Ukulele Orchestra of Great Britain (Official),1,1,1,0,0
datacenter,2123869311754263,Rayalaseema Kurrodu Rayalaseema Kurrodu,2,2,2,0,0
datacenter,2124777407897808,Native American Pride,1,1,1,0,0
datacenter,2125387551532665,Facts Club,1,1,1,0,0
datacenter,2126126697738629,Capital & Main,1,1,1,0,0
datacenter,2142793169699480,Max's Creative Corner,1,1,1,0,0
datacenter,2141649763029276,Tanzimul Anwar Pavel,1,1,1,0,0
datacenter,2141312229540088,Insights Success Media,1,1,1,0,0
datacenter,2140850296365464,Tracie Thessen,1,1,1,0,0
datacenter,2139272007469605,Alfaizoon,1,1,1,0,0
datacenter,2138653106487959,Eric Deters for Kentucky and America,2,2,2,0,0
datacenter,2138491409871195,The Savera Times,1,1,1,0,0
datacenter,2137582116592045,Stall High,1,1,1,0,0
datacenter,2137307139937668,XDA Portal & Forums,1,1,1,0,0
datacenter,2136206847273317,Roots construction,1,1,1,0,0
datacenter,2135728446959450,Rasta La Vistah,1,1,1,0,0
datacenter,2134158630298151,William Atkins,1,1,1,0,0
datacenter,2132729480398040,TheCekodok.com,2,2,2,0,0
datacenter,2132361090620579,DigitalLabs,1,1,1,0,0
datacenter,2131364161012622,Pushpendra Kumar,1,1,1,0,0
datacenter,2130963133995752,Legrand,1,1,1,0,0
datacenter,2127007364351205,Brand Express,1,1,1,0,0
datacenter,2105061020049270,RB Falcon Developers,1,1,1,0,0
datacenter,2098399920692842,Kaff Digital,1,1,1,0,0
datacenter,2044776019201366,TYT Sports,1,1,1,0,0
datacenter,2051884308523428,Rutherford County Breaking News,2,2,2,0,0
datacenter,2066161380436479,techie_programmer,1,1,1,0,0
datacenter,2064826227216795,MetroNews,3,3,3,0,0
datacenter,2063798184158145,TaylorMade Electrical Projects,1,1,1,0,0
datacenter,2060158447953357,TeksorCloud,1,1,1,0,0
datacenter,2058206557938944,Shanelle Marie,2,2,2,0,0
datacenter,2057175948450567,Ricky J O'Hara,1,1,1,0,0
datacenter,2055599571489550,Williamson Source,2,2,2,0,0
datacenter,2054784688677069,Kwame Jet,1,1,1,0,0
datacenter,2050789528791134,ANT PC,6,6,6,0,0
datacenter,2092266984476591,Under The Desk News,1,1,1,0,0
datacenter,2049678665558624,Michael Storm,2,2,2,0,0
datacenter,2049631968757327,PLDT Enterprise,1,1,1,0,0
datacenter,2048979572142914,JinkoSolar Philippines,2,2,2,0,0
datacenter,2048332682171728,Slashdot,58,58,58,0,0
datacenter,2047974452719232,The Patel Investor,1,1,1,0,0
datacenter,2047022612384792,Zen Studios,1,1,1,0,0
datacenter,2046100312860311,Matt Schmitt,4,4,4,0,0
datacenter,2044839192960183,The Daily Misinformer,1,1,1,0,0
datacenter,2066659107452479,Ashley Torres,1,1,1,0,0
datacenter,2067627660267394,Bloomberg Technology,4,4,4,0,0
datacenter,2067944964596649,Cosmocurious,1,1,1,0,0
datacenter,2069013323913320,The smart graphicss,1,1,1,0,0
datacenter,2089527264766306,Nepalitelecom.com,2,2,2,0,0
datacenter,2089227231557112,إخباري,1,1,1,0,0
datacenter,2088557162541011,Peter Souvall,1,1,1,0,0
datacenter,2088329464977033,ARCTIC,1,1,1,0,0
datacenter,2087129382230916,Cancel the State,3,3,3,0,0
datacenter,2085501708494923,Rockaway Primetime Reporting,1,1,1,0,0
datacenter,2084543708618144,Ameer Ul Hassan,1,1,1,0,0
datacenter,2084392821976995,stillbahlman,1,1,1,0,0
datacenter,2084005488857085,DAR FOCUS Tech,1,1,1,0,0
datacenter,2081319865942979,Devin Williams,1,1,1,0,0
datacenter,2080692759135167,Garrison Wolfe,1,1,1,0,0
datacenter,2079310789144401,Molly Moo Cow Crew,1,1,1,0,0
datacenter,2075335682994679,Hinirang 2.0,1,1,1,0,0
datacenter,2074931429610542,Percona,1,1,1,0,0
datacenter,2074847153343559,Inshort Stories - All News. One Smart Platform.,1,1,1,0,0
datacenter,2072408973209153,trending videos ,4,4,4,0,0
datacenter,2071052673466684,FareedSpeaks,1,1,1,0,0
datacenter,1955960881898655,CIGB,1,1,1,0,0
datacenter,1952442845708797,Shiraz Manzoor,2,2,2,0,0
datacenter,1809822022942145,Samuel Jacob Comedy,1,1,1,0,0
datacenter,1849763889267769,Robin Packard Lamb,1,1,1,0,0
datacenter,1852067411954692,ADATA,4,4,4,0,0
datacenter,1851993655418164,Levi Allen Caudill,6,6,6,0,0
datacenter,1851456632206417,Insurance News BD,1,1,1,0,0
datacenter,1851410482141134,Kusi Yeboah Kwame Isaac,1,1,1,0,0
datacenter,1851063548653910,Digital Kashmir,2,2,2,0,0
datacenter,1850936972041035,Clover Infotech,2,2,2,0,0
datacenter,1850287182159643,Braamd Inc.,2,2,2,0,0
datacenter,1849945892127607,End Time Headlines,1,1,1,0,0
datacenter,1849411682312031,Bobby Cole,1,1,1,0,0
datacenter,1852480405247880,Phoenix Contact SEA,10,10,10,0,0
datacenter,1849305748955263,ZAP-Hosting,1,1,1,0,0
datacenter,1847951488951076,Special Technology Zones Authority - STZA,2,2,2,0,0
datacenter,1847415205765608,KSLA News 12,7,7,7,0,0
datacenter,1847298889028920,Raymond Vergara,1,1,1,0,0
datacenter,1846983269204477,Joe Solar Moretti,2,2,2,0,0
datacenter,1845836885923620,PSU Connect,2,2,2,0,0
datacenter,1844860209377437,AV news,1,1,1,0,0
datacenter,1844834835928758,Save This Land,4,4,4,0,0
datacenter,1852359241872826,Clarksville Lake Country Chamber,1,1,1,0,0
datacenter,1852503442049809,Fortude,1,1,1,0,0
datacenter,1951199739141762,Battery News,1,1,1,0,0
datacenter,1863062885090924,Brandon Cross,2,2,2,0,0
datacenter,1872183796885647,Cronin Natosha,5,5,5,0,0
datacenter,1871491186784750,Fluke India,1,1,1,0,0
datacenter,1871199046732986,Huobi,1,1,1,0,0
datacenter,1870402106706547,Virtu Ferries Ltd.,1,1,1,0,0
datacenter,1869857690230460,Vern Thompson,17,17,17,0,0
datacenter,1865005340573951,Arrow Components,1,1,1,0,0
datacenter,1864797117712467,Jakexploring,1,1,1,0,0
datacenter,1864099497596828, Chennai City,1,1,1,0,0
datacenter,1862275424272564,Conscious Lee,1,1,1,0,0
datacenter,1852763531979374,I Explain Tech,1,1,1,0,0
datacenter,1860738977839637,Chase Stanfill,2,2,2,0,0
datacenter,1860589517730170,"Shankar IAS Academy, Coimbatore",1,1,1,0,0
datacenter,1859652064950572,The Entrepreneur HQ,2,2,2,0,0
datacenter,1855486811684223,Qbits Technologies,2,2,2,0,0
datacenter,1854936481996974,Visit Bangkok,1,1,1,0,0
datacenter,1853852968378992,UpRock,5,5,5,0,0
datacenter,1853803818465488,Huawei Enterprise,1,1,1,0,0
datacenter,1853765785298152,North Fresh Farm,1,1,1,0,0
datacenter,1844685673116269,Keith Borie,1,1,1,0,0
datacenter,1844606246237435,Traders Reality,1,1,1,0,0
datacenter,1843957069396733,Life at Meta,10,10,10,0,0
datacenter,1818404082337345,Arman Fernando Andres,1,1,1,0,0
datacenter,1827920514294227,Digital Terminal,90,90,90,0,0
datacenter,1827019902009589,INFO TECH,2,2,2,0,0
datacenter,1824805801481142,David Lemon,3,3,3,0,0
datacenter,1824273184878149,Rushitha Ponduru,1,1,1,0,0
datacenter,1824196868475296,Aronn Boldridge,1,1,1,0,0
datacenter,1822461328360471,Lit Mann,1,1,1,0,0
datacenter,1822386671740907,Tiffany Murphy,1,1,1,0,0
datacenter,1818620108566302,Brian M. Sabourin,2,2,2,0,0
datacenter,1818381485753309,White Hsu - Taiwan Tech Dispatch,2,2,2,0,0
datacenter,1842976086632467,Heavy Parts Hub - Heavy Equipment Parts Shop,3,3,3,0,0
datacenter,1818104592432705,CMYen Property 一站式房产服务,1,1,1,0,0
datacenter,1817670352467808,Sundara P,1,1,1,0,0
datacenter,1817384665658686,Daryl Holman,1,1,1,0,0
datacenter,1815648169325000,Chewing the Fat Podcast Show,2,2,2,0,0
datacenter,1815329619310684,NexiHome.com,2,2,2,0,0
datacenter,1814462002392318,Maritime Reporter & Engineering News,1,1,1,0,0
datacenter,1812635855868423,Exabytes (MY),3,3,3,0,0
datacenter,1810754802772037,Claremont Lincoln University,1,1,1,0,0
datacenter,1828036040996073,Konsehal Marion Dela Fuente Marcos,1,1,1,0,0
datacenter,1828245638538612,Jobs in the UAE,1,1,1,0,0
datacenter,1828245667883918,3D Garage,1,1,1,0,0
datacenter,1828260891062136,سید علی,1,1,1,0,0
datacenter,1842774366243773,Retro Housewife Goes Green,1,1,1,0,0
datacenter,1842198319615407,Electric City Life,2,2,2,0,0
datacenter,1840927206388949,Space Flight Media,1,1,1,0,0
datacenter,1838777850865301,Yes-Original,1,1,1,0,0
datacenter,1838513306647183,Reddit Real Narratives,1,1,1,0,0
datacenter,1837955453795320,Sara Holcomb,1,1,1,0,0
datacenter,1836401553843799,Job creater,2,2,2,0,0
datacenter,1836325574424427,UM Legacy Press Ltd,18,18,18,0,0
datacenter,1836020210699930,Mcyberacademy,4,4,4,0,0
datacenter,1835064460299498,George Magazine,1,1,1,0,0
datacenter,1834885293591992,The Bengal Chamber of Commerce and Industry,21,21,21,0,0
datacenter,1833015167137641,The Daily Sun- Port Charlotte,1,1,1,0,0
datacenter,1831728147658295,AnandTech,2,2,2,0,0
datacenter,1830474317904282,Codewithprashantt,4,4,4,0,0
datacenter,1830341650906464,Jessica Galliher,2,2,2,0,0
datacenter,1830171467486462,Sec-Concepts Networks Ltd.,1,1,1,0,0
datacenter,1829686778002108,Lts Samoa,1,1,1,0,0
datacenter,1872760069983667,Finance SIMPLIfied,1,1,1,0,0
datacenter,1873492496853632,Mining & Business Magazine,1,1,1,0,0
datacenter,1873499563334586,Focus Tv,1,1,1,0,0
datacenter,1918386711928648,Smart Control,5,5,5,0,0
datacenter,1923850654858939,Robert Dahlberg,1,1,1,0,0
datacenter,1921751021741206,Unique Network,1,1,1,0,0
datacenter,1921724395353568,Jim Wagner,1,1,1,0,0
datacenter,1921273218585669,Itsmorganfr,4,4,4,0,0
datacenter,1920482692008407,Ricardo Rivero,3,3,3,0,0
datacenter,1920386842691734,Abr Abr,1,1,1,0,0
datacenter,1920230565040733,The Hammer,3,3,3,0,0
datacenter,1918405171981032,Clayton ATLAS,1,1,1,0,0
datacenter,1917658195663439,Middle East Bulletin,1,1,1,0,0
datacenter,1910725636139099,Brandon Vincent,1,1,1,0,0
datacenter,1917516929048381,Resume In Minutes,1,1,1,0,0
datacenter,1917113102435957,EMS - Egyptian Micro Solutions,1,1,1,0,0
datacenter,1915622958866162,Open plots in Hyderabad,1,1,1,0,0
datacenter,1915378538938510,OpenAI,1,1,1,0,0
datacenter,1914654496142422,Aly Youssef,1,1,1,0,0
datacenter,1913701159421694,Justin J. Pearson,1,1,1,0,0
datacenter,1913219655787308,Ashley County Now,1,1,1,0,0
datacenter,1913046295928801,Etchaskej,5,5,5,0,0
datacenter,1924062198459569,Rainbow Colors,1,1,1,0,0
datacenter,1924184785441731,Technical Th1nker - CCTV Solutions,1,1,1,0,0
datacenter,1924729587929921,Comms Express,1,1,1,0,0
datacenter,1924963131665416,Al Qaim Marketing,1,1,1,0,0
datacenter,1947925439331462,Erin King,1,1,1,0,0
datacenter,1944540726056758,Huawei Libya,1,1,1,0,0
datacenter,1944147546359054,Raya Data Center,10,10,10,0,0
datacenter,1942546529503374,Green Building Africa,5,5,5,0,0
datacenter,1942508786214480,Trane Commercial,10,10,10,0,0
datacenter,1941136092959843,Tracey Holekamp,1,1,1,0,0
datacenter,1939933786826545,TiffTech,1,1,1,0,0
datacenter,1939780137421837,Noah Orion Russell,2,2,2,0,0
datacenter,1938603276639384,Copy Cat Group,1,1,1,0,0
datacenter,1937999806670810,VnPro,1,1,1,0,0
datacenter,1937609643512797,InfoWars,1,1,1,0,0
datacenter,1937403293375691,City of Stillwater - Government,4,4,4,0,0
datacenter,1937083666773782,Natural keeping,1,1,1,0,0
datacenter,1935238270650162,Nimblo Cloud - Previously Hostify,1,1,1,0,0
datacenter,1931066317817019,Brain Spark,1,1,1,0,0
datacenter,1926194682118927,HostingOra IT Solutions,1,1,1,0,0
datacenter,1925599558306755,Pamięć Polski,1,1,1,0,0
datacenter,1912562142923865,Time 4 Entertainment,1,1,1,0,0
datacenter,1909728926290575,Holden Richardson,1,1,1,0,0
datacenter,1873508333097198,Ted Terry,1,1,1,0,0
datacenter,1879247496355143,Chennai Makkalae,1,1,1,0,0
datacenter,1884869048658444,Kurdish Artificial Intelligence,1,1,1,0,0
datacenter,1884734822235165,Shawn Schexnayder,2,2,2,0,0
datacenter,1884479922142161,JO EL C. Ballestra,1,1,1,0,0
datacenter,1881381249134541,Chris Whitlock,1,1,1,0,0
datacenter,1881125009305041,Ernest Doopey LaMaggx Davis,2,2,2,0,0
datacenter,1880822132410125,Cobie Romero,1,1,1,0,0
datacenter,1880469149563861,Dreams Of Bangladesh ,1,1,1,0,0
datacenter,1880380185800320,Radio Ecuamerica ,1,1,1,0,0
datacenter,1879154245877655,Alfa Laval,1,1,1,0,0
datacenter,1908516529868324,IGSA Power,4,4,4,0,0
datacenter,1877952172969728,Prime Facts,1,1,1,0,0
datacenter,1877860725975930,Cat Electric Power,2,2,2,0,0
datacenter,1877797842739084,Clanger_mcbanger,1,1,1,0,0
datacenter,1876895222812046,Neil McCoy-Ward,1,1,1,0,0
datacenter,1876534196410340,UAE Hiring by Strawberry Villegas,1,1,1,0,0
datacenter,1876358793224315,Carlos Duran,41,41,41,0,0
datacenter,1875488796233076,"Planning & Development Board, Govt. of the Punjab",1,1,1,0,0
datacenter,1873961816561979,Taktak Azarcon,4,4,4,0,0
datacenter,1886210025470137,Send It Outdoors,1,1,1,0,0
datacenter,1887931208548428,Data Center Secrets,9,9,9,0,0
datacenter,1888524048591681,Rodney J Ashfield,1,1,1,0,0
datacenter,1889326711966989,Gaurav Nayal,1,1,1,0,0
datacenter,1906136126543763,Each One Teach One Liberate Your Minds,2,2,2,0,0
datacenter,1905756780002632,Prerana - Inspiration - ప్రేరణ,1,1,1,0,0
datacenter,1903286180162186,Touropia,1,1,1,0,0
datacenter,1901728700328026,PSA Pangasinan,2,2,2,0,0
datacenter,1900719337545915,Markets4you Nigeria,5,5,5,0,0
datacenter,1900436693932500,FAST DEAL CSP,1,1,1,0,0
datacenter,1900418697398080,Volvo Penta North America,1,1,1,0,0
datacenter,1896214067620035,Pehle Pakistan,1,1,1,0,0
datacenter,1896048824289884,Everdata Technologies,1,1,1,0,0
datacenter,1894637891384061,Andy Caballero,1,1,1,0,0
datacenter,1894456807686473,Popcorn Media,1,1,1,0,0
datacenter,1891748091537638,Stanley Washington,1,1,1,0,0
datacenter,1890750261359911,Ramez Naam,1,1,1,0,0
datacenter,1890697911859869,Best Power,26,26,26,0,0
datacenter,1890598745028266,Dale Johnson,1,1,1,0,0
datacenter,1890575104854243,TOIT Training LLC,1,1,1,0,0
datacenter,1889578494973403,Hunter Chase Nall,5,5,5,0,0
datacenter,1147085284275425,the.real.mak,2,2,2,0,0
datacenter,1121225329080231,Beto Altamirano,2,2,2,0,0
datacenter,1146590089992685,Ivy Overseas Education Consultancy,1,1,1,0,0
datacenter,645775181961292,UTV Televisi,1,1,1,0,0
datacenter,649372710797539,Innovative Skills LTD,1,1,1,0,0
datacenter,648901827829949,CCN Florida,1,1,1,0,0
datacenter,648731111356359,Danielle Cranmer,1,1,1,0,0
datacenter,648176758119064,Sambit Kumar Rout,1,1,1,0,0
datacenter,648121047591970,Crystal Vision Solutions,354,354,354,0,0
datacenter,647637400785386,Brands Review Magazine,12,12,12,0,0
datacenter,647147111787749,NightmarexJas,1,1,1,0,0
datacenter,646959197964218,IEEE Tunisia Section,1,1,1,0,0
datacenter,644944231108100,Techmeme,10,10,10,0,0
datacenter,650374627533306,G.C. Hutson,1,1,1,0,0
datacenter,644508924468515,Goran von Karkin,1,1,1,0,0
datacenter,644004651845359,Tzar Umang,1,1,1,0,0
datacenter,643546341312834,NBC 26,1,1,1,0,0
datacenter,643204134812812,Siddhartha Ghimire,2,2,2,0,0
datacenter,642324191832903,Kingston Technology,10,10,10,0,0
datacenter,641994485496717,Bharat Chronicle,2,2,2,0,0
datacenter,641238228302317,Mina Van Torre,13,13,13,0,0
datacenter,640639365271637,Surovi Naga,1,1,1,0,0
datacenter,650240750763860,Misti Gibson,3,3,3,0,0
datacenter,650384957742236,FactumFeed,1,1,1,0,0
datacenter,639782612001188,CCIE HUB,137,137,137,0,0
datacenter,656258343912373,Jootee Qalbeessaa,1,1,1,0,0
datacenter,658257633021972,Global 5G Evolution,1,1,1,0,0
datacenter,658235043201577,AVADirect Custom Computers,2,2,2,0,0
datacenter,657920586605270,Misty Paul,1,1,1,0,0
datacenter,657743317154906,Modern Gadgets,2,2,2,0,0
datacenter,657185020041331,Danelle Meoli,1,1,1,0,0
datacenter,657061383721631,Echotone Music LLC,1,1,1,0,0
datacenter,657024359602829,"Channel 27 News and Entertainment, Grant County",1,1,1,0,0
datacenter,656399050487523,Marian NeeHocking,1,1,1,0,0
datacenter,656129716647076,Stars Orbit Consultants and Management Development,1,1,1,0,0
datacenter,650977490628534,Lotta Swele,1,1,1,0,0
datacenter,654804517616316,PoultrySouth,1,1,1,0,0
datacenter,653751323524422,Only Engineers Can Understand,2,2,2,0,0
datacenter,653682197204439,Business News 100,2,2,2,0,0
datacenter,653663004009120,Nikah Blessing,1,1,1,0,0
datacenter,652933676909273,Fact Hub,2,2,2,0,0
datacenter,652821110776413,Diversify Knowledge,1,1,1,0,0
datacenter,652203456948553,Wccftech,6,6,6,0,0
datacenter,651915384275205,RockstarFlipper,5,5,5,0,0
datacenter,639914315168987,Pakistan Today,1,1,1,0,0
datacenter,638965112455870,Applied Industrial Technologies,1,1,1,0,0
datacenter,659138550361464,XG Enterprises,1,1,1,0,0
datacenter,625346626508256,Financial Trends,4,4,4,0,0
datacenter,630289706682992,Erich Habich-Traut,1,1,1,0,0
datacenter,630091306631121,Xalgrom,1,1,1,0,0
datacenter,629894386640757,Sarah Beth Terry,3,3,3,0,0
datacenter,629154553107368,The Democratic Agenda,1,1,1,0,0
datacenter,628350236938626,Tasnim Ahmed,3,3,3,0,0
datacenter,628042379412158,Devendra Fadnavis,2,2,2,0,0
datacenter,627972013348150,Josh Tatum,2,2,2,0,0
datacenter,625369779993402,Sajilo Patrika,4,4,4,0,0
datacenter,624433040345769,Andy J,4,4,4,0,0
datacenter,630783363216667,Miranda V. Bachman,1,1,1,0,0
datacenter,624014940643160,Chandan Kumar,1,1,1,0,0
datacenter,623703960554128,Clint Fiore,1,1,1,0,0
datacenter,623685826815419,Current Pulse,2,2,2,0,0
datacenter,622807443781065,Untouchble,2,2,2,0,0
datacenter,622532940276083,Shaundra SB,1,1,1,0,0
datacenter,622474027497583,Harrison Lilly,1,1,1,0,0
datacenter,622400156742560,Asharq Al-Awsat Newspaper - English,2,2,2,0,0
datacenter,620534000199210,Stephanie Schuh,1,1,1,0,0
datacenter,630404359174638,HILL TV,1,1,1,0,0
datacenter,631057050086539,KPT PPR-C Piping Systems,2,2,2,0,0
datacenter,638077485526434,Armstrong Ceilings Installation Systems,2,2,2,0,0
datacenter,635659312186419,Brian Decker,1,1,1,0,0
datacenter,637649649299105,Cassandra Starr,1,1,1,0,0
datacenter,637151205956190,Soaq,3,3,3,0,0
datacenter,637136872351364,Davien Crow,1,1,1,0,0
datacenter,636999942440246,I'm Filipino,1,1,1,0,0
datacenter,636927332615685,Taylor Lorenz,7,7,7,0,0
datacenter,636304655758196,Breaking view usa,1,1,1,0,0
datacenter,635944096033639,Yeswant Mishra,1,1,1,0,0
datacenter,635833839341389,PINOY Adventure In Taiwan,1,1,1,0,0
datacenter,635650265745415,Ezechukwu Jama Assuzu,1,1,1,0,0
datacenter,632940816212740,Frenchy,1,1,1,0,0
datacenter,635329438753794,南洋商报 Nanyang Siang Pau,12,12,12,0,0
datacenter,635314882631194,Bhoom post,1,1,1,0,0
datacenter,635289732129315,ASIA Records,1,1,1,0,0
datacenter,635187902869653,Zion RAM,2,2,2,0,0
datacenter,634335396172285,Yu Master Investment,3,3,3,0,0
datacenter,634151092244455,WSLS 10 / WSLS.com,1,1,1,0,0
datacenter,634148626213288,Daniel Jones,1,1,1,0,0
datacenter,633237779813134,Suraj Nangia - Beyond Titles ,1,1,1,0,0
datacenter,658459383325392,VoskCoin,5,5,5,0,0
datacenter,659214829492268,Intelligent Living,1,1,1,0,0
datacenter,1146174054274667,Lee Foropoulos,2,2,2,0,0
datacenter,680724604508681,Political Breaking Stories,1,1,1,0,0
datacenter,681891097822328,MH Markets,1,1,1,0,0
datacenter,681646294150808,Ibex Media Network,1,1,1,0,0
datacenter,681574878163690,WAGO India,1,1,1,0,0
datacenter,681317151200936,TunaTuni Funtime ,1,1,1,0,0
datacenter,681311120490230,KnowTechie,1,1,1,0,0
datacenter,681029408430511,Sailesh Singh,1,1,1,0,0
datacenter,680851377897115,Tara Shalane,1,1,1,0,0
datacenter,680832301732477,Will Jordan,2,2,2,0,0
datacenter,680605631035770,Solidigm,10,10,10,0,0
datacenter,682826607208193,ENISRA.COM,1,1,1,0,0
datacenter,680131545172169,TechBiz Hub,11,11,11,0,0
datacenter,679855861723146,Martin Schaefer-Murray,1,1,1,0,0
datacenter,679239974383408,Asia News Channels,8,8,8,0,0
datacenter,679185717877718,Proff Muyah Lawrence,1,1,1,0,0
datacenter,678984375230104,James Code Lab,1,1,1,0,0
datacenter,677943741939522,Tameka Case,1,1,1,0,0
datacenter,676735301543151,Biraj Bhakta Shrestha बिराज भक्त श्रेष्ठ,1,1,1,0,0
datacenter,675726421324095,RawNews1st,1,1,1,0,0
datacenter,682482544566433,Albie Vas,2,2,2,0,0
datacenter,682849720696613,ISEAS - Yusof Ishak Institute,1,1,1,0,0
datacenter,675146244793346,Viral Tech,1,1,1,0,0
datacenter,686926407630956,Plateau Excavation,2,2,2,0,0
datacenter,689763743201103,The Macro Sift,9,9,9,0,0
datacenter,689740257542807,Melissa Stewart,1,1,1,0,0
datacenter,689097387029159,Hyliion,1,1,1,0,0
datacenter,689013230082578,DeKalb Illinois Issues,29,29,29,0,0
datacenter,688563793258897,Special Olympics Arizona,1,1,1,0,0
datacenter,688563303391380,Brandon Weber,1,1,1,0,0
datacenter,687771376625139,Khabrain,1,1,1,0,0
datacenter,687265294303210,Fred Parvaneh,1,1,1,0,0
datacenter,686625784457888,Kezia M. Williams,1,1,1,0,0
datacenter,682969587827903,रोचक फाइल,1,1,1,0,0
datacenter,686333937069085,Information technology  jobs in Egypt - Tanqeeb.com,1,1,1,0,0
datacenter,686246646962387,Herald/Review Media,1,1,1,0,0
datacenter,686203104039704,Joe Quantum,1,1,1,0,0
datacenter,685149041280706,Jacob Cruz,1,1,1,0,0
datacenter,684579500623587,West Bengal With Rohit,4,4,4,0,0
datacenter,684507646990217,MediaTek,2,2,2,0,0
datacenter,683683994747182,Alexius Lipot,2,2,2,0,0
datacenter,683228383967146,Coletta Aluda TV,1,1,1,0,0
datacenter,675642297902822,Express US,1,1,1,0,0
datacenter,675071491745264,JEMSU.ai,6,6,6,0,0
datacenter,659468766769265,Frying Pan Acres,1,1,1,0,0
datacenter,662892135891819,The Investigative,12,12,12,0,0
datacenter,664363172770606,Kendra Bean,1,1,1,0,0
datacenter,664022662479619,Progressive Secretary,2,2,2,0,0
datacenter,663845103202717,Esimcard,2,2,2,0,0
datacenter,663609719198723,Business Bytes Pakistan,1,1,1,0,0
datacenter,663553672532045,Boing Boing,1,1,1,0,0
datacenter,663503429085077,Every Times News,1,1,1,0,0
datacenter,663062255977021,Electrika Computers,3,3,3,0,0
datacenter,663043819393454,Web Hosting Coupon - Domainhostcoupon,1,1,1,0,0
datacenter,661672989281667,Proactive,9,9,9,0,0
datacenter,665802249194210,Ogun Abeokuta,1,1,1,0,0
datacenter,661455636559494,Kyle Onstott,1,1,1,0,0
datacenter,660980050246120,The World Of Trending Gadgets ,2,2,2,0,0
datacenter,660912103360605,Will Westmoreland,2,2,2,0,0
datacenter,660841742777170,Quest News and Entertainment,1,1,1,0,0
datacenter,660553306244469,Newnan Coweta Scanner Traffic,1,1,1,0,0
datacenter,660423802644494,Helsinki Times,1,1,1,0,0
datacenter,660339153473411,APAR Cable Solutions,4,4,4,0,0
datacenter,660109197190321,Trending Reel Videos,4,4,4,0,0
datacenter,664699992569372,RS Recos,1,1,1,0,0
datacenter,665925146308100,Douglas Morgan,1,1,1,0,0
datacenter,674837281916665,Western Pacific International Holdings Inc.,1,1,1,0,0
datacenter,670051435629671,TeslaInsider,1,1,1,0,0
datacenter,674393748999885,Adivunsolicited,1,1,1,0,0
datacenter,673547855159017,ASEAN Skyline Rising ,1,1,1,0,0
datacenter,671927819027009,Priyesh Bhardwaj,6,6,6,0,0
datacenter,671697061755499,Morning Brew,2,2,2,0,0
datacenter,671599279109240,Daily Expose USA,1,1,1,0,0
datacenter,671589239241905,Sales Service Plus,3,3,3,0,0
datacenter,670237246076099,Legrand,5,5,5,0,0
datacenter,670076785635087,TechOnion,1,1,1,0,0
datacenter,669562455544368,BusinessCompassLLC,2,2,2,0,0
datacenter,665940193152688,Life Hacks,1,1,1,0,0
datacenter,669035259054346,Elizabeth Booker Houston,1,1,1,0,0
datacenter,668460528983868,AI Genealogy Insights,1,1,1,0,0
datacenter,667351489396211,mozetty.com,1,1,1,0,0
datacenter,667194122627685,A2Zgian,2,2,2,0,0
datacenter,666818899112601,Stockmarketdiaries,23,23,23,0,0
datacenter,666656922106421,Pasifiki HR,1,1,1,0,0
datacenter,666444559826251,Grace Hill,1,1,1,0,0
datacenter,666334978815826,"Local 21 CBS News, WHP Harrisburg",1,1,1,0,0
datacenter,619886597394238,Romantic Page,13,13,13,0,0
datacenter,619392207711757,VibezHub,1,1,1,0,0
datacenter,618424810917008,Damien Michaels,1,1,1,0,0
datacenter,533501692472262,The Energy Cooperative,1,1,1,0,0
datacenter,539665395537264,Dita Selia,2,2,2,0,0
datacenter,537146985787350,Gluten-Free Living,1,1,1,0,0
datacenter,536399109215504,CHINA REFRIGERATION EXPO,1,1,1,0,0
datacenter,534621352807715,Startup Islamabad,1,1,1,0,0
datacenter,533893562384018,I & PR Andhra Pradesh,1,1,1,0,0
datacenter,533736502784836,Su Su Tun,1,1,1,0,0
datacenter,533735725852988,Lane Mendelsohn,1,1,1,0,0
datacenter,533679369689064,Felipe Gamboa,1,1,1,0,0
datacenter,532181893136868,Hartech Trading Corporation,1,1,1,0,0
datacenter,540647885540902,Pakistan Property News,2,2,2,0,0
datacenter,531910696572712,Graduate Studies - Assumption University of Thailand (ABAC),1,1,1,0,0
datacenter,531210326422729,LG HVAC Solutions Philippines,2,2,2,0,0
datacenter,531166306589915,Tech Savvy Solutions Kenya,1,1,1,0,0
datacenter,529920213160705,William Stickevers,1,1,1,0,0
datacenter,529404416715995,April Moon,1,1,1,0,0
datacenter,527512520353503,Job Seekers UAE,1,1,1,0,0
datacenter,526714256379050,Hiring Our Heroes,3,3,3,0,0
datacenter,526637197031515,Jobenvoy Global,2,2,2,0,0
datacenter,540013558937718,Peoples Natural Gas,1,1,1,0,0
datacenter,541821891971716,Most Inside,1,1,1,0,0
datacenter,526075246712836,Let's Learn Something,1,1,1,0,0
datacenter,548637780954010,Montse Ricossa,1,1,1,0,0
datacenter,554302697537742,Golden Brokers,1,1,1,0,0
datacenter,554235120556091,EdgeProp.my,2,2,2,0,0
datacenter,552732950885118,Antar Gholar,2,2,2,0,0
datacenter,552211567225681,Dataquest,20,20,20,0,0
datacenter,551399117254864,Leila L'Abate,1,1,1,0,0
datacenter,551210124290306,Activemedia,1,1,1,0,0
datacenter,550835984583987,Pediastan,1,1,1,0,0
datacenter,550214154785495,Ajuei Buoi,1,1,1,0,0
datacenter,548469541542658,Trey Bailey,1,1,1,0,0
datacenter,542179368592454,Stardust Solar,1,1,1,0,0
datacenter,547939631505957,The Bhavnish Kakkar,3,3,3,0,0
datacenter,547710674293638,Fakir Technologies LTD.,4,4,4,0,0
datacenter,547152291012216,R. K. Singh,2,2,2,0,0
datacenter,547036367853707,Nukta Pakistan,1,1,1,0,0
datacenter,546023674803308,𝙰𝚗𝚝𝚒𝚌𝚊𝚙𝚒𝚝𝚊𝚕𝚒𝚜𝚝𝚊,3,3,3,0,0
datacenter,545490014798770,SpaceX Daily,1,1,1,0,0
datacenter,544612315031509,U.S. Hunger,3,3,3,0,0
datacenter,542488198411465,Zac Hanscom,1,1,1,0,0
datacenter,526150223206379,Hivelocity Hosting,12,12,12,0,0
datacenter,525200886982317,Kandis Jo,1,1,1,0,0
datacenter,615976854660246,Amanda Williamson,2,2,2,0,0
datacenter,498465489601655,Satisfying Videos,1,1,1,0,0
datacenter,502813289236203,Elite Billionaire,3,3,3,0,0
datacenter,501604945589140,Race Online Limited,1,1,1,0,0
datacenter,500939655826515,Aubrey Velasquez,6,6,6,0,0
datacenter,499900759269314,Eurobyte Technology,1,1,1,0,0
datacenter,499747909312658,Christopher Brock,9,9,9,0,0
datacenter,499558802508269,Snøhetta,2,2,2,0,0
datacenter,499471539243242,Angola Cables,2,2,2,0,0
datacenter,499431569331479,MLA Hafeez Khan Kurnool,2,2,2,0,0
datacenter,498393483059015,Taylor Press,1,1,1,0,0
datacenter,503800738751122,Iridium Communications,1,1,1,0,0
datacenter,497595095981769,Kingston Technology,1,1,1,0,0
datacenter,496815926368840,Brian Dunning,1,1,1,0,0
datacenter,496576656253035,Danfoss Climate Solutions,3,3,3,0,0
datacenter,496298453177240,itsweirdtime,1,1,1,0,0
datacenter,495654143413638,Sanford Schwartz,1,1,1,0,0
datacenter,495023683087670,Andrew Charlton MP,4,4,4,0,0
datacenter,494991279990207,Chris Miles,1,1,1,0,0
datacenter,494731933478089,Aamir Hameed Malik,1,1,1,0,0
datacenter,503014586193090,News Cuff,1,1,1,0,0
datacenter,505117002226479,Jamsphere,2,2,2,0,0
datacenter,525032293601407,Huawei Digital Power,33,33,33,0,0
datacenter,515463450902467,Damon Carr,1,1,1,0,0
datacenter,523751350681868,Deutsche Telekom Business Europe,2,2,2,0,0
datacenter,523346323727116,The Unfiltered Yenta,1,1,1,0,0
datacenter,522906320524057,Alsina Formwork,1,1,1,0,0
datacenter,519462840544317,Reilly for Montana,1,1,1,0,0
datacenter,518809570952399,Christopher Baker,2,2,2,0,0
datacenter,518121541222989,Cynthia A. Johnson,1,1,1,0,0
datacenter,517501327659863,Comin Asia,5,5,5,0,0
datacenter,516429044518555,Jason Lawrence Spangehl,1,1,1,0,0
datacenter,515150614330886,Benchstone Inc. - POEA Overseas Jobs for Filipinos,1,1,1,0,0
datacenter,505323565936262,The RoundUp,1,1,1,0,0
datacenter,512144225114135,What's Good Calgary,1,1,1,0,0
datacenter,511550864927153,Junior Kekuewa Jr.,2,2,2,0,0
datacenter,510046304920084,Panasonic Business Solutions Philippines,1,1,1,0,0
datacenter,509899981885752,Mandie Ledkins,1,1,1,0,0
datacenter,509847465066271,Optimal Technology Private Limited,2,2,2,0,0
datacenter,509141161677808,National Internet Exchange of India,4,4,4,0,0
datacenter,509054415019743,Clap Pakistan,4,4,4,0,0
datacenter,508155568289348,Sky’s Shutter,1,1,1,0,0
datacenter,554678186946462,Mario Aldayuz,2,2,2,0,0
datacenter,555909477161534,Jason Bryan,1,1,1,0,0
datacenter,555921763357984,CSPAN Classroom,1,1,1,0,0
datacenter,585396923786696,95.1 FM/AM 1420 WIMS,3,3,3,0,0
datacenter,588723997068331,Joe Larson,1,1,1,0,0
datacenter,588512507073462,Iowa Communications Network,1,1,1,0,0
datacenter,587975867429527,Re'an Khan,2,2,2,0,0
datacenter,586962937271675,Yes Pakistan,2,2,2,0,0
datacenter,586386630530034,BITZER,4,4,4,0,0
datacenter,586373844429214,Think American News,1,1,1,0,0
datacenter,585689460843057,Jered L Scurlock,3,3,3,0,0
datacenter,585575064300347,TechnoDeals USA,8,8,8,0,0
datacenter,584550094644726,Pi Network India,1,1,1,0,0
datacenter,590084740470869,Colorado Springs Town Tidings - News & Events,5,5,5,0,0
datacenter,584489127711472,Raja Kumar,1,1,1,0,0
datacenter,583300544809894,Mamun Jitu,1,1,1,0,0
datacenter,583082504296155,Tristan Ahumada,1,1,1,0,0
datacenter,582395248217962,Christy Bailey,1,1,1,0,0
datacenter,581776421685010,Sedrick Turner,1,1,1,0,0
datacenter,581748887540654,Factswala01,1,1,1,0,0
datacenter,579275441331578,Ashley Smith 13News Now,2,2,2,0,0
datacenter,579077914744780,The Lynchburg Times,3,3,3,0,0
datacenter,589013357534476,Josephine Madrillo Lewis,1,1,1,0,0
datacenter,592388553218758,Wateen Telecom,1,1,1,0,0
datacenter,555968087236479,Bitdeer,33,33,33,0,0
datacenter,604651212677606,Shalten Hato,1,1,1,0,0
datacenter,614331420920046,Sisay Belihu,1,1,1,0,0
datacenter,613912004932825,Kaveri Gopakumar,2,2,2,0,0
datacenter,611817671544974,Data Analytics Thailand,1,1,1,0,0
datacenter,610766558379313,POA English,1,1,1,0,0
datacenter,607217242384886,Tyler Swain,8,8,8,0,0
datacenter,606930265737476,KPassionate,1,1,1,0,0
datacenter,606341239211503,ServerWare,2,2,2,0,0
datacenter,606279338508371,Leader Computers AU,1,1,1,0,0
datacenter,604354811924952,Machineseeker.com,1,1,1,0,0
datacenter,594542116658681,Energy Source & Distribution,4,4,4,0,0
datacenter,602560852411206,ۦۦ ۦۦ ۦۦ ۦۦ,1,1,1,0,0
datacenter,601948919048413,Sanju Dhatterwal,1,1,1,0,0
datacenter,600929762277611,El stocktrooper,1,1,1,0,0
datacenter,599978859771895,George Tilesch,1,1,1,0,0
datacenter,597945863404358,CAPS LOCK,1,1,1,0,0
datacenter,597765832779347,Emmvee Group,1,1,1,0,0
datacenter,597258745965848,Peter Zezas,8,8,8,0,0
datacenter,594597483003629,Khaleej Journal,2,2,2,0,0
datacenter,577582648289524,Thai Fintech Association - สมาคมฟินเทคประเทศไทย,3,3,3,0,0
datacenter,576694481812451,Kavi News,2,2,2,0,0
datacenter,576439661576531,Sonoras Mexican Grill,1,1,1,0,0
datacenter,559795007035562,ReadySpace,1,1,1,0,0
datacenter,562839800161870,Alpha Net,1,1,1,0,0
datacenter,562707363053483,KPIT,1,1,1,0,0
datacenter,562657222840545,Opteon Products,1,1,1,0,0
datacenter,562443156671833,Neil Hodge,1,1,1,0,0
datacenter,562421796502339,Cybersecurity by CyberKid,1,1,1,0,0
datacenter,561327859568076,Melissa Rademaker,2,2,2,0,0
datacenter,560267680287430,TradingKey,20,20,20,0,0
datacenter,559801923777389,Jean Anne Best,1,1,1,0,0
datacenter,559439966526736,Kate Hussey,1,1,1,0,0
datacenter,575422791705114,ABB,1,1,1,0,0
datacenter,558908033815854,Victoria Nahari,1,1,1,0,0
datacenter,558708473351167,Pristine Power Solutions,1,1,1,0,0
datacenter,558421313286507,Acuity Inc.,1,1,1,0,0
datacenter,558243513609144,Power Bull,2,2,2,0,0
datacenter,558169573466812,Huawei Nepal,6,6,6,0,0
datacenter,557953693569679,GRRAS Solutions Pvt. Ltd.,3,3,3,0,0
datacenter,556876276733287,Allen Milk,1,1,1,0,0
datacenter,556527723868180,Opportunities Radar,1,1,1,0,0
datacenter,563440836302771,Patti Knick,1,1,1,0,0
datacenter,563499793307833,Punjab Education Sector Reforms Program,3,3,3,0,0
datacenter,565030729367983,Marius Comper,7,7,7,0,0
datacenter,565634819439823,Katie Ladzinski,2,2,2,0,0
datacenter,575099644992308,溫傑,1,1,1,0,0
datacenter,574749445197656,Jordan Cooley,1,1,1,0,0
datacenter,574598965431236,AvaTrade,1,1,1,0,0
datacenter,574067475786258,Garima Bikas Bank Limited,1,1,1,0,0
datacenter,574065059087833,The Facts,1,1,1,0,0
datacenter,573690111823883,The New York Editorial,1,1,1,0,0
datacenter,572347372384773,Evvolvx,1,1,1,0,0
datacenter,572184702096181,Paul Thomas,1,1,1,0,0
datacenter,571988035814305,Chinenye Omanukwue,1,1,1,0,0
datacenter,569085508942800,Matthew De Fede,2,2,2,0,0
datacenter,568967789255840,Ean Mills,1,1,1,0,0
datacenter,568260109651198,Fact FlOw,1,1,1,0,0
datacenter,567254565699610,Seeking Alpha,1,1,1,0,0
datacenter,566424456035593,Visualmodo,1,1,1,0,0
datacenter,566208479891906,Thejobwalk,31,31,31,0,0
datacenter,565930272478248,School Education Department Punjab News,1,1,1,0,0
datacenter,565691052663864,Puresave Computer Store,1,1,1,0,0
datacenter,689768656330611,Caribbean News Global,3,3,3,0,0
datacenter,689864599963928,Synapse Conclave,1,1,1,0,0
datacenter,690831959863894,The Green Post,1,1,1,0,0
datacenter,752160263109764,The CIO world,1,1,1,0,0
datacenter,753778063293204,RealAgriculture,1,1,1,0,0
datacenter,753772706821153,MoreThanTheCurve.com,1,1,1,0,0
datacenter,753553289538789,Flagler Live,1,1,1,0,0
datacenter,753516900302062,Only In Florida,1,1,1,0,0
datacenter,753478906659015,American Geographical Society,3,3,3,0,0
datacenter,753080147392189,C&S Chemicals,1,1,1,0,0
datacenter,753066966455520,CloudFest,6,6,6,0,0
datacenter,752712026928428,Morgan Clark,7,7,7,0,0
datacenter,752090287421526,The Road To Adventures,1,1,1,0,0
datacenter,754367749696348,Vincent Ledvina - 'The Aurora Guy',1,1,1,0,0
datacenter,751775169778056,Love Indian Page,1,1,1,0,0
datacenter,751455411216937,Ola van Zyl,1,1,1,0,0
datacenter,751388457804038,Blast From the Ads,1,1,1,0,0
datacenter,751035120540371,Start Up Rajasthan,1,1,1,0,0
datacenter,750711926567901,Namecheap.com,1,1,1,0,0
datacenter,749362373303475,Generation Atomic,5,5,5,0,0
datacenter,749249847305845,Institute of Integrated Electrical Engineers of the Philippines Inc.,1,1,1,0,0
datacenter,748636154349349,Austin Sletmoe,1,1,1,0,0
datacenter,754033814164025,Said Mahir Afghan,2,2,2,0,0
datacenter,754489222709508,TechX,7,7,7,0,0
datacenter,748368791338685,Alfred Lazarus,1,1,1,0,0
datacenter,755963523725533,Aman Mukhiya,1,1,1,0,0
datacenter,757375677390924,Discovery Life,2,2,2,0,0
datacenter,757210969874787,Women's Pro Rodeo Today,1,1,1,0,0
datacenter,757096992420567,Radio Taiwan International,1,1,1,0,0
datacenter,756870586378323,Khaosod English,2,2,2,0,0
datacenter,756752346985403,NCIBTimes Kannada,1,1,1,0,0
datacenter,756620506430011,Nomorecheezmeh,1,1,1,0,0
datacenter,756348616444356,Green9ja,1,1,1,0,0
datacenter,756259205934248,Property Report by PropertyGuru,7,7,7,0,0
datacenter,755732639815385,Mark Zuckerberg,3,3,3,0,0
datacenter,754752583175824,MUNSIF TV INDIA,2,2,2,0,0
datacenter,755611340107996,BONGO WIKI,1,1,1,0,0
datacenter,755249179394540,World Council for Health,2,2,2,0,0
datacenter,755210353832633,Sebastian Busquets,1,1,1,0,0
datacenter,755108159398428,News India Times,1,1,1,0,0
datacenter,755070324243725,FPG Technologies and Solutions,1,1,1,0,0
datacenter,755007017572476,Resonance Automation,1,1,1,0,0
datacenter,754916609955275,Razu Rahman,1,1,1,0,0
datacenter,754884954260327,Markus Marky P Pringle,1,1,1,0,0
datacenter,748492091115145,Kenera International PLC,25,25,25,0,0
datacenter,747716947299451,Ronnie Ward - Florida Real Estate,3,3,3,0,0
datacenter,737674362208814,David Bombal,5,5,5,0,0
datacenter,739528548188728,Given T Mahwayi,1,1,1,0,0
datacenter,741298721468805,Jennifer  Baileys WLKY,1,1,1,0,0
datacenter,740545084871568,InfoSec4TC,3,3,3,0,0
datacenter,740270382472366,Core Explainer YT,1,1,1,0,0
datacenter,740249015409917,Clearmatrix,1,1,1,0,0
datacenter,740200482427790,Emma Curtis,1,1,1,0,0
datacenter,740198441572307,China Telecom Global,7,7,7,0,0
datacenter,740190034767747,Minecraft Education,1,1,1,0,0
datacenter,739556618569729,Nicholas Roy,2,2,2,0,0
datacenter,739213979111230,Drama Serials 9.7,1,1,1,0,0
datacenter,741739045581183,Swami Shyam Sundar,1,1,1,0,0
datacenter,738670651304085,WTE Solutions,1,1,1,0,0
datacenter,738515505053803,SOS electronic,1,1,1,0,0
datacenter,738433255193757,Rocketry,1,1,1,0,0
datacenter,738195722233436,Patrick Palmer,1,1,1,0,0
datacenter,738138498566801,Liz McLaughlin,4,4,4,0,0
datacenter,737879214960392,Notisia ING,1,1,1,0,0
datacenter,737862991452770,Paul Rivera,2,2,2,0,0
datacenter,737825472213357,The Rush Funplex,1,1,1,0,0
datacenter,741696225033791,PATCHBOX,1,1,1,0,0
datacenter,741798871682575,Red Moth Technologies,1,1,1,0,0
datacenter,747710234212473,Aggreko,10,10,10,0,0
datacenter,744921824040770,MPRTC Recruitment,1,1,1,0,0
datacenter,747580073922885,Radio Jordan 96.3 FM,1,1,1,0,0
datacenter,747227713883644,Simone A. Jameson,3,3,3,0,0
datacenter,746552463902137,Anumula Revanth Reddy,1,1,1,0,0
datacenter,746015454805159,Jennifer Rae Albritton,12,12,12,0,0
datacenter,745475177736800,Florida Panhandle Springs and Fossils,1,1,1,0,0
datacenter,745299470847761,Kim Castro KHOU,1,1,1,0,0
datacenter,745230391137636,Energy Jobline,3,3,3,0,0
datacenter,745122708500052,The Kobeissi Letter,2,2,2,0,0
datacenter,744313640971891,TechRepublic,4,4,4,0,0
datacenter,742366131324470,Baylee Bates,7,7,7,0,0
datacenter,743985310943666,Jordan Tracy,1,1,1,0,0
datacenter,743951305248799,Khushboo Bainsla,1,1,1,0,0
datacenter,743597478708666,Tamara Smith,2,2,2,0,0
datacenter,743482344567368,Fusionlit Games,1,1,1,0,0
datacenter,742802834449261,William Holtz Lake TV,1,1,1,0,0
datacenter,742759981220455,HotHardware.com,15,15,15,0,0
datacenter,742505434349680,NetBlocks,1,1,1,0,0
datacenter,742449457610486,Circuit Digest,4,4,4,0,0
datacenter,758830753374472,Lucy Jean,1,1,1,0,0
datacenter,759155566191044,Amy Steigerwald,1,1,1,0,0
datacenter,759684066038190,SA Youth Empowerment and Development,1,1,1,0,0
datacenter,771121772161904,Solar HR Management,2,2,2,0,0
datacenter,773585361408661,Proptech Realtors,2,2,2,0,0
datacenter,773309764903685,Green.IT,4,4,4,0,0
datacenter,772871072249136,IWY Total Solution Provider,1,1,1,0,0
datacenter,772640474885690,IT Revolution,1,1,1,0,0
datacenter,772532105595199,The Branding Lady,1,1,1,0,0
datacenter,771520372377285,Brandon Bell,1,1,1,0,0
datacenter,771198235063947,Fatima Nazish,1,1,1,0,0
datacenter,771184642492675,South Jersey Preservation,1,1,1,0,0
datacenter,770725709406188,Frank Heisz,1,1,1,0,0
datacenter,773743937891278,Day of Dubai,1,1,1,0,0
datacenter,770629485319822,Techmed Times,4,4,4,0,0
datacenter,770471425748950,Odia Seekho,1,1,1,0,0
datacenter,770442684739610,Rohi,1,1,1,0,0
datacenter,770363124957285,Senator Andrew Zwicker,1,1,1,0,0
datacenter,770236682683842,Nana Obeng-Kwateng,1,1,1,0,0
datacenter,770022971926402,Samtec,1,1,1,0,0
datacenter,769759725940555,AnAnA Computer,8,8,8,0,0
datacenter,769397835360963,Aakar IAS,1,1,1,0,0
datacenter,773630031732825,Show 1,2,2,2,0,0
datacenter,773773358617154,Juno Quinn,1,1,1,0,0
datacenter,759754067095517,Gajeeban Navaratnarajah,3,3,3,0,0
datacenter,775466454794973,Arm,1,1,1,0,0
datacenter,777073951055650,Abdel Fatah Ahmed,2,2,2,0,0
datacenter,776701511192779,How-To Geek,1,1,1,0,0
datacenter,776549224049734,Estarta Solutions,2,2,2,0,0
datacenter,776311977413421,Charles Awuzie,2,2,2,0,0
datacenter,776175747709081,STMicroelectronics NV,1,1,1,0,0
datacenter,776135114455413,"City of San Angelo, Texas – City Government",2,2,2,0,0
datacenter,775718765343657,"Janis Morris, Realtor",1,1,1,0,0
datacenter,775518098571216,Yinka Obebe,1,1,1,0,0
datacenter,775369204608055,"Депутатлар ҳамда, Мактабгача ва Мактаб таълими минбари",1,1,1,0,0
datacenter,774002114641005,Peter Brouwer,1,1,1,0,0
datacenter,775336012047687,Kristi's Kreations,1,1,1,0,0
datacenter,775297508878405,BizMarg Consulting Services Pvt Ltd,1,1,1,0,0
datacenter,775284944621081,National Electrical Contractors Association - NECA,1,1,1,0,0
datacenter,775233321315899,Senator Rachel Ventura,1,1,1,0,0
datacenter,774825467439464,Kentucky.com,2,2,2,0,0
datacenter,774388372170561,Kyle James Lee,1,1,1,0,0
datacenter,774156742137931,Doer Services PLC,2,2,2,0,0
datacenter,774142828259150,AllSurplus,1,1,1,0,0
datacenter,769388651771883,St. Charles County Missouri Scanner Traffic,2,2,2,0,0
datacenter,768973901772595,GaijinPot,1,1,1,0,0
datacenter,768879829094365,Cryorig,1,1,1,0,0
datacenter,762726505287170,St Lucia News Now,1,1,1,0,0
datacenter,764149595578389,NextGen PHDefense,1,1,1,0,0
datacenter,764040269539967,Kara Philip,1,1,1,0,0
datacenter,763337242864096,Luke Rowley,2,2,2,0,0
datacenter,763309546463725,SammyV,1,1,1,0,0
datacenter,762899243441464,Tee Meis,1,1,1,0,0
datacenter,762823206386287,Joycylyn Cunan,1,1,1,0,0
datacenter,762792482406665,Her WILL,1,1,1,0,0
datacenter,762737855594502,Business World Lesotho,1,1,1,0,0
datacenter,762378783280143,The Booster Bay,1,1,1,0,0
datacenter,768195821994394,The New Centre for Research & Practice,1,1,1,0,0
datacenter,761983856584416,CervKnowledge,2,2,2,0,0
datacenter,761797805738069,Energybot,2,2,2,0,0
datacenter,761647942520733,Home & Office Improvements Ltd,6,6,6,0,0
datacenter,760517368951710,"Neuwest Technology, Inc.",1,1,1,0,0
datacenter,760428987006203,WORLD News ,2,2,2,0,0
datacenter,760388420460768,Enas Samir,1,1,1,0,0
datacenter,760360765857823,The Globe and Mail,1,1,1,0,0
datacenter,759874182874870,Alvern Cables,1,1,1,0,0
datacenter,764206266419396,Nexus News,1,1,1,0,0
datacenter,764327758523547,San Diego County District Attorney,1,1,1,0,0
datacenter,764373021725563,Deal & Deals Pvt. Ltd.,1,1,1,0,0
datacenter,764510648528629,The Daily Tout,2,2,2,0,0
datacenter,767840332837351,Brian Hanson,1,1,1,0,0
datacenter,767684323027347,MPOnline Limited,1,1,1,0,0
datacenter,767469118619158,Eland Cables,2,2,2,0,0
datacenter,767035915189242,KCTV5 News Kansas City,12,12,12,0,0
datacenter,766876515151147,Saradise,1,1,1,0,0
datacenter,766486226292654,Chris Dancy,1,1,1,0,0
datacenter,766150259239228,Biswajit Das,1,1,1,0,0
datacenter,766124488290537,ITEdgeNews,1,1,1,0,0
datacenter,766023105793926,Chelsea Trojanowski,2,2,2,0,0
datacenter,765854653241050,Mousim Shafi,1,1,1,0,0
datacenter,765729456348223,Qsource Outsourcing,1,1,1,0,0
datacenter,765683183218425,Ecowatt Nigeria Limited,1,1,1,0,0
datacenter,765297282284671,Businessbuzz,1,1,1,0,0
datacenter,765143605749967,The Underground World News,3,3,3,0,0
datacenter,765082159107315,KWHI 1280,1,1,1,0,0
datacenter,764975823325818,Shaker Consultancy Group,1,1,1,0,0
datacenter,764948548659517,Iqbal Latif,2,2,2,0,0
datacenter,737722594840119,"Insight Enterprises, Inc.",4,4,4,0,0
datacenter,737466108790505,IT Plus Magazine,1,1,1,0,0
datacenter,690933333201844,Indiana Dunes Hiking,4,4,4,0,0
datacenter,708221871452381,Jeremy Munson,1,1,1,0,0
datacenter,709670880606980,The Atlanta Journal-Constitution,1,1,1,0,0
datacenter,709570712092347,Factify,1,1,1,0,0
datacenter,709554887859256,News Of Bahrain,1,1,1,0,0
datacenter,709262591251321,NBC Palm Springs,2,2,2,0,0
datacenter,709201207863796,Space FrontPage,3,3,3,0,0
datacenter,708901454761751,Eectrical world,1,1,1,0,0
datacenter,708836461929356,Bitcoin Miners,1,1,1,0,0
datacenter,708771988934618,Michael Rivers,1,1,1,0,0
datacenter,707335811687812,Businessmoneywealth,3,3,3,0,0
datacenter,710145151017241,சாணக்யா,1,1,1,0,0
datacenter,707227184974017,QNAP,5,5,5,0,0
datacenter,707224841297838,WSPA 7News,3,3,3,0,0
datacenter,707032772412062,themagnoliamarketing.com,1,1,1,0,0
datacenter,706995885368101,LeVonne M Badger,1,1,1,0,0
datacenter,706980984642750,Digit,1,1,1,0,0
datacenter,706789584708277,DI.FM,1,1,1,0,0
datacenter,706751761871218,Sunland News,9,9,9,0,0
datacenter,706680354431764,股癌 Gooaye,1,1,1,0,0
datacenter,709974934682854,Our Blue Planet,13,13,13,0,0
datacenter,710257681982340,Bytesizenetwork,1,1,1,0,0
datacenter,706165492188723,Ur Scene,2,2,2,0,0
datacenter,712820794055465,NVIDIA Asia Pacific,25,25,25,0,0
datacenter,715064384531708,Brand Minutes,1,1,1,0,0
datacenter,714122358260341,QuantumXparadoxx,1,1,1,0,0
datacenter,713838878413393,Metafastestmcc,1,1,1,0,0
datacenter,713833760178906,The News & Observer,1,1,1,0,0
datacenter,713652997174671,Schneider Electric,4,4,4,0,0
datacenter,713249007326277,WACH FOX,1,1,1,0,0
datacenter,713092040303974,Stock Sharks,1,1,1,0,0
datacenter,712848480306474,We Are Iowa Local 5 News,2,2,2,0,0
datacenter,712470377477918,FOUR STAR IT,1,1,1,0,0
datacenter,710300984253151,Schneider Electric,1,1,1,0,0
datacenter,712103174369350,Red Hat,2,2,2,0,0
datacenter,711928680878330,ICT Business,7,7,7,0,0
datacenter,711854494386403,ManSplain,1,1,1,0,0
datacenter,711853114353836,iOS vs Android memes,3,3,3,0,0
datacenter,711791055162752,Diginote,1,1,1,0,0
datacenter,710828700900454,Newegg,1,1,1,0,0
datacenter,710535354236205,Cyreia Sandlin,1,1,1,0,0
datacenter,710345974343716,Kalkine,1,1,1,0,0
datacenter,706347651777686,Robyn Chavarria,1,1,1,0,0
datacenter,705501911926103,Carmealla Steele,1,1,1,0,0
datacenter,737205381708980,Sika,2,2,2,0,0
datacenter,693925557048289,Thomas Tompa Tornevall,1,1,1,0,0
datacenter,697538732000091,The Sun Malaysia,1,1,1,0,0
datacenter,696934739060442,Legrand,1,1,1,0,0
datacenter,696886892932822,Daily USA Trend,1,1,1,0,0
datacenter,696232263504397,Jennifer Childre Starkey,2,2,2,0,0
datacenter,695060286635745,Te Bow,1,1,1,0,0
datacenter,694749479954930,The Digital Nomad Guy,1,1,1,0,0
datacenter,694186656243422,Engineering News-Record,3,3,3,0,0
datacenter,694124402851789,4biddenknowledge,2,2,2,0,0
datacenter,693456736071141,Startup Dubai,1,1,1,0,0
datacenter,698204628951659,Network World,6,6,6,0,0
datacenter,693401419677621,Om Prineur ,1,1,1,0,0
datacenter,693192286107946,TechSpot,1,1,1,0,0
datacenter,692399556174462,Ｌ Ｏ Ｓ Ｔ  Ｓ Ｏ Ｕ Ｌ,2,2,2,0,0
datacenter,692196287000934,Zyxel Technology India - Pvt Ltd,1,1,1,0,0
datacenter,691811733940919,Ranching Rays ,1,1,1,0,0
datacenter,691450806944919,Katie Kate,1,1,1,0,0
datacenter,691433507375340,Brittney Jolee Setzer,1,1,1,0,0
datacenter,691018946215110,Arizona Public Media,2,2,2,0,0
datacenter,697641039161769,"Rigzone.com is The Leader in Oil & Gas Jobs, News, Oil Prices, and Events.",7,7,7,0,0
datacenter,698486612335549,Lanz Angelo Rhyz Travels & Foods,4,4,4,0,0
datacenter,704900961587803,News Karnataka,2,2,2,0,0
datacenter,702864395025942,Bloomberg Television,3,3,3,0,0
datacenter,704693921729540,Chief Meteorologist Jacob Riley KLBK,2,2,2,0,0
datacenter,704340775016918,Gathope.com,16,16,16,0,0
datacenter,704283761228366,Tripurainfoway,1,1,1,0,0
datacenter,704086421840986,Grab 'em by the Cheeto,2,2,2,0,0
datacenter,703705492600117,ESDS Software Solution Ltd,23,23,23,0,0
datacenter,703611121916230,Cagayan Economic Zone Authority,1,1,1,0,0
datacenter,703197185996099,AmazingRDP,11,11,11,0,0
datacenter,703113739518282,Casey Bosma,1,1,1,0,0
datacenter,702727169254709,Khael Nomir,1,1,1,0,0
datacenter,698635049278233,T5 Electronics,1,1,1,0,0
datacenter,702512501986600,The Lagos State Government,1,1,1,0,0
datacenter,702327298584298,LEX 18,6,6,6,0,0
datacenter,701788855109429,Ted Rogers School of Management - Toronto Metropolitan University,1,1,1,0,0
datacenter,701126288128728,Morocco World News,2,2,2,0,0
datacenter,700704708700731,Truth insider Trends,1,1,1,0,0
datacenter,700686828912860,UATL,1,1,1,0,0
datacenter,700097045524991,KRCR News Channel 7,1,1,1,0,0
datacenter,699971379081543,Joe Danyi,5,5,5,0,0
datacenter,715212607201566,Republica,1,1,1,0,0
datacenter,715600726792674,Indivisible Virginia,2,2,2,0,0
datacenter,715617107336953,Convention of States Indiana,1,1,1,0,0
datacenter,730391109498334,Matt Moore,1,1,1,0,0
datacenter,732087142204352,ESCO,3,3,3,0,0
datacenter,731989295586739,Larry D. Williams,4,4,4,0,0
datacenter,731517392158761,Pakistan Jobs City,1,1,1,0,0
datacenter,731208052376370,Gadgets Magazine,1,1,1,0,0
datacenter,730978776079433,MCM Transportation LLC,1,1,1,0,0
datacenter,730962658984035,WyoFile,1,1,1,0,0
datacenter,730645009705070,Adewale Yusuf,1,1,1,0,0
datacenter,730639432380845,Farhan Iqbal,1,1,1,0,0
datacenter,730385502961634,Armando D. Sotero Jr.,1,1,1,0,0
datacenter,733413019805989,Fikade Aina,1,1,1,0,0
datacenter,730214532483130,VICE,2,2,2,0,0
datacenter,729675642710225,Ask Dave Taylor,1,1,1,0,0
datacenter,729390199395229,Southeast Asia Building,6,6,6,0,0
datacenter,729333082557590,Engineering at Meta,1,1,1,0,0
datacenter,729314873137367,Nextup Pakistan,1,1,1,0,0
datacenter,728694290304347,InCorp Indonesia,1,1,1,0,0
datacenter,728608775965892,Wilson Dairy Farm MD,3,3,3,0,0
datacenter,728438842914388,Forbes College,1,1,1,0,0
datacenter,733052159261891,Adam Hatfield,1,1,1,0,0
datacenter,733497845560906,MSI Gaming,1,1,1,0,0
datacenter,715649931224174,Botswana Fibre Networks,1,1,1,0,0
datacenter,734973408587797,InformationWeek,2,2,2,0,0
datacenter,737174992763268,Angel Lopez,1,1,1,0,0
datacenter,737099268186169,Reid W. Rasner,4,4,4,0,0
datacenter,736522188526355,Idaho National Laboratory,2,2,2,0,0
datacenter,735505918885088,mu Space Corp,5,5,5,0,0
datacenter,735504888984003,Jonathan Harvey,2,2,2,0,0
datacenter,735439588771870,Siraj Raval,1,1,1,0,0
datacenter,735431809508249,Kirsten Thalia,1,1,1,0,0
datacenter,735293276199898,SF Mukbang,1,1,1,0,0
datacenter,734340895261400,Malawi Job Vacancies,2,2,2,0,0
datacenter,733564002050767,Jim Hightower,2,2,2,0,0
datacenter,734179008826827,Carmen Gentile,2,2,2,0,0
datacenter,733994585532766,Ohio Political News,3,3,3,0,0
datacenter,733947619714542,Birun K Balami,1,1,1,0,0
datacenter,733844016126778,Save My Louisiana,1,1,1,0,0
datacenter,733833148554662,BvLogic.Academy,1,1,1,0,0
datacenter,733713122189912,Plus Xnergy,1,1,1,0,0
datacenter,733614978723680,Commissioner Ted Terry,2,2,2,0,0
datacenter,733575372256995,Huawei Malaysia,13,13,13,0,0
datacenter,727858999985759,Inemesit Udofia,1,1,1,0,0
datacenter,727192452904228,Hyper Media,1,1,1,0,0
datacenter,726111383736949,University of Karachi,1,1,1,0,0
datacenter,718006243574397,SRK Bharat,2,2,2,0,0
datacenter,719431084125195,Cara McClure,1,1,1,0,0
datacenter,719205190303942,Intel,2,2,2,0,0
datacenter,718931633745636,The Energy Year,10,10,10,0,0
datacenter,718793980098032,WDTN-TV,1,1,1,0,0
datacenter,718451557652849,Goni Modu Mustapha,1,1,1,0,0
datacenter,718389613737497,dinero.com.sv,1,1,1,0,0
datacenter,718287523237325,Aletihad News,2,2,2,0,0
datacenter,718168333667799,Defense News Security News Army Recognition,1,1,1,0,0
datacenter,717924097894101,David Jones,1,1,1,0,0
datacenter,725927000492696,K'Rina Fort,10,10,10,0,0
datacenter,717756613906950,Saur Energy News,3,3,3,0,0
datacenter,717601127225370,Cisco Security,3,3,3,0,0
datacenter,717287547909714,Tavia Hayduk,3,3,3,0,0
datacenter,717083293329035,The Current,2,2,2,0,0
datacenter,717036794836483,Electrical Solutions ,2,2,2,0,0
datacenter,716657250625674,Mamaw's Porch n Politics,1,1,1,0,0
datacenter,716250547277552,Jobs by Davis,2,2,2,0,0
datacenter,715828367472748,SIAO Partners,1,1,1,0,0
datacenter,719463900387893,Potomac Riverkeeper Network,3,3,3,0,0
datacenter,719517756676159,Modern Law,1,1,1,0,0
datacenter,719544970157360,ATK Notisia & Mas,1,1,1,0,0
datacenter,719590937388379,Augusta News Network: AUG-splained,2,2,2,0,0
datacenter,724748522861959,Healthy Technology Solutions,1,1,1,0,0
datacenter,724486256187447,9to5Mac,1,1,1,0,0
datacenter,724344253612637,Tyler Andrews,1,1,1,0,0
datacenter,723833823449356,Tech Link For Integrated Solutions,1,1,1,0,0
datacenter,722764959310575,Startup Saudi,1,1,1,0,0
datacenter,722762636551644,Border Communities Against Brexit,1,1,1,0,0
datacenter,722714420233576,SCT-SmartChoice Technologies Limited,2,2,2,0,0
datacenter,722709416383544,TV9 Gujarati,2,2,2,0,0
datacenter,722244356993870,Universe Unveiled,2,2,2,0,0
datacenter,721923843450139,INFOCOM CONNECT,1,1,1,0,0
datacenter,721900246492532,Cindy Gallop,1,1,1,0,0
datacenter,721601077637206,Jab Valley,1,1,1,0,0
datacenter,721177430204174,Feedy Animals,1,1,1,0,0
datacenter,721155233243633,Airtel Business,14,14,14,0,0
datacenter,720797867315289,Patrick Hershberger,1,1,1,0,0
datacenter,720222383203702,Luxembourg Expats,1,1,1,0,0
datacenter,719791780004834,Atlanta News First,1,1,1,0,0
datacenter,493775390347917,Amplified Electric LLC,2,2,2,0,0
datacenter,493641683049335,Tecnoware Italian Power Systems,2,2,2,0,0
datacenter,493617803414783,Serve Humanity Serve Kashmir,1,1,1,0,0
datacenter,328495806585910,FOX54 News Huntsville,1,1,1,0,0
datacenter,331174446488961,Smashi Business,3,3,3,0,0
datacenter,331116966264742,Public News Service,2,2,2,0,0
datacenter,330676359999988,Because We Care Henry County-Atlanta South,2,2,2,0,0
datacenter,330592946321044,HBCU Buzz,1,1,1,0,0
datacenter,330348340056771,AAF Asia,3,3,3,0,0
datacenter,329898213060989,TYT's The Conversation,1,1,1,0,0
datacenter,328788086879179,SNS NETWORK,5,5,5,0,0
datacenter,328584793131333,Search Personnel Pte Ltd,1,1,1,0,0
datacenter,328056733437749,Kotak Mutual Fund,1,1,1,0,0
datacenter,331726829397888,Fox 9,2,2,2,0,0
datacenter,327925280191285,RTI International,1,1,1,0,0
datacenter,327345610340290,Wisconsin State AFL-CIO,2,2,2,0,0
datacenter,327338873759314,Al baraka Estate,1,1,1,0,0
datacenter,327114216663385,NBC Bay Area,1,1,1,0,0
datacenter,326413633878011,sptojobslink,1,1,1,0,0
datacenter,326312310455231,ZED CHANNEL,1,1,1,0,0
datacenter,326018470474007,AVC News,1,1,1,0,0
datacenter,325475220542920,Cisco Partners,11,11,11,0,0
datacenter,331355313212928,AI Finance GURU,5,5,5,0,0
datacenter,331816823217064,BD JOBS,1,1,1,0,0
datacenter,325063633917699,Kotak Neo,1,1,1,0,0
datacenter,335654975873724,Frontline Pacific,1,1,1,0,0
datacenter,337423058874750,WhizzTanzania,1,1,1,0,0
datacenter,337390192319678,Marco Camisani Calzolari,2,2,2,0,0
datacenter,336810898786699,Project Nightfall,1,1,1,0,0
datacenter,336712482616041,EIZO,1,1,1,0,0
datacenter,336677479319747,SELC,12,12,12,0,0
datacenter,336362655456377,Malwarebytes,1,1,1,0,0
datacenter,336036859458790,The Central Virginian,15,15,15,0,0
datacenter,336010762515660,Relationship Goals,1,1,1,0,0
datacenter,335612272832388,Prosyscom Network,1,1,1,0,0
datacenter,332178319384779,The Journal Times,4,4,4,0,0
datacenter,335056928943273,Deccan Chronicle,5,5,5,0,0
datacenter,334986156006254,Lake Geneva Regional News and Resorter,1,1,1,0,0
datacenter,334753742696541,共同通信ピー・アール・ワイヤー / Kyodo News PR Wire / Japan,3,3,3,0,0
datacenter,334022042799898,MSPoweruser,1,1,1,0,0
datacenter,333910506365355,Sala Enterprises,2,2,2,0,0
datacenter,333510372634710,WFYI,2,2,2,0,0
datacenter,332418796482549,WomenTech Network,1,1,1,0,0
datacenter,332292379373329,YASH Tv,3,3,3,0,0
datacenter,325351043457351,Dan's Tech Support LLC,1,1,1,0,0
datacenter,324645170174462,Spotboye,1,1,1,0,0
datacenter,307873748822797,Alibaba Cloud,1,1,1,0,0
datacenter,310173501721673,Deccan Herald,1,1,1,0,0
datacenter,314197831148953,Solar United Neighbors,1,1,1,0,0
datacenter,314083954750115,AI at Meta,1,1,1,0,0
datacenter,313705344772496,EVtopcars,1,1,1,0,0
datacenter,313647844675075,SATX Indivisible,1,1,1,0,0
datacenter,313374908228801,ET BFSI,2,2,2,0,0
datacenter,311597605209076,TEMPO Communications,1,1,1,0,0
datacenter,310614635070461,SYNCA • Synchronicity Select Store Philippines,1,1,1,0,0
datacenter,310217698476144,Racine County Eye,2,2,2,0,0
datacenter,310152841910469,United News of India - UNI,2,2,2,0,0
datacenter,314276234632679,Red White and True News,1,1,1,0,0
datacenter,310102768107061,Gensler,1,1,1,0,0
datacenter,310087021462641,MathWorks,1,1,1,0,0
datacenter,309985611814386,Science & News by Reccom Magazine,2,2,2,0,0
datacenter,309213775303039,AdoboTech,2,2,2,0,0
datacenter,309155892028678,Citrix,3,3,3,0,0
datacenter,308962358792018,KOTV - News On 6,1,1,1,0,0
datacenter,308515458696687,The Cenla Report,1,1,1,0,0
datacenter,308447958585876,Startup Selfie,1,1,1,0,0
datacenter,314233265029318,K P,4,4,4,0,0
datacenter,314392481329443,Jobless vs Jobholder-JvsJ,1,1,1,0,0
datacenter,324367837012559,The Brazilian Report,5,5,5,0,0
datacenter,320436914478243,ICTGlobe,2,2,2,0,0
datacenter,323953076804305,Inspiring Young India,1,1,1,0,0
datacenter,322889770290655,Donald Trump For President,1,1,1,0,0
datacenter,322586347164993,Unbreality,1,1,1,0,0
datacenter,322196307205388,DirectIndustry,1,1,1,0,0
datacenter,321363077208498,Associated Press of Pakistan,2,2,2,0,0
datacenter,321017314113464,U.S. Trade and Development Agency (USTDA),1,1,1,0,0
datacenter,320625544083548,Chad B Schmidt,1,1,1,0,0
datacenter,320511860693076,99RDP,2,2,2,0,0
datacenter,319428061039432,Eric Deters Show,1,1,1,0,0
datacenter,314516140938905,Indianapolis Recorder Newspaper,1,1,1,0,0
datacenter,318778284412949,Trane Technologies,2,2,2,0,0
datacenter,318178964614761,PosTs,1,1,1,0,0
datacenter,317590204718859,Sterling And Wilson,27,27,27,0,0
datacenter,316910864264346,Hespress English,2,2,2,0,0
datacenter,316641860725511,HeartO2 Corporation,1,1,1,0,0
datacenter,316233984846174,The Sun Times News,15,15,15,0,0
datacenter,315157991574270,Kevin O'Leary,3,3,3,0,0
datacenter,314854934508618,KSDK News,3,3,3,0,0
datacenter,338017975651887,Lost Dogs Ohio,1,1,1,0,0
datacenter,338041916024015,ABB,6,6,6,0,0
datacenter,338732348844345,NBT World,4,4,4,0,0
datacenter,354079450819730,TweakTown,5,5,5,0,0
datacenter,356572196704208,KPMG India Careers,1,1,1,0,0
datacenter,356337413504007,Heritage Taxidermy,1,1,1,0,0
datacenter,355999913476003,Globe Today News,1,1,1,0,0
datacenter,355946444106140,Ng Sze Han 黄思汉,1,1,1,0,0
datacenter,355870220105510,KSL 5 TV,3,3,3,0,0
datacenter,355097406869736,Astha.IT,1,1,1,0,0
datacenter,354534503588341,La Crosse Tribune,2,2,2,0,0
datacenter,354442907213408,The Energy Mixx Radio Show,1,1,1,0,0
datacenter,354061767511821,Tarrant County Democratic Party,1,1,1,0,0
datacenter,356632467108416,Sgt Scholar,2,2,2,0,0
datacenter,353517283848307,NVIDIA AI,13,13,13,0,0
datacenter,353235000778054,Thee kisii kidd Edmond,1,1,1,0,0
datacenter,352661434443445,BBN Channel,1,1,1,0,0
datacenter,352502287792950,Analytics & Artificial Intelligence Association of the Philippines,1,1,1,0,0
datacenter,352125200528838,TashiCell,1,1,1,0,0
datacenter,351721597831378,The Somerset Insider,1,1,1,0,0
datacenter,351691831160403,Red Hat,1,1,1,0,0
datacenter,350863671180204,KleverStock.my,3,3,3,0,0
datacenter,356586547368348,Stand Up for Pennsylvania's Middle Class,5,5,5,0,0
datacenter,356715606810646,Being Guru,2,2,2,0,0
datacenter,339035959054395,Greenwich University,1,1,1,0,0
datacenter,360761666790595,Senora Scott,1,1,1,0,0
datacenter,363386549766403,Heidi Hatch,1,1,1,0,0
datacenter,362767559906510,TinyGems,4,4,4,0,0
datacenter,362583419955917,TWiT,3,3,3,0,0
datacenter,361818236913086,eUnittrust.com.my,3,3,3,0,0
datacenter,361176280271174,Tektronix Europe,1,1,1,0,0
datacenter,361121173521699,Common Sense with Chad Law,1,1,1,0,0
datacenter,361027983316749,VacancyEthiopia,1,1,1,0,0
datacenter,360857773481557,ET CISO,1,1,1,0,0
datacenter,360251956599898,LULAC,1,1,1,0,0
datacenter,356983624010833,State Rep. Holly Cheeseman,2,2,2,0,0
datacenter,360020303147900,Babajide Sanwo-Olu,1,1,1,0,0
datacenter,359909486671342,Global Perspective by Tufail Abbas,2,2,2,0,0
datacenter,359225016427710,Reuters,2,2,2,0,0
datacenter,359175573413815,"Saffron Public School, Phagwara",1,1,1,0,0
datacenter,358859966610438,OMGFacts,3,3,3,0,0
datacenter,358064023475431,Centre for e-Governance,1,1,1,0,0
datacenter,358027970497680,Startup.Pedia,1,1,1,0,0
datacenter,357670920109437,ProgressNow Colorado,1,1,1,0,0
datacenter,350680891054588,Zee Business English,2,2,2,0,0
datacenter,350400518095616,Catawba Valley Community College,2,2,2,0,0
datacenter,350109201225095,Pinelands Alliance,1,1,1,0,0
datacenter,342952495430395,The Fckin News,1,1,1,0,0
datacenter,344863505279889,Great Day Washington,1,1,1,0,0
datacenter,344785611888828,Jimmy Rex,1,1,1,0,0
datacenter,344713835216402,Nilam Giri,1,1,1,0,0
datacenter,344340077982566,Borneo Bulletin,2,2,2,0,0
datacenter,344170208048277,NVIDIA,4,4,4,0,0
datacenter,343352205526565,College of Computing and Data Science,1,1,1,0,0
datacenter,343314271855462,Keysight,19,19,19,0,0
datacenter,343195318357879,Tone News,1,1,1,0,0
datacenter,342418101903769,The Mackinac Center for Public Policy,2,2,2,0,0
datacenter,350065657453893,KFOX-TV,5,5,5,0,0
datacenter,342226482189707,DaNang 365,1,1,1,0,0
datacenter,342177958389219,Philstar.com,1,1,1,0,0
datacenter,341822061681772,ABB,9,9,9,0,0
datacenter,341476275427030,Sika GCC,1,1,1,0,0
datacenter,341289395437693,National Wildlife Federation Action Fund,1,1,1,0,0
datacenter,340101045602186,Kiko Ta Pasando Notisia pagina,3,3,3,0,0
datacenter,339306238554893,TechGoggles Gaming,1,1,1,0,0
datacenter,339271565703267,BritCham Cambodia,1,1,1,0,0
datacenter,344878214985529,Thai Enquirer,12,12,12,0,0
datacenter,345045325130098,Generator Source,5,5,5,0,0
datacenter,345437668384775,"نهضة سوريا ""فرص عمل""",1,1,1,0,0
datacenter,345552424916787,SUCH News,1,1,1,0,0
datacenter,349719980853279,DINTEK Electronic Limited,5,5,5,0,0
datacenter,349218561361027,Anti-Spootnik,1,1,1,0,0
datacenter,349025147918875,Desert Sun,2,2,2,0,0
datacenter,349004201334524,SeriousTraders,2,2,2,0,0
datacenter,348929524354224,Analyse Podcast,3,3,3,0,0
datacenter,348843724577698,BW Businessworld,7,7,7,0,0
datacenter,348630567925576,TheNeutral.pk,2,2,2,0,0
datacenter,348262071370928,"WMSN FOX 47 News, Madison",1,1,1,0,0
datacenter,348254274268897,Siemens,1,1,1,0,0
datacenter,348227141718931,Teacher Grace,1,1,1,0,0
datacenter,348076567622598,Erika Mann,1,1,1,0,0
datacenter,347849481465899,TradersPro,2,2,2,0,0
datacenter,347289301104007,KVIA ABC-7,10,10,10,0,0
datacenter,347218964429398,Insider Finance,1,1,1,0,0
datacenter,347112377885075,The Oregonian,3,3,3,0,0
datacenter,346048298082749,7News DC,3,3,3,0,0
datacenter,345719097888747,Splinter,1,1,1,0,0
datacenter,307929098933469,The Khalas TV,1,1,1,0,0
datacenter,307861745372272,Sharon Aamir,1,1,1,0,0
datacenter,364420229795076,The Walsh Group,1,1,1,0,0
datacenter,244909011916129,ThinkTank,1,1,1,0,0
datacenter,255947870411336,Dynexo GmbH,1,1,1,0,0
datacenter,255285257648540,Mario Anderson TV,2,2,2,0,0
datacenter,254276840888253,The Federal,1,1,1,0,0
datacenter,252679297864369,KTTC TV,3,3,3,0,0
datacenter,251808717934712,EU-Startups,1,1,1,0,0
datacenter,249528524819841,Upendra Kumar Kushwaha,1,1,1,0,0
datacenter,247842984988765,MefLyn Anwana,1,1,1,0,0
datacenter,245336601858910,IEMLabs,1,1,1,0,0
datacenter,244233481981519,International Finance,2,2,2,0,0
datacenter,257172783993761,EDN: Voice of the Engineer,1,1,1,0,0
datacenter,243270378430639,Insider Home,1,1,1,0,0
datacenter,242104958823456,Business Today,11,11,11,0,0
datacenter,241330035612010,Andy Banker on FOX 2,1,1,1,0,0
datacenter,241268025611800,Jist,1,1,1,0,0
datacenter,239982299065012,Bonnie Schneider,1,1,1,0,0
datacenter,238741195878059,The Tech Portal,22,22,22,0,0
datacenter,236818446064958,Stocks to Buy Now,4,4,4,0,0
datacenter,236296206173959,CamTech University,6,6,6,0,0
datacenter,256103543727093,Free Online Courses With Certificates,1,1,1,0,0
datacenter,258993237219946,VectorVest,1,1,1,0,0
datacenter,235115289629861,Northwest Vista College,2,2,2,0,0
datacenter,265560103069512,Georgia Coalition for Vaccine Choice,1,1,1,0,0
datacenter,270446999193826,Etcareers.com - Jobs in Ethiopia -  አዳዲስ የስራ ማስታወቂያወችን በየለቱ,1,1,1,0,0
datacenter,270059362777350,Microsoft Developer,1,1,1,0,0
datacenter,269655652644175,Fast Company,1,1,1,0,0
datacenter,269244226256740,SOMTOM,2,2,2,0,0
datacenter,268858716147451,Unbossed,1,1,1,0,0
datacenter,268240566361944,RIATA Technologies,1,1,1,0,0
datacenter,267159276446172,NVIDIA GTC,3,3,3,0,0
datacenter,267090016450969,i.TECH - Philippines,1,1,1,0,0
datacenter,265478079943812,Scott Davis,1,1,1,0,0
datacenter,260569026569509,eWeek,8,8,8,0,0
datacenter,265297343303792,Sewagegn Atalay Addis,2,2,2,0,0
datacenter,263955036639589,Ad Age,32,32,32,0,0
datacenter,263286363447171,Business News Today,2,2,2,0,0
datacenter,262817306618148,Oneindia News,1,1,1,0,0
datacenter,262405296672710,Liberals Are Cool,1,1,1,0,0
datacenter,261418366991042,Mitsubishi Electric,1,1,1,0,0
datacenter,261360266945763,Wave Watchers,1,1,1,0,0
datacenter,260862846609950,"Makati Business Club, Inc.",2,2,2,0,0
datacenter,235196979618635,Paige Meyer News,3,3,3,0,0
datacenter,234454099396061,The Breakdown,1,1,1,0,0
datacenter,307848852184650,Infosys Americas,1,1,1,0,0
datacenter,164165543387351,VCCStartups,3,3,3,0,0
datacenter,196173863429275,ArcticStartup Media,2,2,2,0,0
datacenter,195336190253808,India.com,1,1,1,0,0
datacenter,187857604281647,Detroit News,2,2,2,0,0
datacenter,186550324520583,FreightWaves,1,1,1,0,0
datacenter,186230217871208,Dot Daily Dose,1,1,1,0,0
datacenter,184826154670249,Spectrum News 1 Ohio,1,1,1,0,0
datacenter,183211788213793,Pakistan Economic Net,1,1,1,0,0
datacenter,167146446481889,Truth Is Power,2,2,2,0,0
datacenter,157977253972787,Sarah Eckhardt,1,1,1,0,0
datacenter,197648316731814,VICE World News,1,1,1,0,0
datacenter,153838824486876,Green Party of Michigan US,3,3,3,0,0
datacenter,145184022017281,KSHB 41,1,1,1,0,0
datacenter,52002268296144,Matt Farmer,1,1,1,0,0
datacenter,48102237315654,Bitcoin Capitalist,1,1,1,0,0
datacenter,45602258799971,Antony Newby,1,1,1,0,0
datacenter,44902245301474,Wardah Media,1,1,1,0,0
datacenter,32002237070857,Click Me Pakistan,2,2,2,0,0
datacenter,23702244078413,Doug Weaver Art,1,1,1,0,0
datacenter,197611090060279,IEEE Spectrum,2,2,2,0,0
datacenter,199742896465963,Indisputable with Dr. Rashad Richey,1,1,1,0,0
datacenter,234010109705475,Newswire,1,1,1,0,0
datacenter,225474267253459,The Annenberg Public Policy Center of the University of Pennsylvania,1,1,1,0,0
datacenter,233751363149778,Senate President Karen E. Spilka,1,1,1,0,0
datacenter,232085863012537,al.com,8,8,8,0,0
datacenter,231440776721310,Stack Overflow,2,2,2,0,0
datacenter,231354533359015,Williamson County Now,2,2,2,0,0
datacenter,230511890102106,MyJobMag,4,4,4,0,0
datacenter,230294466706666,ONE News,1,1,1,0,0
datacenter,226790927074202,Bazaar Times,5,5,5,0,0
datacenter,226388570540352,City News 24X7,1,1,1,0,0
datacenter,224183404091613,UltaHost,9,9,9,0,0
datacenter,205413615997218,KPEL News,3,3,3,0,0
datacenter,222637220895688,KJRH,1,1,1,0,0
datacenter,221713097666460,Geo-Plus,1,1,1,0,0
datacenter,221621284354741,Centre for Development of Advanced Computing : C-DAC,1,1,1,0,0
datacenter,221166204022716,Microsoft CEE,2,2,2,0,0
datacenter,217318091462594,Dev Information Technology Limited,2,2,2,0,0
datacenter,212180571986120,FPT,1,1,1,0,0
datacenter,205989725858136,24-7 Press Release Distribution Newswire,3,3,3,0,0
datacenter,205684372599788,"Higher Education Commission, Pakistan",3,3,3,0,0
datacenter,270942082730290,Flex - Malaysia,11,11,11,0,0
datacenter,271115352065463,ET Edge Insights,7,7,7,0,0
datacenter,272240139208203,Energy In Depth,2,2,2,0,0
datacenter,296533083085310,WIRED,1,1,1,0,0
datacenter,300930975978321,Being Liberal,1,1,1,0,0
datacenter,300870846308849,Taxpayers Protection Alliance,6,6,6,0,0
datacenter,300651992899796,Country Over Party Affiliation,1,1,1,0,0
datacenter,300116762830723,SourceForge Podcast,1,1,1,0,0
datacenter,299849416122141,93.1 WIBC-FM,1,1,1,0,0
datacenter,298068959801531,All Things Walker County,1,1,1,0,0
datacenter,296858556756241,Samantha Boring,1,1,1,0,0
datacenter,296541833518592,Tanya Harvard,4,4,4,0,0
datacenter,295778489948114,Net Protector,1,1,1,0,0
datacenter,301952549581987,Daddy Stuff,1,1,1,0,0
datacenter,295673213494204,MIT School of Architecture + Planning,1,1,1,0,0
datacenter,295038546459627,AmCham Cambodia,1,1,1,0,0
datacenter,295009847020200,Kaif React,2,2,2,0,0
datacenter,294469357011849,Invest in Türkiye,2,2,2,0,0
datacenter,293736243644508,What's Happening Birmingham,6,6,6,0,0
datacenter,293357673719206,Control AI,2,2,2,0,0
datacenter,292766037173649,CineD,2,2,2,0,0
datacenter,292504010400006,Michigan Advance,1,1,1,0,0
datacenter,301612566321098,Maura Keller For Congress,17,17,17,0,0
datacenter,302173732848154,The Heat Magazine,1,1,1,0,0
datacenter,272535055794737,The Louisiana Scene,4,4,4,0,0
datacenter,305404195689224,Free AstroScience,1,1,1,0,0
datacenter,307636041888814,Quartz,6,6,6,0,0
datacenter,307300231762669,531,1,1,1,0,0
datacenter,306853632110095,UpNorthNews,1,1,1,0,0
datacenter,306668808740127,KOAA 5,2,2,2,0,0
datacenter,306630485775372,All Things Chicago,1,1,1,0,0
datacenter,306162648909072,Digital Trends,2,2,2,0,0
datacenter,305878465788606,International Business Magazine,20,20,20,0,0
datacenter,305535095608208,Bernard Marr,3,3,3,0,0
datacenter,305019368897758,NBC Chicago,4,4,4,0,0
datacenter,302461775978848,Wisconsin State Journal,1,1,1,0,0
datacenter,304342932146790,Malaysia Digital Economy Corporation,3,3,3,0,0
datacenter,304119809139675,Dayton 24/7 Now,1,1,1,0,0
datacenter,304067532444839,106.9 The Fox,3,3,3,0,0
datacenter,303994168767169,Exposing The Truth,1,1,1,0,0
datacenter,303067799161954,Netlink ICT Private Limited,2,2,2,0,0
datacenter,302646345849832,WAVE,1,1,1,0,0
datacenter,302515612811216,EuroCham Cambodia,1,1,1,0,0
datacenter,302497432588544,The Freeman,1,1,1,0,0
datacenter,292181370438225,MauKerja Jawatan Kosong Terkini,2,2,2,0,0
datacenter,292116083490927,StartupTalky,1,1,1,0,0
datacenter,290189583948149,MarketBeat.com,8,8,8,0,0
datacenter,276287712129977,GAMJOBS-Find your dream job in Gambia,1,1,1,0,0
datacenter,279451828425901,The Nation Thailand,21,21,21,0,0
datacenter,279352725109664,Pediastan Biz Updates,1,1,1,0,0
datacenter,278791415040935,FPPT.com,1,1,1,0,0
datacenter,277406365426530,Lê Uyên Thảo,1,1,1,0,0
datacenter,277176211998409,Lisa Concepcion,2,2,2,0,0
datacenter,276803518678441,Manning Publications,1,1,1,0,0
datacenter,276569905380930,AppleInsider,1,1,1,0,0
datacenter,276430691940530,VICE,2,2,2,0,0
datacenter,275978292068858,Military and Defense Insider,1,1,1,0,0
datacenter,288988043790783,EcofinAgency,1,1,1,0,0
datacenter,275568832244629,Cricket Coverage,1,1,1,0,0
datacenter,274705885622103,Al Baraka Bank Pakistan Ltd.,1,1,1,0,0
datacenter,274592568902287,The Keystone,1,1,1,0,0
datacenter,274519242006038,Bharat Petroleum Corporation Limited,1,1,1,0,0
datacenter,274168068719756,Vajiram & Ravi,1,1,1,0,0
datacenter,273701895790746,Pack Holidays,1,1,1,0,0
datacenter,273075825688252,KETK NBC,1,1,1,0,0
datacenter,272679322504112,APAC Media,5,5,5,0,0
datacenter,280138667818819,Faves USA,1,1,1,0,0
datacenter,280354628332904,Stay in Thailand,2,2,2,0,0
datacenter,280647171792027,TeknoGadyet,3,3,3,0,0
datacenter,281478268364844,Aadab News,2,2,2,0,0
datacenter,288905287176764,HerKey,2,2,2,0,0
datacenter,288361427586343,Cap City News,2,2,2,0,0
datacenter,288151967520070,CxO Global Forum,9,9,9,0,0
datacenter,287658497134201,EY Careers,1,1,1,0,0
datacenter,287361360634715,ELSEWEDY ELECTRIC,1,1,1,0,0
datacenter,286043177775809,HyderabadProperty6,2,2,2,0,0
datacenter,284752011052928,WREG News Channel 3,1,1,1,0,0
datacenter,284671057667596,Microsoft Research,4,4,4,0,0
datacenter,284593977955791,Rutherford Cattle,1,1,1,0,0
datacenter,284516290970236,Unique Times,3,3,3,0,0
datacenter,284466160937851,Further Africa,1,1,1,0,0
datacenter,284021921099765,CHINT GROUP,2,2,2,0,0
datacenter,283683178021719,Commonwealth Union,1,1,1,0,0
datacenter,282000081569941,Careers at PLDT,2,2,2,0,0
datacenter,281905978008235,WTOL 11,2,2,2,0,0
datacenter,281800954860173,The Gazette,1,1,1,0,0
datacenter,281742177892271,Planet Detroit,1,1,1,0,0
datacenter,363981033323977,Paratus Namibia,1,1,1,0,0
datacenter,365346813157485,Microsoft,1,1,1,0,0
datacenter,493400679908758,DNL Capital,1,1,1,0,0
datacenter,439140628545684,Stephen Akintayo,1,1,1,0,0
datacenter,441985905083522,Jetking,2,2,2,0,0
datacenter,441646271626876,WWG,1,1,1,0,0
datacenter,441634638428086,Zacks Investment Research,2,2,2,0,0
datacenter,441621964874439,Vizz Web Solutions,1,1,1,0,0
datacenter,441274125545160,Linux Magazine,1,1,1,0,0
datacenter,440359038542566,Legrand,1,1,1,0,0
datacenter,439599182396795,Vishal Sharma,1,1,1,0,0
datacenter,439162565657368,Space: 1999 Series,1,1,1,0,0
datacenter,438520198580934,Factify,1,1,1,0,0
datacenter,442901948335313,AbariCom,2,2,2,0,0
datacenter,438361975629286,Fluentgrid,1,1,1,0,0
datacenter,438310668682133,IT KART,1,1,1,0,0
datacenter,438241588532821,CIOLook Media,4,4,4,0,0
datacenter,438213242068115,Vi Business India,3,3,3,0,0
datacenter,437308885497286,Synopsys,1,1,1,0,0
datacenter,437142558958016,DICT Region V - Bicol,1,1,1,0,0
datacenter,436832069167596,"GSF Soluciones, Hosting, GSFHost",3,3,3,0,0
datacenter,436772125342436,Connected Pakistan,1,1,1,0,0
datacenter,442254311731293,Inlaks,1,1,1,0,0
datacenter,444047975392606,Huawei Bangladesh,2,2,2,0,0
datacenter,435490232221549,MyComputerCareer,1,1,1,0,0
datacenter,447875780940051,"NTT DATA, Inc.",15,15,15,0,0
datacenter,451085524158343,Hindi GoodReturns,1,1,1,0,0
datacenter,451017417886284,Murfreesboro.com,2,2,2,0,0
datacenter,449564974624992,Bloom Pakistan,1,1,1,0,0
datacenter,448439681036559,Jamal Muhammad,1,1,1,0,0
datacenter,448370547619064,Engr Waqas-Industry Professional,4,4,4,0,0
datacenter,448267004248912,"Texas Ranch Sales, L.L.C.",1,1,1,0,0
datacenter,448145504649836,Mdcomputers.in,3,3,3,0,0
datacenter,447944738316184,Electrician_life,1,1,1,0,0
datacenter,446971174418959,B2i Digital,6,6,6,0,0
datacenter,444544521399942,EBV Elektronik,1,1,1,0,0
datacenter,446690198083344,High Plains Observer,1,1,1,0,0
datacenter,446402241112307,Mohiri Lesotho,1,1,1,0,0
datacenter,446236841388192,Melody_Mocktail,1,1,1,0,0
datacenter,445554861368040,DJ KCeaser,1,1,1,0,0
datacenter,445062714527257,"Less Rants but more Raves of Elberton , Ga",1,1,1,0,0
datacenter,444868121797923,Amebo9ja TV,2,2,2,0,0
datacenter,444706921864849,Entertainment Hub,1,1,1,0,0
datacenter,444621971317769,Pawns or Kings,1,1,1,0,0
datacenter,436420222699735,Corvit Systems Lahore,4,4,4,0,0
datacenter,435258485503011,Ai Councillor,1,1,1,0,0
datacenter,421610010209778,CHINT GROUP,2,2,2,0,0
datacenter,425929730038830,Moguldom,1,1,1,0,0
datacenter,429443366423739,ಎಂಎಂ ಕನ್ನಡಿಗ MM Kannadiga,1,1,1,0,0
datacenter,428991123179937,We Need This,1,1,1,0,0
datacenter,428196226269064,शायरी,1,1,1,0,0
datacenter,428091346277357,Wipro Careers,1,1,1,0,0
datacenter,428009580232479,Clat Possible,1,1,1,0,0
datacenter,427861663680216,Netstrix,1,1,1,0,0
datacenter,427058596653796,Sunday Times,1,1,1,0,0
datacenter,426775213091941,PTZtv,1,1,1,0,0
datacenter,425822906768517,Moomoo,9,9,9,0,0
datacenter,429478966214764,A1 TV,1,1,1,0,0
datacenter,425812186633859,VARINDIA IT Magazine,11,11,11,0,0
datacenter,425604140070910,MekongNet,2,2,2,0,0
datacenter,424557123559760,ACASIA Communications Sdn Bhd,34,34,34,0,0
datacenter,424388787191144,Quick News Africa,1,1,1,0,0
datacenter,423833517228432,Brittany Dionne WBRC,1,1,1,0,0
datacenter,423602553770047,The CIO Leaders,2,2,2,0,0
datacenter,423208133753372,ITG,4,4,4,0,0
datacenter,422734343887872,Curiosity Corner,1,1,1,0,0
datacenter,429443372941468,Smart Careers l Data Analytics,1,1,1,0,0
datacenter,429640666427861,National Dump Trucking Association - NDTA,2,2,2,0,0
datacenter,435179828933950,Annie E. Casey Foundation,9,9,9,0,0
datacenter,432158576077205,Fortune Nepal,2,2,2,0,0
datacenter,435042935978839,Ingram Micro Philippines,1,1,1,0,0
datacenter,434917642538913,Engineering Facts,6,6,6,0,0
datacenter,434309695749817,Cyfuture India Pvt. Ltd.,13,13,13,0,0
datacenter,434130949115006,EAE Group,4,4,4,0,0
datacenter,434103292516473,Kingston Technology,10,10,10,0,0
datacenter,433938119133129,Nachhaltig,1,1,1,0,0
datacenter,433628095996344,Cloud Tech News,4,4,4,0,0
datacenter,432237889303414,Adamu Garba II,3,3,3,0,0
datacenter,431898959187711,Jillian Gilchrest,1,1,1,0,0
datacenter,429724872839152,Real Python,1,1,1,0,0
datacenter,431103726542860,Build With Strength,1,1,1,0,0
datacenter,431016699274577,Andy Smith,2,2,2,0,0
datacenter,430949679518206,Sun Shine It development,1,1,1,0,0
datacenter,430744469462820,The Telegraph & macon.com,2,2,2,0,0
datacenter,430402866318227,CRES Forum,1,1,1,0,0
datacenter,429881033052428,Kentuckians For The Commonwealth,1,1,1,0,0
datacenter,429794126626117,edusum.com,2,2,2,0,0
datacenter,429784836060848,Linus Tech Tips,1,1,1,0,0
datacenter,451590307221665,Prime Awards Pakistan,1,1,1,0,0
datacenter,451682307716106,The Forth Valley Food Guy,1,1,1,0,0
datacenter,451749923954282,Hewlett Packard Enterprise,1,1,1,0,0
datacenter,478380648173685,TASC Outsourcing,1,1,1,0,0
datacenter,480088894697968,unWired Broadband,1,1,1,0,0
datacenter,479618844721951,Senator J.B. Jennings,3,3,3,0,0
datacenter,479575971207664,Nelsonict Services Limited,6,6,6,0,0
datacenter,479064198158922,प्रधानमंत्री मोदी के समर्थक,1,1,1,0,0
datacenter,479032458621210,HIGH TECH DEVELOPMENT,4,4,4,0,0
datacenter,478998401523766,Server2u.net,19,19,19,0,0
datacenter,478775704573428,Business Times,1,1,1,0,0
datacenter,478515094578916,Sean Donahoe,3,3,3,0,0
datacenter,477148408053403,TechRel-IT Training Institute,1,1,1,0,0
datacenter,481722200905947,Incredible Humans,2,2,2,0,0
datacenter,477046224736849,Erica L Thomas,1,1,1,0,0
datacenter,477040711956096,Silicon21,2,2,2,0,0
datacenter,476676138741022,Giego Caleiro,1,1,1,0,0
datacenter,476446651762465,Namma Kanchi,1,1,1,0,0
datacenter,475907055423285,Northly Hamilton,1,1,1,0,0
datacenter,475625542094820,Army Women's Foundation,1,1,1,0,0
datacenter,475481591704362,Huawei Enterprise,6,6,6,0,0
datacenter,474788222299261,Save Lake Granbury,1,1,1,0,0
datacenter,480132074550259,California USA,3,3,3,0,0
datacenter,481746304249686,TechPinas,1,1,1,0,0
datacenter,452033667654403,Amanda Adams,5,5,5,0,0
datacenter,488569563648725,BNHR,1,1,1,0,0
datacenter,493383883178567,Systems Engineering of Egypt - SEE,3,3,3,0,0
datacenter,493266553726703,Nyrome Ephrain Cahree Lynch,5,5,5,0,0
datacenter,492501076478080,Router Socks5,2,2,2,0,0
datacenter,492261696503903,Per Scholas,5,5,5,0,0
datacenter,491995027257643,Onyebuchi Onwuzuruike,1,1,1,0,0
datacenter,491182810232641,RailTel Corporation of India Ltd. (Under Ministry of Railways),3,3,3,0,0
datacenter,490856380186728,Life at Smart,1,1,1,0,0
datacenter,489770606773241,KBHB Radio,2,2,2,0,0
datacenter,488223137594069,Our Part of Pennsylvania,4,4,4,0,0
datacenter,482632131479469,Greg Potts,1,1,1,0,0
datacenter,487740700467794,Milkology,1,1,1,0,0
datacenter,487450983693204,Logicom Distribution,15,15,15,0,0
datacenter,487366717014257,SBP Africa Ltd,1,1,1,0,0
datacenter,487136014253179,Prajadhvani TV ,1,1,1,0,0
datacenter,486805081041041,Mubarak Issahaq,1,1,1,0,0
datacenter,485900451050624,Britany Henry,2,2,2,0,0
datacenter,485332687241551,National Bank of Pakistan,1,1,1,0,0
datacenter,483202391445226,Lindsay Moss Frangie,3,3,3,0,0
datacenter,473747252417559,Zach Servis,1,1,1,0,0
datacenter,473216578605124,Save Oklahoma Farms and Ranches,1,1,1,0,0
datacenter,471550005406697,Urbando,1,1,1,0,0
datacenter,455294290354140,Anand Stocks Advisor,1,1,1,0,0
datacenter,459171100199748,Netzpalaver,1,1,1,0,0
datacenter,458626570621347,EFaye Lloyd,8,8,8,0,0
datacenter,457662250438854,Royston Guest,1,1,1,0,0
datacenter,457556546695263,FACTS,3,3,3,0,0
datacenter,457435000296244,Perfect House Pvt Ltd,2,2,2,0,0
datacenter,457003190122625,Tech and Lifestyle Journal,2,2,2,0,0
datacenter,455314440366739,S M News,1,1,1,0,0
datacenter,455295023845783,Myint & Associates Telecommunications Ltd.,28,28,28,0,0
datacenter,454949484059946,Eaton,1,1,1,0,0
datacenter,471024809356577,Blackstone,1,1,1,0,0
datacenter,454913343767553,Hackers World,1,1,1,0,0
datacenter,454554547143325,Myjobs.lk,1,1,1,0,0
datacenter,454514470690247,Emmanuel Nnadozie Onwubiko,1,1,1,0,0
datacenter,454354727082116,Zamakan Agency l زمكان,1,1,1,0,0
datacenter,453822683751773,CIOLook Global,1,1,1,0,0
datacenter,453713464172244,7NEWS Spotlight,4,4,4,0,0
datacenter,452714967183123,Gadaa Network,3,3,3,0,0
datacenter,452231013848626,Investup.in,2,2,2,0,0
datacenter,459368509837498,Ryan Fazio for Governor,1,1,1,0,0
datacenter,460128589755681,Stock Pro,2,2,2,0,0
datacenter,460334633170853,Cybersecurity,5,5,5,0,0
datacenter,460774580394677,COOLI Solar Energy System Factory,1,1,1,0,0
datacenter,470128275589048,DroneDeploy,5,5,5,0,0
datacenter,470059859018583,OVHcloud US,3,3,3,0,0
datacenter,468695072165090,Ibrat Digital Network,1,1,1,0,0
datacenter,466672566433242,Hykon India Ltd,1,1,1,0,0
datacenter,466200245759514,"City of Salisbury, North Carolina - Government",1,1,1,0,0
datacenter,466095546033560,okorder.com,1,1,1,0,0
datacenter,464768942602455,ADATA,2,2,2,0,0
datacenter,464427649575166,JinkoSolar Pakistan,2,2,2,0,0
datacenter,464390359364398,Watcher.Guru,1,1,1,0,0
datacenter,463913206484703,Lisa Stone Martin,1,1,1,0,0
datacenter,463306733018362,STEM Corner,1,1,1,0,0
datacenter,463072292809856,Trent Parker,1,1,1,0,0
datacenter,462896863487565,Mitsubishi Heavy Industries,7,7,7,0,0
datacenter,462684156313128,The Chronify,2,2,2,0,0
datacenter,462603646519577,NeoScience100,1,1,1,0,0
datacenter,460878822939269,Eric Gage,2,2,2,0,0
datacenter,460845173453717,AKIJ iBOS,1,1,1,0,0
datacenter,422611600456331,M. K. Stalin,1,1,1,0,0
datacenter,420877537194883,GYANDA Academy,1,1,1,0,0
datacenter,365938175965863,Legrand,6,6,6,0,0
datacenter,384200337776028,The Montana Daily,1,1,1,0,0
datacenter,385861590937191,Gudivada Amarnath,1,1,1,0,0
datacenter,385632893836509,The Morning,1,1,1,0,0
datacenter,385511197709892,Manila Republic,1,1,1,0,0
datacenter,385186507661200,Jobs for Ethiopian,1,1,1,0,0
datacenter,385148801042498,AIIMS Patna,1,1,1,0,0
datacenter,384791687944426,Coal Region Canary,1,1,1,0,0
datacenter,384371274310511,Philippine Stock Market Tutorial by Glenn Chavez,1,1,1,0,0
datacenter,384237984338266,GH Health News,2,2,2,0,0
datacenter,383442907801219,Pakistan Bureau of Statistics,1,1,1,0,0
datacenter,386114360981100,EffoySira.com - EffoyJobs,1,1,1,0,0
datacenter,383370777980561,KPCW Radio,5,5,5,0,0
datacenter,382940937600826,Lehighvalleynews.com,1,1,1,0,0
datacenter,382931284331781,HUB International,1,1,1,0,0
datacenter,382906577725057,IIT Bombay,1,1,1,0,0
datacenter,382893114667036,STPI,1,1,1,0,0
datacenter,382717081105334,Honor the Earth,1,1,1,0,0
datacenter,381943668127717,Saint Francis Healthcare System,1,1,1,0,0
datacenter,381313111550109,Krassenstein Brothers,1,1,1,0,0
datacenter,385957200982610,BEAMSTART,3,3,3,0,0
datacenter,386374884193318,Asashi Technology Sdn Bhd,1,1,1,0,0
datacenter,380525537810082,The Business Times,1,1,1,0,0
datacenter,390419990138231,The Business Standard,1,1,1,0,0
datacenter,392062243286294,UpLink - World Economic Forum,1,1,1,0,0
datacenter,391655366832619,Learn Linux with Dan,23,23,23,0,0
datacenter,391571733265067,Monroe Home Center,1,1,1,0,0
datacenter,391147580378554,TechPlugged,1,1,1,0,0
datacenter,391044360237594,Cagliari Live Magazine & Web Tv,2,2,2,0,0
datacenter,390794286682436,DXB News Network ,4,4,4,0,0
datacenter,390734773716566,Exhibit Magazine,2,2,2,0,0
datacenter,390592096788491,Pulse 2.0,10,10,10,0,0
datacenter,390183570631459,Wisconsin Watch,3,3,3,0,0
datacenter,386507937636550,INFIRISE,3,3,3,0,0
datacenter,390066340513756,Climbing Skies,1,1,1,0,0
datacenter,389490483468639,Eyebeam,1,1,1,0,0
datacenter,389396923978599,Bakken Oilfield Fail of the Day,1,1,1,0,0
datacenter,389127063486109,Government of Saint Lucia,1,1,1,0,0
datacenter,388443143559736,Canadians in Portugal,1,1,1,0,0
datacenter,387295827137010,KRBC News,1,1,1,0,0
datacenter,386960497213364,National e-Governance Division,1,1,1,0,0
datacenter,386745597277475,IJR Politics,2,2,2,0,0
datacenter,380707964773370,Electronic Design,23,23,23,0,0
datacenter,380503618366504,Good Morning Frederick,1,1,1,0,0
datacenter,419800713892747,Schwab Network,3,3,3,0,0
datacenter,368538729424339,Hardin Local,1,1,1,0,0
datacenter,371747591925369,Rajiv Malhotra,1,1,1,0,0
datacenter,371296045888698,Mohmed Thapet - محمد ثابت,1,1,1,0,0
datacenter,371061579034011,Delightful Daily,1,1,1,0,0
datacenter,370438082793878,Netpac,7,7,7,0,0
datacenter,370076228677614,ScoopWhoop,1,1,1,0,0
datacenter,369802962360276,Archers Network,1,1,1,0,0
datacenter,369451932076519,Fossbytes,3,3,3,0,0
datacenter,368855445839282,Michigan Public,12,12,12,0,0
datacenter,368482325983262,editorji,1,1,1,0,0
datacenter,373708392491569,Kuyang Gerome,2,2,2,0,0
datacenter,368258939560741,Huawei Pakistan,1,1,1,0,0
datacenter,368163069420146,Frankie Olivo,3,3,3,0,0
datacenter,368129495960325,GotStocks?,3,3,3,0,0
datacenter,368117005935844,ManageEngine,1,1,1,0,0
datacenter,368045879006380,Microsoft Romania,1,1,1,0,0
datacenter,367519515784801,TechDogs,9,9,9,0,0
datacenter,366438135988956,Bilyonaryo,1,1,1,0,0
datacenter,365996952472581,Department of Public Information,1,1,1,0,0
datacenter,373491662127872,SI Global Solutions,2,2,2,0,0
datacenter,375288545097807,InvestorBytes,6,6,6,0,0
datacenter,380494291258206,Africa revolt,1,1,1,0,0
datacenter,377739235351348,Tech Learning Zone,10,10,10,0,0
datacenter,380371068311563,JLL,4,4,4,0,0
datacenter,380249741381364,Nida Allam,1,1,1,0,0
datacenter,379973068344145,Sarah Maria Boudreaux,1,1,1,0,0
datacenter,379753341352614,"iConnect Technologies, Inc.",2,2,2,0,0
datacenter,379687948236268,Epic Anime News,1,1,1,0,0
datacenter,379687298228244,SLTMobitel,3,3,3,0,0
datacenter,379494844927828,3.0 University,2,2,2,0,0
datacenter,378008321813730,Gbenga Fasole Ilutitun,1,1,1,0,0
datacenter,377728625185635,GVL Narasimha Rao,1,1,1,0,0
datacenter,375520788903313,Char Modelle,1,1,1,0,0
datacenter,376959555025588,Gage Goulding,1,1,1,0,0
datacenter,376763085318132,AndhraHeadlines.com,1,1,1,0,0
datacenter,376509055522959,Eric Luah,1,1,1,0,0
datacenter,376495808680960,Ofertas de trabajo en Madrid,3,3,3,0,0
datacenter,376347388342408,Parkrose Permaculture,1,1,1,0,0
datacenter,376307891943227,F5,2,2,2,0,0
datacenter,375984971746718,ZDNet.fr,1,1,1,0,0
datacenter,375825031937342,Kiran KS,2,2,2,0,0
datacenter,392301243854017,Smithsonian Libraries and Archives,1,1,1,0,0
datacenter,392903303118557,Infineon Technologies AG,3,3,3,0,0
datacenter,393309706411355,WAAO,1,1,1,0,0
datacenter,408529784963081,Hill International,5,5,5,0,0
datacenter,411438218600480,Vic Nzeribe,2,2,2,0,0
datacenter,410922514860009,CNBC Bajar,1,1,1,0,0
datacenter,410884591898053,Mesa Community College,2,2,2,0,0
datacenter,410229951433213,LIUNA,1,1,1,0,0
datacenter,410038388025813,Saam TV News,1,1,1,0,0
datacenter,409855918281993,"Fuji Electric Co., Ltd.",2,2,2,0,0
datacenter,409176161514442,Maharlika NuMedia,1,1,1,0,0
datacenter,408636294978128,Hillsborough College,1,1,1,0,0
datacenter,408189098240352,Otcer.ph Davao,1,1,1,0,0
datacenter,412076104600543,Timeline News,1,1,1,0,0
datacenter,407868788559707,Oya Opportunities,1,1,1,0,0
datacenter,407719825134590,TAPinto Phillipsburg,1,1,1,0,0
datacenter,407552848462919,New Jersey Project - News,1,1,1,0,0
datacenter,407445638294125,Selibeng.com,1,1,1,0,0
datacenter,407167838621902,Huawei Philippines,9,9,9,0,0
datacenter,407127065110228,The Bangor Daily News,1,1,1,0,0
datacenter,406863221740472,Woodall's Campground Magazine,1,1,1,0,0
datacenter,406589578645061,Gobind Singh Deo,2,2,2,0,0
datacenter,411912888033207,Laura Barczewski,14,14,14,0,0
datacenter,412974721665370,Ryans Computers Ltd.,3,3,3,0,0
datacenter,394136846899044,Life at Google,1,1,1,0,0
datacenter,416691834544658,Parallels,1,1,1,0,0
datacenter,419404680735088,Intel,1,1,1,0,0
datacenter,419399634115089,Creator’s Riddle: Darwin vs. God,3,3,3,0,0
datacenter,419305530904684,Free from Harm,1,1,1,0,0
datacenter,419118257407165,"Support Phil Robertson ""The Duck Commander""",1,1,1,0,0
datacenter,418956953942286,Capital Smart City,3,3,3,0,0
datacenter,418876697764788,Mid Bay News,1,1,1,0,0
datacenter,417308337437960,Musix Mattaz,1,1,1,0,0
datacenter,417254051058309,TEVTA Punjab Careers,1,1,1,0,0
datacenter,415469907589290,Genius Academy,1,1,1,0,0
datacenter,413057791392763,Happy Moments,1,1,1,0,0
datacenter,415247257740735,Veeam Software,1,1,1,0,0
datacenter,415225864747878,Andy Frenzy,2,2,2,0,0
datacenter,415191121647760,Racing Pro Media - RPM,2,2,2,0,0
datacenter,415074110871785,Iredell County News And Weather,1,1,1,0,0
datacenter,414399908231922,Trillium Flow Technologies,2,2,2,0,0
datacenter,414020084905642,India IPO,1,1,1,0,0
datacenter,413861821137728,Hexaware Technologies,1,1,1,0,0
datacenter,413345517981735,Machine Design,1,1,1,0,0
datacenter,406407475488066,IEEE Photonics Society,1,1,1,0,0
datacenter,405927485214452,Chron,1,1,1,0,0
datacenter,405771101876610,PA Environment Digest,4,4,4,0,0
datacenter,397059213112704,Other Perspectives,4,4,4,0,0
datacenter,399171172700651,BigAzrob,1,1,1,0,0
datacenter,399012099287510,Profit,1,1,1,0,0
datacenter,398957925997375,Robeco Asset Management,1,1,1,0,0
datacenter,398659879385763,Gulf Business,3,3,3,0,0
datacenter,398572916544537,Theory of Knowledge,1,1,1,0,0
datacenter,397815729836799,StealthEnomics,1,1,1,0,0
datacenter,397807376022645,GRINDINGFROM5AM,2,2,2,0,0
datacenter,397256816469249,WOK STAP - PNG,2,2,2,0,0
datacenter,396988883385009,ሓበሬታ - Habereta,1,1,1,0,0
datacenter,405568882394670,Mehran Engineers Forum,1,1,1,0,0
datacenter,396577603011903,The Ogdenite,1,1,1,0,0
datacenter,396481113202596,Mapping Your Soul Astrology,1,1,1,0,0
datacenter,395927353072730,"City of Hickory, NC - Government",2,2,2,0,0
datacenter,395694396240442,Trey Smith,1,1,1,0,0
datacenter,395103669707233,Loom Solar,2,2,2,0,0
datacenter,395058579742625,NCS Group,1,1,1,0,0
datacenter,394849720372135,"Sino-Telecom Technology Co.,Inc",4,4,4,0,0
datacenter,394139279833183,Zeihan on Geopolitics,2,2,2,0,0
datacenter,399253209279368,Political Platform,1,1,1,0,0
datacenter,400002455938719,SWFL REIA,1,1,1,0,0
datacenter,400742972331947,"Long Island, New York",1,1,1,0,0
datacenter,400823166060761,Anvit Ramlakhan ,2,2,2,0,0
datacenter,405107971954948,A Voice for Choice,1,1,1,0,0
datacenter,405079552274354,T John College,1,1,1,0,0
datacenter,404653588971689,JEMP Radio,1,1,1,0,0
datacenter,404521982105847,Hitachi Energy,6,6,6,0,0
datacenter,404227665462769,Micron Singapore,4,4,4,0,0
datacenter,404055969151012,Gigaom,1,1,1,0,0
datacenter,403875889203268,Metro Rail News,2,2,2,0,0
datacenter,403756598679199,KFXV - Fox News Rio Grande Valley,1,1,1,0,0
datacenter,403743605940245,West Georgia Technical College,1,1,1,0,0
datacenter,403460155770788,Archaeology & Art,2,2,2,0,0
datacenter,403039475708940,InShort News,1,1,1,0,0
datacenter,402629635561386,Viva Viva Palestina,1,1,1,0,0
datacenter,401981129215900,Sharon Chen,1,1,1,0,0
datacenter,401974405712645,Mechanical Engineering Academy EG,2,2,2,0,0
datacenter,401561809090724,App Developer Magazine,1,1,1,0,0
datacenter,401379059149104,Malcontent News,1,1,1,0,0
datacenter,401052092596953,CMS Machinery SDN BHD,1,1,1,0,0
datacenter,777252414815968,International City Links,1,1,1,0,0
datacenter,777692060855168,C3 Solutions,2,2,2,0,0
datacenter,778607921121454,The Mind Explained,1,1,1,0,0
datacenter,1023047549592424,Hugh Zaretsky,1,1,1,0,0
datacenter,1024959893175131,Es'hailSat - the Qatar Satellite Company,1,1,1,0,0
datacenter,1024821918719311,WOWK 13 NEWS,1,1,1,0,0
datacenter,1024736132739438,Lydia Kyle,1,1,1,0,0
datacenter,1024383270388032,James Edmund Carpenter II,1,1,1,0,0
datacenter,1023761353179886,Kenneth Williams,1,1,1,0,0
datacenter,1023481388976360,Justin J. Pearson for Congress,2,2,2,0,0
datacenter,1023460095921084,Nicole Eckland Severson,1,1,1,0,0
datacenter,1023059712998579,Marcel Clarke,1,1,1,0,0
datacenter,1022786025643762,911-computer,1,1,1,0,0
datacenter,1026268468451838,No Next Question ,2,2,2,0,0
datacenter,1022549785662679,moneycontrol.com,3,3,3,0,0
datacenter,1022249625648400,ProPakistani,9,9,9,0,0
datacenter,1022009646567310,Rising Goa,2,2,2,0,0
datacenter,1021754216231751,Leshan,1,1,1,0,0
datacenter,1021703026316138,Sarmaaya Financials,1,1,1,0,0
datacenter,1021470516243804,Health & Population Department,1,1,1,0,0
datacenter,1021441335711657,ABC 7 Amarillo,4,4,4,0,0
datacenter,1021415820215753,Factology,1,1,1,0,0
datacenter,1025621073683201,Menno Parsons,4,4,4,0,0
datacenter,1026825225088062,Courage California,5,5,5,0,0
datacenter,1021033817039399,BronDog,1,1,1,0,0
datacenter,1029747035338149,Muslim marriage bureau,1,1,1,0,0
datacenter,1033354691059344,Refrigeration industry,2,2,2,0,0
datacenter,1031680769866173,IGservers,1,1,1,0,0
datacenter,1031262096092897,Prem Artis Phetcharattana,1,1,1,0,0
datacenter,1031203242323244,The Woke Ginger ,5,5,5,0,0
datacenter,1030641911351391,AZP News,2,2,2,0,0
datacenter,1030551164731137,Markets Insider,2,2,2,0,0
datacenter,1030213503157718,Puppet Nation,2,2,2,0,0
datacenter,1029777628089265,JioNews,2,2,2,0,0
datacenter,1029632274954428,HackerNoon,2,2,2,0,0
datacenter,1027759198302866,Electrical Technology,1,1,1,0,0
datacenter,1029346606348011,Yint Telugu,1,1,1,0,0
datacenter,1029053391654265,Green Time ,5,5,5,0,0
datacenter,1028818061535732,Cummins India,4,4,4,0,0
datacenter,1028762362869602,Gringofurioso,1,1,1,0,0
datacenter,1028654851562126,Thrive,1,1,1,0,0
datacenter,1028456604973942,Vet Radio Syndicate,8,8,8,0,0
datacenter,1028339528654875,Mike Nappi,1,1,1,0,0
datacenter,1027927778922640,SmartNote Computer System,1,1,1,0,0
datacenter,1021268734279458,AKS NetLab - Online Training Center,1,1,1,0,0
datacenter,1020635439176408,Action News 5,1,1,1,0,0
datacenter,1008703613717623,ServerStore,38,38,38,0,0
datacenter,1010736973498752,British Business Centre,1,1,1,0,0
datacenter,1012831559818219,Amy Wood,1,1,1,0,0
datacenter,1012436410567169,Mr Commonsense,1,1,1,0,0
datacenter,1012379794025001,Dr James Tour,1,1,1,0,0
datacenter,1011795199864392,m-Indicator,1,1,1,0,0
datacenter,1011476746634396,"City of Milton, Georgia - Government",1,1,1,0,0
datacenter,1011005170413949,Global Eye,3,3,3,0,0
datacenter,1010832691952317,Gee Cee,2,2,2,0,0
datacenter,1010778616671673,Society of Environmental Journalists,1,1,1,0,0
datacenter,1010705808206755,Enlit Asia,2,2,2,0,0
datacenter,1013521950471731,Amazing Science Facts,3,3,3,0,0
datacenter,1010678596754723,Thermoteq Prefab Houses Limited,1,1,1,0,0
datacenter,1010606086683935,We The People,1,1,1,0,0
datacenter,1010363267853051,Brand Insight,1,1,1,0,0
datacenter,1009839120653030,Detail Edition Telugu,1,1,1,0,0
datacenter,1009551780746218,WV News,4,4,4,0,0
datacenter,1009471630108445,Startup Pakistan Recorder,2,2,2,0,0
datacenter,1009097233819468,Ian Cuthbertson Music,1,1,1,0,0
datacenter,1008997124464955,Mechabytes,1,1,1,0,0
datacenter,1013442442999209,InvestigateTV,2,2,2,0,0
datacenter,1013658299710622,Interesting Engineering,3,3,3,0,0
datacenter,1020562379267926,TechTalk Thai ข่าว Enterprise I.T. ภาษาไทย,1,1,1,0,0
datacenter,1019002420028993,Vision Infratech,1,1,1,0,0
datacenter,1020556362357995,CIO,2,2,2,0,0
datacenter,1020458185682366,"Northern Cape Department Finance, Economic Development and Tourism",2,2,2,0,0
datacenter,1020149103892541,Not3pad,1,1,1,0,0
datacenter,1019920816783598,Cyber security and ethical analysis ,1,1,1,0,0
datacenter,1019507624082359,EELAF,2,2,2,0,0
datacenter,1019446124469126,Brent Mass,1,1,1,0,0
datacenter,1019425189128336,TNIE Tamil Nadu,1,1,1,0,0
datacenter,1019039763896465,Daily Society,1,1,1,0,0
datacenter,1018863713947518,"India in Georgia, Embassy of India, Georgia",1,1,1,0,0
datacenter,1014041603238412,WHO Radio,1,1,1,0,0
datacenter,1018367812738033,Punch Newspapers,1,1,1,0,0
datacenter,1017398279984247,Pupsker,1,1,1,0,0
datacenter,1017132890288725,Emarque PC,1,1,1,0,0
datacenter,1016504752826984,FOX19,1,1,1,0,0
datacenter,1016182411248846,HVAC & BMS Hub,1,1,1,0,0
datacenter,1014797621125841,JB Herefords,1,1,1,0,0
datacenter,1014541944162598,Vaemond Velaryon,5,5,5,0,0
datacenter,1014179379841379,Microsoft,2,2,2,0,0
datacenter,1033584345935078,Spliance Technologies,1,1,1,0,0
datacenter,1034032731158115,What's going on in the Lehigh Valley,3,3,3,0,0
datacenter,1034186754662854,WMBB News 13,2,2,2,0,0
datacenter,1055558522540372,The Raw Story,1,1,1,0,0
datacenter,1058011025504041,TechBullion,2,2,2,0,0
datacenter,1057973966325257,Courtney Ross,1,1,1,0,0
datacenter,1057581422219931,KWTV - NEWS 9,3,3,3,0,0
datacenter,1057333595713784,Red Hat,6,6,6,0,0
datacenter,1057170327099963,Fghter Beasts,1,1,1,0,0
datacenter,1057089116689172,Ammy Amaraphorn,2,2,2,0,0
datacenter,1057035442413013,madison.com,1,1,1,0,0
datacenter,1056268812999268,Mohamed Firaq,1,1,1,0,0
datacenter,1054990676517053,Ezxprt - CISCO Networking Academy,1,1,1,0,0
datacenter,1058409672080612,2YoDo,1,1,1,0,0
datacenter,1054689225791614,The Conservative Caucus,1,1,1,0,0
datacenter,1054469439263784,Brianna Clark,1,1,1,0,0
datacenter,1054396730654989,JesusAlone Pastorb Firstladylinz,1,1,1,0,0
datacenter,1054317213538514,Pakistan Software Export Board,3,3,3,0,0
datacenter,1053230863687700,Science Digest Pakistan,1,1,1,0,0
datacenter,1052933859266990,The Niagara Reporter,1,1,1,0,0
datacenter,1052588165840725,NonDoc,1,1,1,0,0
datacenter,1052465167020659,The Matrix Exposed,1,1,1,0,0
datacenter,1058316565360853,Jessica McBride,5,5,5,0,0
datacenter,1059064931838016,Aadhan Telugu,1,1,1,0,0
datacenter,1034233118385920,Pukaar Pakistan,1,1,1,0,0
datacenter,1061860009157248,Data Guy 2.o,1,1,1,0,0
datacenter,1064887588729008,Interserver,3,3,3,0,0
datacenter,1064871518924670,DC Dashcamz News & More,2,2,2,0,0
datacenter,1064699806503279,Relan Balot Balot,1,1,1,0,0
datacenter,1063989444605420,Infodor,2,2,2,0,0
datacenter,1063691024936295,Electronics For You,5,5,5,0,0
datacenter,1063037798379122,Evan Kirstel,3,3,3,0,0
datacenter,1062964846065784,Cairo Computer System,1,1,1,0,0
datacenter,1062669032198577,Cyberworld Logistics,1,1,1,0,0
datacenter,1061564276803478,The Unfiltered Narrative,1,1,1,0,0
datacenter,1059447615272023,IEEE Industry,1,1,1,0,0
datacenter,1061254112917973,Dataholic ,1,1,1,0,0
datacenter,1060958678534315,KPMG Malaysia,2,2,2,0,0
datacenter,1060905098801527,"Asian Outsourcing Institute -AOI""",3,3,3,0,0
datacenter,1060418828509969,The Asia Foundation,1,1,1,0,0
datacenter,1060124852412382,Joshua Mosley,1,1,1,0,0
datacenter,1060057681842956,Free Malaysia Today,1,1,1,0,0
datacenter,1059659815252233,Global South Opportunities ,2,2,2,0,0
datacenter,1059473349884322,The 4th Estate,1,1,1,0,0
datacenter,1052150812534194,CIOworld India,1,1,1,0,0
datacenter,1051622756078396,World Resources Institute,1,1,1,0,0
datacenter,1050867773776447,Sean Buckner Transparency,1,1,1,0,0
datacenter,1039469200498547,How It Works magazine,1,1,1,0,0
datacenter,1042534007292231,Mechanical Mind,1,1,1,0,0
datacenter,1042420424076433,ElitePulse,5,5,5,0,0
datacenter,1042258283728233,Outlook Business,1,1,1,0,0
datacenter,1041608101626628,Palanor,1,1,1,0,0
datacenter,1041152655147224,Link Datacenter,29,29,29,0,0
datacenter,1040894621827484,David Flesch,1,1,1,0,0
datacenter,1040517824274879,Ankur Upadhyay,4,4,4,0,0
datacenter,1039805611992665,You In The Lou,5,5,5,0,0
datacenter,1038230347466969,Medium Man,1,1,1,0,0
datacenter,1050854751002329,DeanCyber,1,1,1,0,0
datacenter,1038107198573318,Chaoticscollective,1,1,1,0,0
datacenter,1037866445034875,Spencer Hakimian,12,12,12,0,0
datacenter,1037079874384931,Mastertrust,1,1,1,0,0
datacenter,1037023365140770,Aditya University,1,1,1,0,0
datacenter,1035422735188987,Howard Prouty,1,1,1,0,0
datacenter,1035239434891037,Armstrong Ceiling Solutions,1,1,1,0,0
datacenter,1034581331511692,Camelmove,1,1,1,0,0
datacenter,1034524271174263,Northside Sun,1,1,1,0,0
datacenter,1042752600519967,CIOL.com,6,6,6,0,0
datacenter,1043065121302132,Mike Zimmerman,2,2,2,0,0
datacenter,1043526340537662,Free Range Politics,1,1,1,0,0
datacenter,1043646854331401,Nukta Business,1,1,1,0,0
datacenter,1050166942920196,صفحة خاصة بالخريجين,1,1,1,0,0
datacenter,1049717503448404,Luxury Cars,1,1,1,0,0
datacenter,1049573681166981,The Daily Haul,1,1,1,0,0
datacenter,1049455439908085,AMERICA WAKE UP,1,1,1,0,0
datacenter,1047868672911440,KNSS Radio,1,1,1,0,0
datacenter,1047209036423294,Stand.earth,2,2,2,0,0
datacenter,1046899873395667,Interaksyon,1,1,1,0,0
datacenter,1046450226415531,InstaForex,2,2,2,0,0
datacenter,1046373596991369,Harris Technology,1,1,1,0,0
datacenter,1046260004426979,Restoration Grazing,1,1,1,0,0
datacenter,1046033623137258,Latham & Watkins,1,1,1,0,0
datacenter,1045597346776566,Eryn Carroll,1,1,1,0,0
datacenter,1045402436679130,The Mushroom Healer,2,2,2,0,0
datacenter,1045345614910159,Todd T Stone,1,1,1,0,0
datacenter,1044691404374078,Cart Hub 2.0,1,1,1,0,0
datacenter,1043957823570740,Trellis Group,1,1,1,0,0
datacenter,1043713935045006,Prime Pulse Real,1,1,1,0,0
datacenter,1008937857488937,Fel Retes,1,1,1,0,0
datacenter,1008003280739444,Microtech Inc,4,4,4,0,0
datacenter,1065120987843084,KTVN 2 News,1,1,1,0,0
datacenter,968072854892908,Live The Dream Media,1,1,1,0,0
datacenter,969893561180024,WD,29,29,29,0,0
datacenter,969847194540747,IOption,1,1,1,0,0
datacenter,969676034808895,Michelle Riley,1,1,1,0,0
datacenter,969254301117876,SEA Infographics,1,1,1,0,0
datacenter,969214851668920,NWR Careers,1,1,1,0,0
datacenter,969210341353472,Daily Youth Vision,2,2,2,0,0
datacenter,968627748600306,Network Africa,1,1,1,0,0
datacenter,968099581436512,Weekly World News,2,2,2,0,0
datacenter,967889867533242,UP18 News,1,1,1,0,0
datacenter,970410193935714,emt,2,2,2,0,0
datacenter,967773364858972,Rotorix,1,1,1,0,0
datacenter,967596768066455,Ismart Shiva,1,1,1,0,0
datacenter,967496842213694,Kyle Roelofs,1,1,1,0,0
datacenter,966930821345556,Green International University,1,1,1,0,0
datacenter,966743408248650,Letest news,1,1,1,0,0
datacenter,966648425398109,Microsoft Military Affairs,11,11,11,0,0
datacenter,965726355820690,Andhra Pradesh Political Connects,1,1,1,0,0
datacenter,965369441620459,Scorch Clarity,1,1,1,0,0
datacenter,970192498662060,"Beer, Buds and The Big Sky. Montana Politics and Beyond",2,2,2,0,0
datacenter,970709824653490,Viperatech,62,62,62,0,0
datacenter,965104532007298,Server Wala Cloud Datacenters Pvt.Ltd,245,245,245,0,0
datacenter,973095021057549,Emmanuella Okoye,1,1,1,0,0
datacenter,977002378617001,Syspoint Inc.,4,4,4,0,0
datacenter,976522964152878,Jeff J Hunter,2,2,2,0,0
datacenter,976392465262149,Mirza Sawrav,1,1,1,0,0
datacenter,976222483918124,Mashamba Media -Pty Ltd,1,1,1,0,0
datacenter,974437490716156,ASUS,1,1,1,0,0
datacenter,974403974195565,Rozgar,1,1,1,0,0
datacenter,974365894118898,Gateway Technical College,1,1,1,0,0
datacenter,973808417343796,X Press News,1,1,1,0,0
datacenter,973092211115397,CryptonewsZ,1,1,1,0,0
datacenter,970759604879826,Geo All Day,1,1,1,0,0
datacenter,972726491608718,Rich Pea,2,2,2,0,0
datacenter,972223861265124,S.K.M Air Conditioning LLC,1,1,1,0,0
datacenter,971909168382578,"RTC Thesis / Dissertation Assistance, Writing and Support",2,2,2,0,0
datacenter,971843940992098,Turismo Central Luzon,2,2,2,0,0
datacenter,971212231293643,Daffodil Institute of IT (DIIT),1,1,1,0,0
datacenter,971144658176207,Abdulaziz Adamu Abubakar,1,1,1,0,0
datacenter,970929711054230,Star Citizen,1,1,1,0,0
datacenter,970846427900624,Patrice L Stewart,2,2,2,0,0
datacenter,965247298255398,PH Chemistry,1,1,1,0,0
datacenter,964566701901216,Technoconnectph,1,1,1,0,0
datacenter,1007447530987178,BMB Group,2,2,2,0,0
datacenter,953406706696489,Infosecbulletin,13,13,13,0,0
datacenter,956050580840916,ATOS Generators,1,1,1,0,0
datacenter,955277186324846,Prompt Personnel,1,1,1,0,0
datacenter,954980325995960,Afrika Tikkun Services,1,1,1,0,0
datacenter,954767673235140,Mike Springer,1,1,1,0,0
datacenter,954708476880995,Sea secret,1,1,1,0,0
datacenter,954327030260393,Yazan Salem - Keller Williams,1,1,1,0,0
datacenter,954113972673213,THis Made my Day,1,1,1,0,0
datacenter,953553776946320,Nate Gillis,1,1,1,0,0
datacenter,953388862903071,Netsmartz,1,1,1,0,0
datacenter,956681759460322,PETRONAS Lubricants International,1,1,1,0,0
datacenter,952894916122170,Hyderabad City,1,1,1,0,0
datacenter,951480899691009,Quest Global,1,1,1,0,0
datacenter,951279376741015,Thailand NOW,1,1,1,0,0
datacenter,951120686417888,HISTECHO,1,1,1,0,0
datacenter,951022949774312,Zeppelin Power NL,3,3,3,0,0
datacenter,951022203145614,Mousumi Kundu,1,1,1,0,0
datacenter,950672687143359,Jhanvi Technologies Resume Writing Service,1,1,1,0,0
datacenter,950543830155786,ABB Installation Products,2,2,2,0,0
datacenter,956106236544344,StoneyKins,1,1,1,0,0
datacenter,956832416656287,Brazos Drive-in Theatre,1,1,1,0,0
datacenter,964280718605392,Dustin Grove,3,3,3,0,0
datacenter,959857655815046,Shannon Morris,1,1,1,0,0
datacenter,963469882328659,Soft by Hanzho,1,1,1,0,0
datacenter,963142565336986,Daniel Pinchbeck,1,1,1,0,0
datacenter,962426212223732,Queen Kim Education,5,5,5,0,0
datacenter,962026648798184,Hammrod News Laredo TX,2,2,2,0,0
datacenter,961987269049520,Iron Workers Local Union #8,3,3,3,0,0
datacenter,961961432786449,"MiloRiano.com - AI, Vibe Coding & Cybersecurity Expert",4,4,4,0,0
datacenter,961730942175963,Wild Heart ,3,3,3,0,0
datacenter,961007959036334,Civil Engineering 01,1,1,1,0,0
datacenter,959786665381582,Punjab Education Curriculum Training and Assessment Authority,11,11,11,0,0
datacenter,956942679205350,The Trillionaire Life,1,1,1,0,0
datacenter,959437312381456,The Unknown,1,1,1,0,0
datacenter,959394886398291,Jeremy Wilson,4,4,4,0,0
datacenter,959145305946789,Cable Star Inc.,1,1,1,0,0
datacenter,959142035858439,The Journal Record,2,2,2,0,0
datacenter,958176345705507,ITBT Karnataka,2,2,2,0,0
datacenter,958164149137959,M2 Marketing Pvt. Ltd.,3,3,3,0,0
datacenter,958038915279615,X96,1,1,1,0,0
datacenter,957431965810134,Touch Down Stocks,2,2,2,0,0
datacenter,977082760624987,Motorola Solutions,2,2,2,0,0
datacenter,977173923621391,Whats Up North County,1,1,1,0,0
datacenter,977448541061252,Dylan Taylor,5,5,5,0,0
datacenter,998248305217328,EPACK Prefab,3,3,3,0,0
datacenter,999980441499645,Libertas Institute,1,1,1,0,0
datacenter,999776435628231,Norman & Ozi : Office Humor,1,1,1,0,0
datacenter,999434514644165,KTAB News,1,1,1,0,0
datacenter,999048712816157,High-Powered Networking,1,1,1,0,0
datacenter,999026043173482,Kailash Patel,1,1,1,0,0
datacenter,998550031222147,2real4radio.com,1,1,1,0,0
datacenter,998440725225634,SpaceboyCantLol,1,1,1,0,0
datacenter,998377532295041,The Unknown Facts,2,2,2,0,0
datacenter,998080251304653,Aurizn,1,1,1,0,0
datacenter,1000499141180716,Muddy River News,1,1,1,0,0
datacenter,997053096100547,Tech Hype,1,1,1,0,0
datacenter,996789595983836,Repair Shop Reckoning ,1,1,1,0,0
datacenter,996770245143652,Cisco Networking Academy,2,2,2,0,0
datacenter,996194075537490,TrustDALE,1,1,1,0,0
datacenter,993787089276598,Peso Weekly,1,1,1,0,0
datacenter,993032805571013,U.S. Census Bureau,2,2,2,0,0
datacenter,992995332787212,Orient Financial Brokers,1,1,1,0,0
datacenter,992892715802277,Dark History of our Voting System in America,1,1,1,0,0
datacenter,1000078144844851,Justin Stoll,1,1,1,0,0
datacenter,1001740838752667,Jon Bates,1,1,1,0,0
datacenter,977498642007779,Maryann and family,1,1,1,0,0
datacenter,1004736397896771,Nayatel,1,1,1,0,0
datacenter,1007340024742373,Vinay RB,1,1,1,0,0
datacenter,1007333001099992,AI IXX,2,2,2,0,0
datacenter,1007236880426288,theCube,8,8,8,0,0
datacenter,1006966405406039,Austin Z Omokhojeh,2,2,2,0,0
datacenter,1006317685110371,Extensive I.T Services,2,2,2,0,0
datacenter,1006058294765586,Moving to Canada,1,1,1,0,0
datacenter,1005162933878345,Moms Clean Air Force,2,2,2,0,0
datacenter,1004787202316097,Jackie McGuire for Marana Town Council,1,1,1,0,0
datacenter,1004293991370556,Huawei Documentation Insights,4,4,4,0,0
datacenter,1001784747979723,Cryptopolitan,1,1,1,0,0
datacenter,1004265770830971,Mumbai Press,1,1,1,0,0
datacenter,1003515468160417,Trent Cotney,1,1,1,0,0
datacenter,1003469967537850,KOAM News Now,2,2,2,0,0
datacenter,1003325531533344,Michigan Enjoyer,1,1,1,0,0
datacenter,1002999868345147,Gary Schmitt,1,1,1,0,0
datacenter,1002879089468771,Mansi Gokhale Kulkarni,1,1,1,0,0
datacenter,1002058535083935,Sankar Chinthamani,1,1,1,0,0
datacenter,1001979502113583,FFFExplained,1,1,1,0,0
datacenter,992758672922899,Black Ace Explorer,1,1,1,0,0
datacenter,992450442652015,Michigan Laborers District Council,1,1,1,0,0
datacenter,992390942774911,Dynamic Ratings,2,2,2,0,0
datacenter,980868729837047,TrueNAS Community,1,1,1,0,0
datacenter,983595443456950,Microsoft Magyarország,1,1,1,0,0
datacenter,983324610099348,Microsoft in Business,5,5,5,0,0
datacenter,982963447250806,Joetta Beauford,1,1,1,0,0
datacenter,982484203292222,Milwaukee Neighborhood News Service,1,1,1,0,0
datacenter,982478590161679,Schneider Electric,1,1,1,0,0
datacenter,981788993491340,KEC International Limited,1,1,1,0,0
datacenter,981450296922598,Nikki Braun,2,2,2,0,0
datacenter,981328036826183,Alex Lockwood,18,18,18,0,0
datacenter,980839396939094,OC3D,4,4,4,0,0
datacenter,992337841830177,IJR,2,2,2,0,0
datacenter,980691717213407,Pamela C. Rice,1,1,1,0,0
datacenter,980594876909214,Alderman Gilbert Villegas,1,1,1,0,0
datacenter,980573917085770,Highfalutin' Low Carb - Wes Shoemaker,1,1,1,0,0
datacenter,980480873032940,Spectrum Bay News 9,1,1,1,0,0
datacenter,979549743571481,Contractor Rx,1,1,1,0,0
datacenter,978708383900804,Nell Watson,1,1,1,0,0
datacenter,978488043891203,Finance Malaysia,16,16,16,0,0
datacenter,978087991459979,Bangladesh Branding LLC,1,1,1,0,0
datacenter,983650826715984,Aruba Tourist Channel,1,1,1,0,0
datacenter,984491776404236,ExpertOption Online Trading,1,1,1,0,0
datacenter,985002653580563,job's in UAE ,1,1,1,0,0
datacenter,985322175895851,TBS Features,1,1,1,0,0
datacenter,991370818766085,The Young Turks,1,1,1,0,0
datacenter,990880129455578,Mark A. Shryock,1,1,1,0,0
datacenter,990799869258229,Opaginni Olalekan Temitope,3,3,3,0,0
datacenter,990512972055041,President Joe Biden Archived,1,1,1,0,0
datacenter,990177683149815,Entertainment,2,2,2,0,0
datacenter,990161852197990,CoinMarketCap,1,1,1,0,0
datacenter,989558729471209,Rediscovering Melissa,1,1,1,0,0
datacenter,989340577260707,Legend Hancock,1,1,1,0,0
datacenter,989316279484124,Legrand,1,1,1,0,0
datacenter,988117819877447,Johnson Controls Security Products,1,1,1,0,0
datacenter,987490076566736,Memory4less,11,11,11,0,0
datacenter,986786279763133,Epyon Royal,1,1,1,0,0
datacenter,986484446965076,Legrand,3,3,3,0,0
datacenter,986469947116000,RFseries,1,1,1,0,0
datacenter,986376969665470,Tomas David Hood,1,1,1,0,0
datacenter,985893353198086,Feedy Recipes,1,1,1,0,0
datacenter,985563289433171,The Property Expert,1,1,1,0,0
datacenter,1065021085291874,Datboi Kye,1,1,1,0,0
datacenter,1065363871867151,Catherine Fleming Bruce,1,1,1,0,0
datacenter,950298676441847,Cambridge University Press - Politics,1,1,1,0,0
datacenter,1118115582552506,Muheet Fayaz,2,2,2,0,0
datacenter,1120061413027499,The Town Square Podcast,1,1,1,0,0
datacenter,1119972935580263,"WPR Music, Arts & Culture",1,1,1,0,0
datacenter,1119753252711342,Leechiu Property Consultants,1,1,1,0,0
datacenter,1119405972531609,Alt Afrikaner,1,1,1,0,0
datacenter,1119147073063656,You Mad Bro?,1,1,1,0,0
datacenter,1119106289762779,Armin Sabic,1,1,1,0,0
datacenter,1118802792834053,Just the Facts,1,1,1,0,0
datacenter,1118511655717183,Asianewstoday,9,9,9,0,0
datacenter,1117640423732918,StarApple A.I.,1,1,1,0,0
datacenter,1120511559510241,Shawn Schiller,2,2,2,0,0
datacenter,1117634779997665,Elizabeth Hassell,1,1,1,0,0
datacenter,1117623696671039,PC Portal Computer Store,1,1,1,0,0
datacenter,1117047232752757,NVR:  NEVER vote republican,3,3,3,0,0
datacenter,1116816569354243,TruthBytes,4,4,4,0,0
datacenter,1116639306060179,Master Builders Solutions,1,1,1,0,0
datacenter,1116440663967519,Mark Vergenes,1,1,1,0,0
datacenter,1116335269616923,The Trident : Military & Space,6,6,6,0,0
datacenter,1116124170226777,Christopher Ife,1,1,1,0,0
datacenter,1120297516753540,Solve It,3,3,3,0,0
datacenter,1120636043259039,Behind The Money,8,8,8,0,0
datacenter,1115932127319024,Suliman Momand Scholarships سليمان مومند سکالرشپونه,1,1,1,0,0
datacenter,1123025846170087,Bernard Taylor For Congress,3,3,3,0,0
datacenter,1124416112440201,Utah Satire,2,2,2,0,0
datacenter,1123783071994119,Silent Hills Explorations ,1,1,1,0,0
datacenter,1123727699935730,Legrand,4,4,4,0,0
datacenter,1123685448640304,Tom's Hardware,24,24,24,0,0
datacenter,1123475152914571,Hood Fishing Entertainment,1,1,1,0,0
datacenter,1123464365808130,PolkCo Scanner,8,8,8,0,0
datacenter,1123323082163845,draw.io,7,7,7,0,0
datacenter,1123104789427428,Shawn Nguyen,1,1,1,0,0
datacenter,1123004458997688,"Ministry of Social Justice and Empowerment, Government of India",1,1,1,0,0
datacenter,1120711452420418,Collective Evolution,1,1,1,0,0
datacenter,1122868209417354,Bulandshahr Wale,1,1,1,0,0
datacenter,1122521902209031,Kagay-an.ph,1,1,1,0,0
datacenter,1122382298728911,Open Data Science Conference,1,1,1,0,0
datacenter,1122202155872732,Trey Martinez Fischer,1,1,1,0,0
datacenter,1121259542543292,Freedom Wings USA,1,1,1,0,0
datacenter,1121236895768091,Nitrado International - English,4,4,4,0,0
datacenter,21502286648586,StartupHakk,3,3,3,0,0
datacenter,1120806942429318,PA State Rep. Barb Gleim,3,3,3,0,0
datacenter,1115957446118061,Deep In Space ,2,2,2,0,0
datacenter,1115676482765975,Valmet,1,1,1,0,0
datacenter,1106060084062023,Ahmed Nazmy أحمد نظمى الصفحة الرسمية,1,1,1,0,0
datacenter,1109346630107999,Crasco Smyrth,1,1,1,0,0
datacenter,1111089774512880,Dustin Erik Nelms,1,1,1,0,0
datacenter,1110946183266085,The-14 Media,1,1,1,0,0
datacenter,1110794343265663,કંઇક નવું જાણીએ,2,2,2,0,0
datacenter,1110630790052200,Buddhistdoor Global - BDG,1,1,1,0,0
datacenter,1110561686628697,Marigiri,1,1,1,0,0
datacenter,1110236247760999,Justin Dill,2,2,2,0,0
datacenter,1109962374324437,Ndwakhulu Edwin Ramabulana,1,1,1,0,0
datacenter,1109501793964555,Teksan Global,2,2,2,0,0
datacenter,1109143561041648,Holly Gutzwiller Wilhelm,20,20,20,0,0
datacenter,1111284493358229,ProductNation.co,1,1,1,0,0
datacenter,1108441460642823,Bitspower,1,1,1,0,0
datacenter,1108352947104637,Rated Red,1,1,1,0,0
datacenter,1108063364362005,Mubarak Oyewoga,1,1,1,0,0
datacenter,1107797937533852,Qurnhaany Mayele,1,1,1,0,0
datacenter,1107658010672572,Optica,2,2,2,0,0
datacenter,1106960211634613,Isaac Dan,2,2,2,0,0
datacenter,1106818467687951,Giste Wa Kabiro,1,1,1,0,0
datacenter,1106725373702702,Afrika Tikkun Foundation,1,1,1,0,0
datacenter,1111245480157496,City of Granbury,2,2,2,0,0
datacenter,1111406697774737,Factnomenal,1,1,1,0,0
datacenter,1115402426271961,DTE Punjab DSD,1,1,1,0,0
datacenter,1113608979722125,Science knowledge,1,1,1,0,0
datacenter,1115149989468678,Daily Bangladesh News,1,1,1,0,0
datacenter,1114990793900644,Coupon speak 259,1,1,1,0,0
datacenter,1114476233216494,Geopolitical Futures,1,1,1,0,0
datacenter,1114447303372200,"Royal Wolf Australia, a United Rentals Company",1,1,1,0,0
datacenter,1114442973100036,Avoimet työpaikat Helsingissä,3,3,3,0,0
datacenter,1113881190316227,The Skills age,3,3,3,0,0
datacenter,1113684403298210,Open Source India,2,2,2,0,0
datacenter,1113673090178902,Myanmar Power Group,6,6,6,0,0
datacenter,1113364707920124,Dipankar Das,1,1,1,0,0
datacenter,1111537011112430,Tinlid Hat Company,1,1,1,0,0
datacenter,1113351251008106,Hart Law,1,1,1,0,0
datacenter,1113276120629622,Michaël Systaime Borras,1,1,1,0,0
datacenter,1112865593326526,Chief Women Leaders,3,3,3,0,0
datacenter,1112343814042644,Oh That Mom Glow,2,2,2,0,0
datacenter,1112290177698158,Brian Meissen,2,2,2,0,0
datacenter,1111989126560353,Brights Antique World,1,1,1,0,0
datacenter,1111820206698393,Iredell Firewire,1,1,1,0,0
datacenter,1111559103464026,Eyes Open Podcast,3,3,3,0,0
datacenter,1124711415191595,Clean Wisconsin,1,1,1,0,0
datacenter,1124764535490850,Tata Projects Limited,1,1,1,0,0
datacenter,1124785733151382,Canada Updates Immigration,4,4,4,0,0
datacenter,1136979841178866,RandomstuffA2Z,1,1,1,0,0
datacenter,1139593464977574,Geno Riley,1,1,1,0,0
datacenter,1139264957286547,Mir Zafar Ali,1,1,1,0,0
datacenter,1139200580568445,White River Now,2,2,2,0,0
datacenter,1138601240540071,Mustard Seed Systems Corporation,1,1,1,0,0
datacenter,1138083330692637,ETCIO,4,4,4,0,0
datacenter,1138022528433844,Chris Pollitzer,4,4,4,0,0
datacenter,1137508014211084,San Antonio Food Bank,1,1,1,0,0
datacenter,1137157224135174,Desirae Nicole,2,2,2,0,0
datacenter,1136745841063628,The Latin Times,1,1,1,0,0
datacenter,1139966758228031,Alviro Iskandar Setiawan,1,1,1,0,0
datacenter,1136311537754388,ypkhmer.com,1,1,1,0,0
datacenter,1136004954180764,Yuup shots ,1,1,1,0,0
datacenter,1135690075178474,Nicksadler.io,1,1,1,0,0
datacenter,1135550734280573,Leap,1,1,1,0,0
datacenter,1135195801272955,Courtney Cole,3,3,3,0,0
datacenter,1134903555439347,Mahavir Verma,1,1,1,0,0
datacenter,1134643552073779,Kris Davis,1,1,1,0,0
datacenter,1134627448827777,HimraTech,6,6,6,0,0
datacenter,1139655514536509,Katie Myers,6,6,6,0,0
datacenter,1140623580951763,Diplomacy Arena,1,1,1,0,0
datacenter,1125060836242093,Shawn Massie,1,1,1,0,0
datacenter,1143743003486957,NewsPulse,1,1,1,0,0
datacenter,1145935940111504,Agressive Stocks,2,2,2,0,0
datacenter,1145881986762141,Luvuyo Rani,1,1,1,0,0
datacenter,1145513034037655,Gary McGill,1,1,1,0,0
datacenter,1145421257152796,WheresYour Humanity,2,2,2,0,0
datacenter,1144929816804519,Tech Baksho LLC,1,1,1,0,0
datacenter,1144553431161813,Unbox Energy,1,1,1,0,0
datacenter,1144461347613385,AR Electronics,1,1,1,0,0
datacenter,1144430480972294,Lacey Lester,1,1,1,0,0
datacenter,1142975070110302,"Railstream, LLC.",9,9,9,0,0
datacenter,1140771654352239,Asian Bulletin,3,3,3,0,0
datacenter,1142929431129594,Daniel Fishman,1,1,1,0,0
datacenter,1142919310959948,Bankopedia.Pk,1,1,1,0,0
datacenter,1142079000786699,Network Bulls,4,4,4,0,0
datacenter,1141390003543736,Mark Ronchetti,1,1,1,0,0
datacenter,1141298097048365,Nekonyamicon,1,1,1,0,0
datacenter,1141019128137587,Amaya Graham WTVM,1,1,1,0,0
datacenter,1140867850539471,Nightside,1,1,1,0,0
datacenter,1140833170324397,Farm4Profit,5,5,5,0,0
datacenter,1134622171432328,Trident Imix Bodega,1,1,1,0,0
datacenter,1134508854635067,High Voltage Industries,1,1,1,0,0
datacenter,1134209118117569,Beyond Florida,2,2,2,0,0
datacenter,1127245348916577,LG Business Indonesia,1,1,1,0,0
datacenter,1128265662724191,National Communication Museum,1,1,1,0,0
datacenter,1128224172819304,Crystal Sweet,1,1,1,0,0
datacenter,1128198671787026,Admin By Request,9,9,9,0,0
datacenter,1127791991842895,Arruu Khan,1,1,1,0,0
datacenter,1127783322278687,Ed Boner,1,1,1,0,0
datacenter,1127662921917405,Intel,1,1,1,0,0
datacenter,1127425354971027,Electric TV,1,1,1,0,0
datacenter,1127262988535968,SuperHits 93.5,2,2,2,0,0
datacenter,1127062148450649,Microsoft Slovakia,2,2,2,0,0
datacenter,1134199322257067,Asif Ail,1,1,1,0,0
datacenter,1127052565068881,Qatar Living Jobs,2,2,2,0,0
datacenter,1126684911702382,Kioxia Asia Pacific,2,2,2,0,0
datacenter,1126542835086774,The Technology Square,1,1,1,0,0
datacenter,1126210822068351,Punchbowl News,1,1,1,0,0
datacenter,1126038531859489,The Cross Timbers Gazette,1,1,1,0,0
datacenter,1125597925779582,JCB,1,1,1,0,0
datacenter,1125469835424930,Telin,2,2,2,0,0
datacenter,1125073879120866,Steve Holm,1,1,1,0,0
datacenter,1128291385933222,Kevin Liebetrau,1,1,1,0,0
datacenter,1128699871885139,Yamamah IT&CS LLC,1,1,1,0,0
datacenter,1129049108224372,Nand Gopal Gupta Nandi,1,1,1,0,0
datacenter,1129193668089429,Samaa Digital,1,1,1,0,0
datacenter,1133870974953385,Daniel Okechukwu,1,1,1,0,0
datacenter,1133801235385488,Elmershox Networks,1,1,1,0,0
datacenter,1133424032295712,Jerrell Ragztoriches Tyson,1,1,1,0,0
datacenter,1133276794582979,Icons of India,1,1,1,0,0
datacenter,1133141871220229,Infolady48111,3,3,3,0,0
datacenter,1132435851087339,Tope Fasua,1,1,1,0,0
datacenter,1132220588827924,Lakshminarayanan Sethu,1,1,1,0,0
datacenter,1132006104921977,Antonio Robinson,2,2,2,0,0
datacenter,1131914574474741,Learn with Cisco,9,9,9,0,0
datacenter,1131750058368386,U.S.A,3,3,3,0,0
datacenter,1130644971443939,"Skyworks Solutions, Inc.",1,1,1,0,0
datacenter,1129671305062510,Palo Duro Real Estate,1,1,1,0,0
datacenter,1129624841391459,India Book of Records,1,1,1,0,0
datacenter,1129510705270351,Dayton Business Journal,4,4,4,0,0
datacenter,1129504288219827,Zmartbuild India,1,1,1,0,0
datacenter,1129310188147624,Lead Stories,2,2,2,0,0
datacenter,1129244008639659,Jason Rainey,4,4,4,0,0
datacenter,1106301978047433,Wisely Phiri,2,2,2,0,0
datacenter,1105784380804940,Northeast Today,2,2,2,0,0
datacenter,1066003355342437,Cyber Security And Tricks For Computer and Mobile,1,1,1,0,0
datacenter,1078938856475593,KCUR 89.3,2,2,2,0,0
datacenter,1080446903902985,Straightouttasalemnews,3,3,3,0,0
datacenter,1080236583899945,Kathy Gill,1,1,1,0,0
datacenter,1080083806650763,"Ministry of Electronics & Information Technology, Government of India",1,1,1,0,0
datacenter,1079804093208747,10/10,2,2,2,0,0
datacenter,1079675990809495,Follow the Leighder,2,2,2,0,0
datacenter,1079499203235861,The Kathmandu Post,1,1,1,0,0
datacenter,1079147836682763,Social Information,2,2,2,0,0
datacenter,1078972193430214,Marvell Technology,2,2,2,0,0
datacenter,1078880844614222,Sense It Technologies,6,6,6,0,0
datacenter,1080923733828348,Dexter and The Moonrocks,1,1,1,0,0
datacenter,1078871820140871,Latestly,3,3,3,0,0
datacenter,1078780193341705,Microsoft,4,4,4,0,0
datacenter,1078697817498427,Serena Albright,6,6,6,0,0
datacenter,1078477876848450,WLEN 103.9fm,1,1,1,0,0
datacenter,1078305250909565,Altas World News,1,1,1,0,0
datacenter,1077803156717567,AsiaOne,2,2,2,0,0
datacenter,1077802286840164,Lancaster Farming,2,2,2,0,0
datacenter,1077028023537138,APPSGADGET,4,4,4,0,0
datacenter,1080737127648478,Village Stove Survival,1,1,1,0,0
datacenter,1081130487070486,Bonnie Schneider,1,1,1,0,0
datacenter,1076869620318524,Find job in Iraq & Kurdistanابحث عن عمل في العراق وكردستان,1,1,1,0,0
datacenter,1084109333742981,Property Buzz,1,1,1,0,0
datacenter,1085729370543733,Because I didn't like it doesn't mean I didn't find it funny,1,1,1,0,0
datacenter,1085615289319000,WMNF Community Radio,2,2,2,0,0
datacenter,1085610616475786,The Survival Summit,1,1,1,0,0
datacenter,1085303885916350,Hurst Brand Farms,1,1,1,0,0
datacenter,1085061755887639,TechPP,1,1,1,0,0
datacenter,1084828732593659,Arkady Belozovsky Empowerment,1,1,1,0,0
datacenter,1084784922662437,Schneider Electric,3,3,3,0,0
datacenter,1084319519376490,Metro News Central,1,1,1,0,0
datacenter,1083895936068101,Indian Community of Jeddah,1,1,1,0,0
datacenter,1081711380079656,Bruno Diwakara,1,1,1,0,0
datacenter,1083288349928407,Joe Justice,1,1,1,0,0
datacenter,1082561476821909,World Energy News,1,1,1,0,0
datacenter,1082497136298791,The Vicksburg Post,1,1,1,0,0
datacenter,1082483943378270,AHK German Emirati Joint Council for Industry and Commerce,1,1,1,0,0
datacenter,1082432526109320,Coast to Coast AM,1,1,1,0,0
datacenter,1082298313735957,stockvahini,2,2,2,0,0
datacenter,1081948270374990,Cloud Tech IT Solutions L.L.C,1,1,1,0,0
datacenter,1081783713939890,The Watchdog Wire,11,11,11,0,0
datacenter,1076938137137702,Vic Meyers,2,2,2,0,0
datacenter,1076631258169738,Dhanush Now,1,1,1,0,0
datacenter,1105721084115473,Right Now with Ann Vandersteel,1,1,1,0,0
datacenter,1068610741101444,PSA Region I Ilocos,1,1,1,0,0
datacenter,1070414967514416,IP Technics LLC,1,1,1,0,0
datacenter,1070395604388005,SMIT KOMODO,1,1,1,0,0
datacenter,1070182059307849,MVP IT,53,53,53,0,0
datacenter,1070162488827130,Ikram Fahmi,1,1,1,0,0
datacenter,1070119859307053,Caleb Jones,3,3,3,0,0
datacenter,1070038517419277,Visit Ikaria,1,1,1,0,0
datacenter,1069434221711995,Navttc Centre of Excellence in Modern Technologies,1,1,1,0,0
datacenter,1068762321074549,Fintech Singapore,2,2,2,0,0
datacenter,1068342467820489,Josh Berry,1,1,1,0,0
datacenter,1071414577389330,Myjobo,1,1,1,0,0
datacenter,1068167634767473,Ugwueche Chukwuebuka Stanley,1,1,1,0,0
datacenter,1068059939422314,Ftechgaming,1,1,1,0,0
datacenter,1067925369079490,Ola for Congress,1,1,1,0,0
datacenter,1067660324901745,Werktuigen.com,1,1,1,0,0
datacenter,1067348330998199,Cassie Sunshine,1,1,1,0,0
datacenter,1067257087862831,Net Impact,1,1,1,0,0
datacenter,1066569421068794,Tatak Ilonggo,1,1,1,0,0
datacenter,1066195415912972,Take Your Host,1,1,1,0,0
datacenter,1071156730687682,NES Fircroft,1,1,1,0,0
datacenter,1071854474827922,Utility Action Alliance,2,2,2,0,0
datacenter,1076474953374880,SmartHomes Dholera,2,2,2,0,0
datacenter,1074333943649881,Molex,5,5,5,0,0
datacenter,1075786780943235,H2S Media,1,1,1,0,0
datacenter,1075316703793731,Reema Sonkar,3,3,3,0,0
datacenter,1075133910446942,Okasha Sahil,1,1,1,0,0
datacenter,1075117297853526,Meli T Garcia,1,1,1,0,0
datacenter,1075086944165846,Mississippi Development Authority,3,3,3,0,0
datacenter,1074908594225082,Interesting,1,1,1,0,0
datacenter,1074569117681012,Tim Lewis,1,1,1,0,0
datacenter,1074568958322625,Power Up Boston,1,1,1,0,0
datacenter,1074260583562213,FailArmy,1,1,1,0,0
datacenter,1071925768116048,Dr. Preston Brooks,9,9,9,0,0
datacenter,1074132872226702,Micah Dye,1,1,1,0,0
datacenter,1073506553679563,Ndubuisi Ekekwe,1,1,1,0,0
datacenter,1073408620339660,ETTelecom,2,2,2,0,0
datacenter,1073039870898853,D Micheals Campbell,1,1,1,0,0
datacenter,1072510204758924,PC Travels,11,11,11,0,0
datacenter,1072426247214326,Clean Water Action,1,1,1,0,0
datacenter,1072134557239275,Grice Connect,1,1,1,0,0
datacenter,1072068577168377,ACREX India,1,1,1,0,0
datacenter,1085867363211543,The Appalachian Times,1,1,1,0,0
datacenter,1086006396798359,ADATA,1,1,1,0,0
datacenter,1086520685738638,Addis Zemen Jobs Vacancy,1,1,1,0,0
datacenter,1100048314499057,Weirdly Interesting,1,1,1,0,0
datacenter,1101236731301819,Grist.org,1,1,1,0,0
datacenter,1101118211230069,Softonic,1,1,1,0,0
datacenter,1100971114256034,Cambridge University Press - Law,1,1,1,0,0
datacenter,1100900621322979,Datasur,46,46,46,0,0
datacenter,1100750631181702,Darnell Keith Ravenell,1,1,1,0,0
datacenter,1100456471378948,Little champs knowledge hub,1,1,1,0,0
datacenter,1100350504656857,Mashable Middle East,1,1,1,0,0
datacenter,1100328214949820,Property Plan,1,1,1,0,0
datacenter,1099834731593688,Theo R.,1,1,1,0,0
datacenter,1101448880937204,Mango Man's Opinion ,1,1,1,0,0
datacenter,1099491775294784,CommScope,3,3,3,0,0
datacenter,1099487041948656,Scott Evans Littleton,3,3,3,0,0
datacenter,1099005275058529,Habibi,1,1,1,0,0
datacenter,1098725988031370,Egypt Career Summit,1,1,1,0,0
datacenter,1098222251388344,Mike Bottcher,1,1,1,0,0
datacenter,1098141902089851,Clay Edwards,4,4,4,0,0
datacenter,1097946078101059,Radyo Pilipinas Tayug,1,1,1,0,0
datacenter,1097876971489176,End-Times-Prophecy.Org,1,1,1,0,0
datacenter,1101393594316921,ባንኪ ንግዲ  ኢትዮጵያ,1,1,1,0,0
datacenter,1101544797525062,WCJB TV20 News,1,1,1,0,0
datacenter,1088288199169382,CIO Bulletin,1,1,1,0,0
datacenter,1103831914710405,Kenosha County Government,1,1,1,0,0
datacenter,1105528003804775,TradeFlock,10,10,10,0,0
datacenter,1105035487434925,UCLan Cyprus,1,1,1,0,0
datacenter,1104436434472587,KnownHost LLC,2,2,2,0,0
datacenter,1104270591593996,Illu Sion,4,4,4,0,0
datacenter,1104200474049942,Al Bawaba News,1,1,1,0,0
datacenter,1104053404052885,BlockChain.Watch,5,5,5,0,0
datacenter,1103887650582874,Trending Pakistan,2,2,2,0,0
datacenter,1103857694459488,Carolyn Lee,1,1,1,0,0
datacenter,1103542192339551,Ahmed Hossain,1,1,1,0,0
datacenter,1102088074842397,History Before Us,6,6,6,0,0
datacenter,1103498577315060,Wisconsin Public Radio,1,1,1,0,0
datacenter,1103288637407157,Caroline Gleich,4,4,4,0,0
datacenter,1103102388464564,Euro Trade,1,1,1,0,0
datacenter,1102723084796664,TM One,1,1,1,0,0
datacenter,1102555045364478,FintraEd,4,4,4,0,0
datacenter,1102545747431183,Strictly Speaking with Bob Frantz,1,1,1,0,0
datacenter,1102492237594001,The Gazette,1,1,1,0,0
datacenter,1102263598105811,Red Education,2,2,2,0,0
datacenter,1097674151212534,The New Times Publications,1,1,1,0,0
datacenter,1097450564898608,Opinión Pública TV,1,1,1,0,0
datacenter,1096713408744067,Gate of Wise,1,1,1,0,0
datacenter,1089713698727523,The Statesman,1,1,1,0,0
datacenter,1091692392750971,John Hammonds,2,2,2,0,0
datacenter,1091291972994372,ORCAFY,1,1,1,0,0
datacenter,1091267812626691,The Urban Developer,1,1,1,0,0
datacenter,1091043249627660,Wasan Chanpen,1,1,1,0,0
datacenter,1090992438588422,Technopolis Development Authority,4,4,4,0,0
datacenter,1090578205657354,KYTX CBS19,1,1,1,0,0
datacenter,1090365182103639,WWLTV,1,1,1,0,0
datacenter,1089961122384280,Open Talk,1,1,1,0,0
datacenter,1089449685806191,Che Guerrero,1,1,1,0,0
datacenter,1096063399631174,Tejas the Corporate guy,1,1,1,0,0
datacenter,1089200929016171,Abs Quimma,1,1,1,0,0
datacenter,1089114435741590,Andrew Amouzou,1,1,1,0,0
datacenter,1088984845665599,Leilani Masaniai,1,1,1,0,0
datacenter,1088908299657587,מכון היצוא - Israel Export Institute,1,1,1,0,0
datacenter,1088902328944015,Daily Money Matters,1,1,1,0,0
datacenter,1088688205941372,John Wiley,3,3,3,0,0
datacenter,1088637045773902,Gainwell CAT,2,2,2,0,0
datacenter,1088379179451407,KSB Company,3,3,3,0,0
datacenter,1091758062129226,Mr science tamil,1,1,1,0,0
datacenter,1092416368496158,Whitetail Wise,2,2,2,0,0
datacenter,1092562621955864,Temok Technologies,4,4,4,0,0
datacenter,1092674422151571,CII - Indian Green Building Council - IGBC,7,7,7,0,0
datacenter,1096061935732781,Olamide Stone,1,1,1,0,0
datacenter,1096013998058942,Supreme MEDIA,1,1,1,0,0
datacenter,1095891424883442,Finance & Commerce,1,1,1,0,0
datacenter,1095885375865586,Ivv-PROGRESSIVE TV,1,1,1,0,0
datacenter,1095800014798512,PUBLIC NEWS 24X7,1,1,1,0,0
datacenter,1095670835925716,Martin-og Pro,2,2,2,0,0
datacenter,1095150058480379,Black Sheep,1,1,1,0,0
datacenter,1095044678252015,EndTimes News,1,1,1,0,0
datacenter,1094814828393776,Alexis Wainwright,1,1,1,0,0
datacenter,1094471901584202,Malaysian Investment Development Authority - MIDA,1,1,1,0,0
datacenter,1094393442862607,HXC Real Estate,1,1,1,0,0
datacenter,1093794815473861,Bennie Owusu-Sekyere,1,1,1,0,0
datacenter,1093702782292512,McNICHOLS CO.,3,3,3,0,0
datacenter,1093549582944446,Ankit Pundir,2,2,2,0,0
datacenter,1093400411890079,Teks Academy,2,2,2,0,0
datacenter,1093133522823301,Sheykh Nurjan Mirahmadi-QS,1,1,1,0,0
datacenter,1092982342811873,Random Weird Facts,2,2,2,0,0
datacenter,950395929646973,City of Windhoek,1,1,1,0,0
datacenter,950171299578864,Fintech News,1,1,1,0,0
datacenter,779168318189850,Top Trends 5.7,1,1,1,0,0
datacenter,829247329091409,Ask D Recruitment & HR Professional,1,1,1,0,0
datacenter,830611725543775,BRUT group,1,1,1,0,0
datacenter,830443389806027,David Keller,1,1,1,0,0
datacenter,830373752942029,Justin Zinger,1,1,1,0,0
datacenter,830324969527126,Nepal in Last 24HR,2,2,2,0,0
datacenter,829946442507083,JobXprss,1,1,1,0,0
datacenter,829451563356042,Emily Wheeler,1,1,1,0,0
datacenter,829287505696554,Private Briefing,2,2,2,0,0
datacenter,829257182343506,Franklin Cudjoe,1,1,1,0,0
datacenter,829012729576589,Dian Derossie,1,1,1,0,0
datacenter,831240858596531,Mayank Khandelwal,2,2,2,0,0
datacenter,828920581991138,Sunit Kumar Nandi,2,2,2,0,0
datacenter,828237710187844,Tristan Tritt,2,2,2,0,0
datacenter,827872549113467,Yellowhammer News,3,3,3,0,0
datacenter,827350559825766,Zolzaya Arild,1,1,1,0,0
datacenter,827079963391760,Eagle Vision Security,1,1,1,0,0
datacenter,826816406467241,Ty Talks Tech,1,1,1,0,0
datacenter,826299559828445,IT Dynamics,1,1,1,0,0
datacenter,826266423126086,Aapki Khabar Rajniti ,1,1,1,0,0
datacenter,831148922117323,Lokmat Times,1,1,1,0,0
datacenter,831281466223893,NextGen Meghalaya,3,3,3,0,0
datacenter,826016689254036,Garrett Edward Atkins,1,1,1,0,0
datacenter,833800519702449,MCIM,2,2,2,0,0
datacenter,836167169267936,Somu Naga Venkata Sudhir,1,1,1,0,0
datacenter,836052056164272,Prof. Shakeel Siddiqui,1,1,1,0,0
datacenter,835840578306783,Mayor Will Joyce,1,1,1,0,0
datacenter,835686941685875,Department of Information and Communications Technology - DICT,2,2,2,0,0
datacenter,835626965660843,CloudCone,1,1,1,0,0
datacenter,835054866234349,Rana Muhammad Bilal,1,1,1,0,0
datacenter,834149612660912,Bell Mobile Homes,1,1,1,0,0
datacenter,834091908895647,FIRED Up Wealth,1,1,1,0,0
datacenter,833515725978650,Cayson George,1,1,1,0,0
datacenter,831412942313937,Homes & Buildings,1,1,1,0,0
datacenter,832662541869452,Acro,1,1,1,0,0
datacenter,832503849468723,Secuodsoft Technologies Private Limited,1,1,1,0,0
datacenter,832259501955725,The 'Gander Newsroom,1,1,1,0,0
datacenter,832032522249068,Life at VentureDive,1,1,1,0,0
datacenter,831960023130264,ជា សេរីវឌ្ឍ - Chea Sereyvath,2,2,2,0,0
datacenter,831835672887426,Kyle Gauck,1,1,1,0,0
datacenter,831781992721583,Ｐｒｏｇｒａｍｍｅｒ ｄｒｅａｍ,1,1,1,0,0
datacenter,831756799854491,Dragon Creek Ranch,1,1,1,0,0
datacenter,826178467237362,The Informant,1,1,1,0,0
datacenter,825362653137530,Economy Middle East,6,6,6,0,0
datacenter,817372024268497,Geoffrey Lopez II / Radius Realty Group,1,1,1,0,0
datacenter,819839357320419,Paul G. Soliman,2,2,2,0,0
datacenter,820974994074794,Geek Realm Hub,2,2,2,0,0
datacenter,820446533973287,Vanessa Moon Marie Stewart,1,1,1,0,0
datacenter,820284909928838,DigiKey,3,3,3,0,0
datacenter,820176727347361,Sizzlin' Games,1,1,1,0,0
datacenter,820164753883009,Gee AG Flames Main,4,4,4,0,0
datacenter,819942756995077,Jobs For Everyone,1,1,1,0,0
datacenter,819877364421114,S.co.tt,2,2,2,0,0
datacenter,819854073587207,Tenda MEA,2,2,2,0,0
datacenter,819711767642147,Excel Tv,2,2,2,0,0
datacenter,821334200024541,Wazzup PH,1,1,1,0,0
datacenter,819540314013811,RDP Arena,3,3,3,0,0
datacenter,819535036579641,MEAWW,1,1,1,0,0
datacenter,819331436466307,Asphalt Pro Magazine,1,1,1,0,0
datacenter,818928723606045,Rick Fleming,1,1,1,0,0
datacenter,818792603610931,Being hindu,1,1,1,0,0
datacenter,817941930621907,Vikas Jhajharia Agarwal,2,2,2,0,0
datacenter,817822504596825,Roger Dat Stories ,1,1,1,0,0
datacenter,817679174710422,Jed Richard,2,2,2,0,0
datacenter,821115550358244,Nelvin Abines,2,2,2,0,0
datacenter,821419023358807,Tamara McCleary,1,1,1,0,0
datacenter,825324940087030,Building Morocco,2,2,2,0,0
datacenter,824108567462647,Youshare,1,1,1,0,0
datacenter,824987997152136,Md. Asaduzzaman,3,3,3,0,0
datacenter,824685619700577,tfipost.com,1,1,1,0,0
datacenter,824594366692329,Chris Remboldt,1,1,1,0,0
datacenter,824543086279658,Pete Popichak,1,1,1,0,0
datacenter,824508443039961,Megarock Radio,7,7,7,0,0
datacenter,824461576191740,Bennett Family of Companies,1,1,1,0,0
datacenter,824379543736973,Cody John Bennett,1,1,1,0,0
datacenter,824283620278382,Bright Vessel,1,1,1,0,0
datacenter,823785572834337,TMJ News Network,1,1,1,0,0
datacenter,821624417170568,ProductionNz Tv,1,1,1,0,0
datacenter,823727233738920,ByTech Technologies BD,2,2,2,0,0
datacenter,823434412913893,Electrek.co,1,1,1,0,0
datacenter,822507083467248,Featheredsoul,1,1,1,0,0
datacenter,822307979868471,John Bamforth,1,1,1,0,0
datacenter,822205493100147,Matterport,1,1,1,0,0
datacenter,822156156826419,Missy Kirby Wilkes,1,1,1,0,0
datacenter,821963263302550,Life at Educative,1,1,1,0,0
datacenter,821899793971542,Lionbliss,7,7,7,0,0
datacenter,836421538916381,Decoding Marvel,1,1,1,0,0
datacenter,836435951719778,Justin PrimalDad Kyser,1,1,1,0,0
datacenter,836584501381607,Erin Cox,3,3,3,0,0
datacenter,850753030228014,New Birth Missionary Baptist Church,1,1,1,0,0
datacenter,853015034370448,Cctv Planet,1,1,1,0,0
datacenter,852898630464879,Deplorable.dishmon304,1,1,1,0,0
datacenter,852825443423509,Miami Police Department,4,4,4,0,0
datacenter,852642226644432,News 9 WAOW,1,1,1,0,0
datacenter,852323556321630,OfficeChai,5,5,5,0,0
datacenter,852253857243712,Behind The Music,1,1,1,0,0
datacenter,851796551232035,Mobi Egypt,2,2,2,0,0
datacenter,850978469693568,Huawei Enterprise,3,3,3,0,0
datacenter,850564336820920,State Representative Carol Ammons,1,1,1,0,0
datacenter,853346431185547,Taylor Letitia,1,1,1,0,0
datacenter,850542970749771,The Vigil News,1,1,1,0,0
datacenter,850354180915903,بدايتي للتمويل متناهي الصغر,1,1,1,0,0
datacenter,850287110118809,Microsoft,4,4,4,0,0
datacenter,849814339861561,Awesome Videos,1,1,1,0,0
datacenter,849176480194069,Bangkok Post,4,4,4,0,0
datacenter,848772920105664,Power To The People,1,1,1,0,0
datacenter,848693813879363,The Frontier Voice,1,1,1,0,0
datacenter,848583581451393,Chuck For Maryland,1,1,1,0,0
datacenter,853228989599716,CFC Youth for Christ,1,1,1,0,0
datacenter,853549216510285,S Tamar Mobile,3,3,3,0,0
datacenter,836811538657177,Itskingezekiel,2,2,2,0,0
datacenter,857023249559970,CNX Software,1,1,1,0,0
datacenter,859315476497343,English for Beginners,1,1,1,0,0
datacenter,859201488950280,Next Generation Weapons Technology,1,1,1,0,0
datacenter,859145743740755,Asmongold Fans Community,1,1,1,0,0
datacenter,859116223508461,Malipravin2,1,1,1,0,0
datacenter,858932869004478,Stuff You Don't Read,1,1,1,0,0
datacenter,857816369984826,Stock Element,2,2,2,0,0
datacenter,857693156153187,Phillip Nova,2,2,2,0,0
datacenter,857325073518368,Duane Garvais Lawrence,1,1,1,0,0
datacenter,856959619232941,WOOD TV8,1,1,1,0,0
datacenter,853684979946313,ISHRAE,1,1,1,0,0
datacenter,856784016225064,Hillstone Networks,1,1,1,0,0
datacenter,856584329669530,Tech Vision Electronics,1,1,1,0,0
datacenter,856520116668095,Travis A. Flaherty,7,7,7,0,0
datacenter,856373679258929,Bridget Loraine Kern-staggs,1,1,1,0,0
datacenter,855980289848668,Huawei Algérie,1,1,1,0,0
datacenter,855591493921406,Rudolph Tinker,1,1,1,0,0
datacenter,854893125962757,TV 47 Kenya,1,1,1,0,0
datacenter,854558240845266,Technology Engineering Subject,2,2,2,0,0
datacenter,848260820487950,Seema Jain,2,2,2,0,0
datacenter,848221333815806,Ky Ngo,1,1,1,0,0
datacenter,848176620994360,Jarvis Peguese,1,1,1,0,0
datacenter,839473641441348,Craig Smith KGUN,3,3,3,0,0
datacenter,842963937603576,Lancaster Stands Up,2,2,2,0,0
datacenter,842811830745728,The Southern Spill,1,1,1,0,0
datacenter,841749271064215,ACM - Association for Computing Machinery,1,1,1,0,0
datacenter,841343077442113,Maxcom Technologies,2,2,2,0,0
datacenter,840525518727293,Furqan Shayk,1,1,1,0,0
datacenter,840404228843264,Brie Smith,1,1,1,0,0
datacenter,840105761145205,"Larry Klein, Sunnyvale Mayor",1,1,1,0,0
datacenter,839966134516304,OU Nightly,2,2,2,0,0
datacenter,839427157954795,Seniors for a Democratic Society,1,1,1,0,0
datacenter,848031827752833,Adjacentnode,1,1,1,0,0
datacenter,839204878939536,Naples Florida Life,3,3,3,0,0
datacenter,839097118791402,Finance Unboxed,1,1,1,0,0
datacenter,839054471750122,Vi Nguyen,3,3,3,0,0
datacenter,838739301348678,DrydenWire,1,1,1,0,0
datacenter,838480364818030,南洋7号报馆（柔佛）,9,9,9,0,0
datacenter,838261612394923,"Metra Associates, Inc.",2,2,2,0,0
datacenter,838134724638545,Syed Asim Shah,3,3,3,0,0
datacenter,837361865900919,Laramie County Community College,2,2,2,0,0
datacenter,843083191967929,Ankur Periwal,2,2,2,0,0
datacenter,843553073904782,The Economic Times,3,3,3,0,0
datacenter,844589407364950,INDIAai,1,1,1,0,0
datacenter,844786504926343,Pedro Osuna,1,1,1,0,0
datacenter,848008143515035,Islam360,1,1,1,0,0
datacenter,847468953642115,Telugu Varadhi,4,4,4,0,0
datacenter,847103847190392,Somoy English,1,1,1,0,0
datacenter,847048927894555,Borger Cranes,1,1,1,0,0
datacenter,846736350520223,InsideEVs,1,1,1,0,0
datacenter,846571163918783,Firearms trainer-Marine- Tori Branum,1,1,1,0,0
datacenter,846340326888090,SSDN Technologies,3,3,3,0,0
datacenter,846295196989993,Rebel HQ,1,1,1,0,0
datacenter,845845380749264,C506 US - Latam,1,1,1,0,0
datacenter,845624014462581,akubathecrazy,1,1,1,0,0
datacenter,845608248101961,Elijah Stiner,1,1,1,0,0
datacenter,845586634046254,ExpertOption - Online Trading,1,1,1,0,0
datacenter,845573007323660,KTVE 10 KARD 14 myarklamiss,1,1,1,0,0
datacenter,845488021231370,Pakka Vizag,1,1,1,0,0
datacenter,845394224720739,Matt Williams,1,1,1,0,0
datacenter,845061853998382,Bloomberg Asia,3,3,3,0,0
datacenter,844809330791530,Joel Heitkamp,1,1,1,0,0
datacenter,817524850852372,Ed Felix,1,1,1,0,0
datacenter,816554166913256,Dread Orange,1,1,1,0,0
datacenter,860059133122302,Etteka Emmanuel,1,1,1,0,0
datacenter,789557826558370,Adelaide Ma Nepali,2,2,2,0,0
datacenter,790657359874916,Fort Worth Nature Center & Refuge,1,1,1,0,0
datacenter,790507992831642,UNB - United News of Bangladesh,1,1,1,0,0
datacenter,790438236322982,Beyond Insights Investment & Trading Education,3,3,3,0,0
datacenter,789906749185427,Tai Tran,1,1,1,0,0
datacenter,789882870303061,Sidney Mills Mason,1,1,1,0,0
datacenter,789753332961648,The rhk111 Philippine Defense Page,5,5,5,0,0
datacenter,789674179692142,ABBRobotics,1,1,1,0,0
datacenter,789630397114593,M Saifur Rahman,1,1,1,0,0
datacenter,789486396902443,Spencer Lewis,1,1,1,0,0
datacenter,791322142815306,Thats Life But Not As We Know It,1,1,1,0,0
datacenter,789289446951838,The Bonus,1,1,1,0,0
datacenter,789231127529363,Enmaeya,1,1,1,0,0
datacenter,788892356435312,Aitech Cloud Network,7,7,7,0,0
datacenter,788796190564481,Daniel Clay Graves,8,8,8,0,0
datacenter,788746477130756,Abdul Mannan,1,1,1,0,0
datacenter,788734723995547,Mrrat Edit,2,2,2,0,0
datacenter,788732167258824,Marquece Taylor,4,4,4,0,0
datacenter,788492543430815,"Shakopee, MN City Government",1,1,1,0,0
datacenter,790827790664308,Don Turner,3,3,3,0,0
datacenter,791618329773548,Star Tech Ltd.,2,2,2,0,0
datacenter,788162640919667,Inteliqo,1,1,1,0,0
datacenter,795059703145595,Niele Anderson,1,1,1,0,0
datacenter,797117445907367,ABB,2,2,2,0,0
datacenter,796876103080506,Trenton Area Breaking News Official,1,1,1,0,0
datacenter,796823699560507,Atty. Ruphil Fernandez Bañoc,1,1,1,0,0
datacenter,796344526687127,Amanda Marie,1,1,1,0,0
datacenter,795683659742427,Phemakorn Khoonsri,12,12,12,0,0
datacenter,795643299450543,Microsoft,1,1,1,0,0
datacenter,795247246252179,Shaman Hawk,1,1,1,0,0
datacenter,795148142682312,Bilal Bin Saqib,1,1,1,0,0
datacenter,795052258651298,World Economic Magazine Inc.,1,1,1,0,0
datacenter,792428937217186,Cryptothreads.io,2,2,2,0,0
datacenter,794692582626726,Vizag property finder,1,1,1,0,0
datacenter,794101683308768,Azaad Media Academy,1,1,1,0,0
datacenter,793878816721290,Alja Medici,1,1,1,0,0
datacenter,793856256573596,CodeHub,2,2,2,0,0
datacenter,793710392637115,Sister Nivedita University,1,1,1,0,0
datacenter,793608902994264,Kate Devine TV,24,24,24,0,0
datacenter,793410512633384,Tektronix,4,4,4,0,0
datacenter,793362230106216,Claudene Berentz,1,1,1,0,0
datacenter,788188206046417,Data Center Knowledge,244,244,244,0,0
datacenter,788145340712771,The Economic Ninja,1,1,1,0,0
datacenter,816361650786903,Incredibox,1,1,1,0,0
datacenter,781960907366547,Hilti,1,1,1,0,0
datacenter,783361261149023,JJ Carver,1,1,1,0,0
datacenter,783278220650487,Lake TV,5,5,5,0,0
datacenter,783251404580381,Callie Lyons,1,1,1,0,0
datacenter,782987193270907,Marketing Growmatics,2,2,2,0,0
datacenter,782901854768913,NextGen Heavy Haulers LLC,1,1,1,0,0
datacenter,782502670582098,FreeHour Malta,1,1,1,0,0
datacenter,782493307826679,Randy Carpio Bardaje,1,1,1,0,0
datacenter,782411983725155,That's Not Right,1,1,1,0,0
datacenter,781687693535009,Amy Stone,3,3,3,0,0
datacenter,783508207042574,Australian Unions,1,1,1,0,0
datacenter,781229420557357,OpenHouse,1,1,1,0,0
datacenter,781215174719922,SR Academy yemmiganur,1,1,1,0,0
datacenter,780867314808014,Renee Alyse Bell,1,1,1,0,0
datacenter,780849347713895,MBN FACTS KF,4,4,4,0,0
datacenter,780808300767237,Singapore Polytechnic PACE Academy,4,4,4,0,0
datacenter,780697930580579,St. George News | STGnews.com,1,1,1,0,0
datacenter,779797100493034,Larry Neese,1,1,1,0,0
datacenter,779405534028701,Home Run Stocks,2,2,2,0,0
datacenter,783391364742315,Richard Kuefler,1,1,1,0,0
datacenter,783668646563518,Legrand,2,2,2,0,0
datacenter,788088290281857,Nic Zateslo for Congress,15,15,15,0,0
datacenter,785312656857909,APO Group,3,3,3,0,0
datacenter,787870223233883,CanonPriceWatch.com,1,1,1,0,0
datacenter,787429710877814,Connect Augusta,1,1,1,0,0
datacenter,787418126227906,Destination PH,1,1,1,0,0
datacenter,786648196730545,Daily Capital Mail,1,1,1,0,0
datacenter,786638133615599,Big D & Bubba,1,1,1,0,0
datacenter,786383617335082,Soumya Ranjan Kar,1,1,1,0,0
datacenter,785683400290737,TechTimes,1,1,1,0,0
datacenter,785468114127604,Tan Man Dhan,2,2,2,0,0
datacenter,785285436895837,Pragnya IAS Academy,1,1,1,0,0
datacenter,784243801343017,Gulf Development,2,2,2,0,0
datacenter,785152116787121,Nuclear Energy Institute,1,1,1,0,0
datacenter,785133761052347,Pakficial News,1,1,1,0,0
datacenter,784972144165066,Awakened Soul Yoga,2,2,2,0,0
datacenter,784924840157882,Tate Reeves,2,2,2,0,0
datacenter,784750790092925,Pinoy Systems Administrator,1,1,1,0,0
datacenter,784744130921782,Prime News,1,1,1,0,0
datacenter,784728781142931,Oklahoma Memo,5,5,5,0,0
datacenter,784385886931087,Huawei Enterprise,6,6,6,0,0
datacenter,797175095169518,SSD Nodes,1,1,1,0,0
datacenter,797180095541506,Fluke Corporation,4,4,4,0,0
datacenter,797313720013616,Drama fox,1,1,1,0,0
datacenter,810002678166215,Futura Edge General Trading & Solutions,1,1,1,0,0
datacenter,811773637901285,Chris Golding,3,3,3,0,0
datacenter,811612491802091,TECHz Magazine,2,2,2,0,0
datacenter,811527744784508,Samiu Salihu,1,1,1,0,0
datacenter,811351480826263,"IVY Overseas, KPHB",1,1,1,0,0
datacenter,811238404354702,ICT Frame,2,2,2,0,0
datacenter,810886321115993,Teresa Anne Herrell,1,1,1,0,0
datacenter,810809404845773,DAR Engineering,8,8,8,0,0
datacenter,810481774162782,Karo Startup,3,3,3,0,0
datacenter,809056441153561,HAVELSAN Global,1,1,1,0,0
datacenter,812124024594294,BrownReporter,2,2,2,0,0
datacenter,808823821590785,Rauch Family Farm,1,1,1,0,0
datacenter,808612572051152,XBSAsia I.T. Solutions,3,3,3,0,0
datacenter,808407875030088,Civic Digest,1,1,1,0,0
datacenter,808399867925753,BIA Africa,1,1,1,0,0
datacenter,808374315305711,Sonya Mendez,1,1,1,0,0
datacenter,808117238920470,We The People Coalition ,1,1,1,0,0
datacenter,808068508363971,Buckeye Drone,1,1,1,0,0
datacenter,807967492078553,Marqueze Roosevelt,1,1,1,0,0
datacenter,811900984700930,Linda Horne,1,1,1,0,0
datacenter,812553761359283,ज्ञान का तूफान,1,1,1,0,0
datacenter,797840389394286,"Real talk with Jc Frias: News, Culture, and Immigration",2,2,2,0,0
datacenter,814190390715952,TAG24 News,1,1,1,0,0
datacenter,816321536995023,Jaigaon Mirrors - News,1,1,1,0,0
datacenter,815954920296472,Cloudstaff Tagger,5,5,5,0,0
datacenter,815827997768878,Telangana Academy for Skill and Knowledge,2,2,2,0,0
datacenter,815771628147960,Wake up Sheeple ,1,1,1,0,0
datacenter,815640864244859,Medico International,1,1,1,0,0
datacenter,815394611542007,Stephen Miller,1,1,1,0,0
datacenter,815269070397701,FindLight,1,1,1,0,0
datacenter,814553414284400,James Bialota,1,1,1,0,0
datacenter,814008227254788,Mirror Review,2,2,2,0,0
datacenter,812809537752532,Startupbydoc,1,1,1,0,0
datacenter,813794511106607,Tattoo Best shower,1,1,1,0,0
datacenter,813761457441251,Structure Tone,15,15,15,0,0
datacenter,813747688211403,Indians in Canada,1,1,1,0,0
datacenter,813730331132101,Emdottech EmTech,1,1,1,0,0
datacenter,813530447137479,Business Standard,6,6,6,0,0
datacenter,813485044848832,Garden State News Network,1,1,1,0,0
datacenter,813313904680842,Haines and Haven Residential,3,3,3,0,0
datacenter,813277728497019,Kourtney Isaac,2,2,2,0,0
datacenter,807964025093957,Jai Laxmi,1,1,1,0,0
datacenter,807653491903660,RiseX Venturess,3,3,3,0,0
datacenter,807157551417974,Murfreesboro Now,1,1,1,0,0
datacenter,800567145211332,New Atlas,2,2,2,0,0
datacenter,801888268601412,Clare Dunn,2,2,2,0,0
datacenter,801604362226278,Tijarat BD International,1,1,1,0,0
datacenter,801456288790187,CETPA Infotech Pvt. Ltd.,1,1,1,0,0
datacenter,801419252491404,Truestory718,1,1,1,0,0
datacenter,801331609069980,Jiraporn Changsamlee,1,1,1,0,0
datacenter,800976912062944,Indiantelevision.com,1,1,1,0,0
datacenter,800954268560802,Microsoft,1,1,1,0,0
datacenter,800816302105184,City of Meridian-Government,1,1,1,0,0
datacenter,800558182523302,Joshua Rivera Lynch,1,1,1,0,0
datacenter,806729768292960,City of Pittsburg - Local Government,3,3,3,0,0
datacenter,800372798618047,Guy Anderson,1,1,1,0,0
datacenter,800314662577754,Stockstoearn,2,2,2,0,0
datacenter,800224229412173,Teji Mandi,1,1,1,0,0
datacenter,799929728649983,Whiz Security,1,1,1,0,0
datacenter,799637619725826,Anthonypsychosissurvivor,1,1,1,0,0
datacenter,799103212169312,Anthony Hudson For Governor,1,1,1,0,0
datacenter,798576679578488,YINZERshop.com,2,2,2,0,0
datacenter,798241825941840,Tiffany Joy Tommy,1,1,1,0,0
datacenter,802091172324192,Jess Flynn,1,1,1,0,0
datacenter,802454656233054,ABB Indonesia,2,2,2,0,0
datacenter,802692051703943,Engineering Post,1,1,1,0,0
datacenter,802991692333877,Jeff Alan-Pokey,1,1,1,0,0
datacenter,806497904493845,ABS-CBN News,1,1,1,0,0
datacenter,806444078425987,History in 3,1,1,1,0,0
datacenter,806031547959876,The Information,3,3,3,0,0
datacenter,806021325449138,Amanjeet Singh Aaitaan,1,1,1,0,0
datacenter,805824664747162,Emunah Media,1,1,1,0,0
datacenter,805109349051861,MEP tech talks,7,7,7,0,0
datacenter,804988358114432,Lee Steel,1,1,1,0,0
datacenter,804966348783997,Sen Mohammed Umar Gombawa,1,1,1,0,0
datacenter,804792528871632,USG,1,1,1,0,0
datacenter,804721685508982,Kim Melvin,1,1,1,0,0
datacenter,804565122288150,Enez Design Associates.,1,1,1,0,0
datacenter,804168061804871,Salt City Steel,1,1,1,0,0
datacenter,803640071887704,Nation Bytes,2,2,2,0,0
datacenter,803621812499510,Samuel Eugene Hutton,1,1,1,0,0
datacenter,803527981817811,Innovation Ohio,5,5,5,0,0
datacenter,803490641908287,Local News Gorakhpur,1,1,1,0,0
datacenter,803134404918052,Extra Curaçao,1,1,1,0,0
datacenter,859517809482336,OJAW,2,2,2,0,0
datacenter,860251235727855,ASUS,10,10,10,0,0
datacenter,949835154314731,Softwarewithnick,1,1,1,0,0
datacenter,917194967114459,Dolores Peers,1,1,1,0,0
datacenter,919715996156621,QCell Salone Pride,1,1,1,0,0
datacenter,918978429893976,Microsoft,2,2,2,0,0
datacenter,918646873223593,StartUs,1,1,1,0,0
datacenter,918468156600754,The Economic Pulse,1,1,1,0,0
datacenter,918345661213540,Massachusetts Life ,1,1,1,0,0
datacenter,918245406650077,Schneider Electric,1,1,1,0,0
datacenter,918184020597348,Barnes Welding Inc.,1,1,1,0,0
datacenter,918145619795405,Bobbii Jean-McKinley,1,1,1,0,0
datacenter,917091049781692,Kylie Oversen,1,1,1,0,0
datacenter,920825126176030,Where Will Man Take Us?,1,1,1,0,0
datacenter,916443249964151,Daily Review,1,1,1,0,0
datacenter,916392177354202,Startup Success Stories,1,1,1,0,0
datacenter,916236154795439,The Tech Ledger,2,2,2,0,0
datacenter,916107696485918,The Daily Moth,1,1,1,0,0
datacenter,915727327771770,FDCServers.NET,1,1,1,0,0
datacenter,915655506718256,Myra Neale,3,3,3,0,0
datacenter,915250060273619,Prime View,1,1,1,0,0
datacenter,914858448360903,تفاصيل,2,2,2,0,0
datacenter,920462606312070,Scotty Ray Report,1,1,1,0,0
datacenter,921003606701779,Chennai Memes,2,2,2,0,0
datacenter,913832278444452,Immense Techie Four International,1,1,1,0,0
datacenter,923790993083973,The State You're In,1,1,1,0,0
datacenter,925274923330069,Engr. Justin Talabong,2,2,2,0,0
datacenter,925234776701750,ADATA,1,1,1,0,0
datacenter,925096309708534,Rodeo For A Reason,1,1,1,0,0
datacenter,924555052889358,Trade Brains,4,4,4,0,0
datacenter,924542286113090,Odessa American,1,1,1,0,0
datacenter,924518359222713,Job Malawi,2,2,2,0,0
datacenter,924447355760217,WLUK-TV FOX 11,1,1,1,0,0
datacenter,923999812991291,Lewis Arthur Shupe,1,1,1,0,0
datacenter,923750602450830,Nabil Remadna,14,14,14,0,0
datacenter,921918549349414,Forbes Middle East English,2,2,2,0,0
datacenter,922998732945230,Moon Henry,1,1,1,0,0
datacenter,922868945824004,Saving Monarchs,5,5,5,0,0
datacenter,922713377256547,Learn Driven,1,1,1,0,0
datacenter,922680675894091,Oracle Developers,1,1,1,0,0
datacenter,922637776145002,Not Rupi,2,2,2,0,0
datacenter,922478736462613,Ovio,1,1,1,0,0
datacenter,922344642768612,Mark Pinsley for PA State Senate,1,1,1,0,0
datacenter,922024429535345,CoinDesk,1,1,1,0,0
datacenter,914297126892913,Ibrahim Momohjimoh Atikami,2,2,2,0,0
datacenter,913762790293512,ThinkComputers.org,1,1,1,0,0
datacenter,903464661161210,Transport Topics,1,1,1,0,0
datacenter,906664980945221,"SRM University, AP",1,1,1,0,0
datacenter,908191228242892,TechLogic India,1,1,1,0,0
datacenter,908156305205192,ITCS - It Consulting Services ,1,1,1,0,0
datacenter,908127284241998,NVIDIA Networking,3,3,3,0,0
datacenter,908105484337539,The Leo News,1,1,1,0,0
datacenter,907873800730909,KXII-TV,1,1,1,0,0
datacenter,907094858330834,सकारात्मक बाते,1,1,1,0,0
datacenter,906986414267608,Consumer Energy Alliance,2,2,2,0,0
datacenter,906896657391627,Newsradio 620 WTMJ,2,2,2,0,0
datacenter,906429654232686,Indus Age,1,1,1,0,0
datacenter,908675323986579,PC Gamer,2,2,2,0,0
datacenter,906053400903569,Mitsui OSK Lines,1,1,1,0,0
datacenter,905809317392104,Hunarmand Pakistan,1,1,1,0,0
datacenter,905537257950828,ABNewswire,1,1,1,0,0
datacenter,905371874967883,APTP - Amit Prakash Trending Playlist,1,1,1,0,0
datacenter,904179934575253,National Wildlife Federation,1,1,1,0,0
datacenter,904175725927288,Cabling Solutions Group,1,1,1,0,0
datacenter,904156468057633,Thailand News,1,1,1,0,0
datacenter,904143214592927,Roger Ford,2,2,2,0,0
datacenter,908247185205576,Telugu Channel,2,2,2,0,0
datacenter,908708515164189,Diego Gonzalez,3,3,3,0,0
datacenter,913654657435789,Clive Roach Social Media Services,6,6,6,0,0
datacenter,912093097161413,Darshan Shah,1,1,1,0,0
datacenter,913612816787773,WFAE,16,16,16,0,0
datacenter,913603000895561,Hannah Naomi Jones,1,1,1,0,0
datacenter,913450470472558,Alva Jonathan,1,1,1,0,0
datacenter,913167301738323,Whatinclaynation,1,1,1,0,0
datacenter,912852487637094,CBID Tech,1,1,1,0,0
datacenter,912681260614861,المجموعة العالمية للاستيراد,4,4,4,0,0
datacenter,912520123398428,Rashi Peripherals Limited,3,3,3,0,0
datacenter,912168277038878,Feedmile,2,2,2,0,0
datacenter,911853570677406,TylerPaper,6,6,6,0,0
datacenter,908873630772494,Bhubaneswar Buzz,1,1,1,0,0
datacenter,911170420572855,Lovin Me Detox & Wellness Care,3,3,3,0,0
datacenter,911129847362947,Indian Defence News Site,1,1,1,0,0
datacenter,911058454814688,Excel With Justus,1,1,1,0,0
datacenter,910726724743208,Cydnie Cornell,1,1,1,0,0
datacenter,910178570918741,CFIB,1,1,1,0,0
datacenter,909563747150159,QualityStocks,2,2,2,0,0
datacenter,909230461206182,Monark Equipment Corporation,1,1,1,0,0
datacenter,909107537540280,RG Manabat & Co,1,1,1,0,0
datacenter,925453048952594,Shlloka,1,1,1,0,0
datacenter,925628092629243,Barça News,1,1,1,0,0
datacenter,925811393718905,Fair Advantage Rustproofing,2,2,2,0,0
datacenter,941885208612248,Aurelynn Nyrielle,1,1,1,0,0
datacenter,943200101569460,Daniel Flores,1,1,1,0,0
datacenter,943191307459729,20 Years Ago,1,1,1,0,0
datacenter,943173510361938,Mr Watson,1,1,1,0,0
datacenter,942963441396872,Brainy Kangaroo,1,1,1,0,0
datacenter,942642807831296,Richard Matthews,1,1,1,0,0
datacenter,942638071050175,Joseph Lloyd Trahan,1,1,1,0,0
datacenter,942476527664862,Cisco Data Center and Cloud,16,16,16,0,0
datacenter,942219350727833,Facts About AP,1,1,1,0,0
datacenter,941857147469024,MiloPax,1,1,1,0,0
datacenter,944321750806060,The Perna Team,10,10,10,0,0
datacenter,940853114511377,Angie Spann Anthony,1,1,1,0,0
datacenter,940829894187799,David Crites,1,1,1,0,0
datacenter,940620214238585,DragonBlogger Technology and Entertainment,1,1,1,0,0
datacenter,940521422294922,STC Safety & Risk Management,2,2,2,0,0
datacenter,940123514335148,India West,2,2,2,0,0
datacenter,940048401195544,ITCN Asia,2,2,2,0,0
datacenter,939692140914300,Carolina Forward,6,6,6,0,0
datacenter,939590334178737,Libertarian Party of Michigan,1,1,1,0,0
datacenter,943922601196292,Millennium Technology Services,3,3,3,0,0
datacenter,944356910659425,ข่าวหุ้นธุรกิจ - Kaohoon,67,67,67,0,0
datacenter,926431792417353,"Eagle Mountain, Utah - City Hall",1,1,1,0,0
datacenter,946956230826973,Mustapha Nuhu,1,1,1,0,0
datacenter,949148527051690,Mark Sean Orr,3,3,3,0,0
datacenter,948257584973255,SolidWare,2,2,2,0,0
datacenter,948204713630212,ICT Academy,1,1,1,0,0
datacenter,948159364324621,SES Power,4,4,4,0,0
datacenter,948078896988380,Phil Prazan,6,6,6,0,0
datacenter,947920219635984,Pokde.net,18,18,18,0,0
datacenter,947312830721898,عبدالرحمن عزب - Abdelrhman Azab,1,1,1,0,0
datacenter,947037091735353,Kalithekid805,9,9,9,0,0
datacenter,946474113500507,HarmeeJobs,1,1,1,0,0
datacenter,944470985334761,Lucky Cruz,1,1,1,0,0
datacenter,946329050184284,Kontji Anthony,1,1,1,0,0
datacenter,946178513482619,Gaurav katare,1,1,1,0,0
datacenter,945724240192839,Routine Of  Madhesh Banda,1,1,1,0,0
datacenter,945618917205075,FuFu’s Cat House,1,1,1,0,0
datacenter,945550309740294,SpaceNews,1,1,1,0,0
datacenter,945453870366436,MORGXN,1,1,1,0,0
datacenter,944704964185361,CA Rana Pratap,1,1,1,0,0
datacenter,944704242055526,SriLanka Hosting,3,3,3,0,0
datacenter,938612914699496,Queen City Newsfeed,1,1,1,0,0
datacenter,938576857871073,Vision IAS,1,1,1,0,0
datacenter,938552174615889,RKM,1,1,1,0,0
datacenter,928814215633100,Cadence,29,29,29,0,0
datacenter,931857635241813,AddisJobs,1,1,1,0,0
datacenter,931225755165129,Councilmember Kshama Sawant,1,1,1,0,0
datacenter,930785935205009,F Gheewala Human Resource Consultants,1,1,1,0,0
datacenter,930237972996944,Better Human,1,1,1,0,0
datacenter,930237185999277,X Universe,1,1,1,0,0
datacenter,929613101925876,Our Town Reno,3,3,3,0,0
datacenter,929520365733755,Belishjem Kobilo,1,1,1,0,0
datacenter,929066766632953,Zap Gear Daily,2,2,2,0,0
datacenter,928388758676797,Christian Flores News,1,1,1,0,0
datacenter,937597031818562,Deccan Founders,20,20,20,0,0
datacenter,928205516251878,Beyond Us,1,1,1,0,0
datacenter,928128275458197,CBE NOOR,1,1,1,0,0
datacenter,927387493049854,Emanuel Schaaf,1,1,1,0,0
datacenter,926817269902377,Softly Me,1,1,1,0,0
datacenter,926787232809066,Yacht Papi Dayne,2,2,2,0,0
datacenter,926709528999602,Yo Vizag,2,2,2,0,0
datacenter,926689425126903,Wilson Media USA,3,3,3,0,0
datacenter,926559082456291,Jacqueline Quynh Reporter,1,1,1,0,0
datacenter,932041578540148,Trans Army,1,1,1,0,0
datacenter,933203612997450,Madi Sakandé,1,1,1,0,0
datacenter,933268821674658,Nobody Studios,1,1,1,0,0
datacenter,933585022413034,Vision Matrix Institute,7,7,7,0,0
datacenter,937324714843165,Aman Khalid Kaan,1,1,1,0,0
datacenter,936876055967979,Kelvion,3,3,3,0,0
datacenter,936852534830637,Mark Holimon,1,1,1,0,0
datacenter,936780888145345,Strokers Diesel and Automotive,1,1,1,0,0
datacenter,936698121205988,subx.news,1,1,1,0,0
datacenter,935702675842347,Dustin Cisneros,1,1,1,0,0
datacenter,935568838358929,Al-Bahar,1,1,1,0,0
datacenter,935308228548909,AISecHub,1,1,1,0,0
datacenter,935209398110437,Thank You Dubai,1,1,1,0,0
datacenter,934859485095181,VST ECS Phils. Inc.,8,8,8,0,0
datacenter,934847828182100,DIU CPC - Daffodil International University Computer and Programming Club,2,2,2,0,0
datacenter,934671435261962,بوابة وظائف العراق,6,6,6,0,0
datacenter,934408648417582,Aare Segun Olulade,3,3,3,0,0
datacenter,934344231407914,Kitco NEWS,1,1,1,0,0
datacenter,934105305911005,Balaji exports,3,3,3,0,0
datacenter,933672687979535,CIS GROUP,1,1,1,0,0
datacenter,933609532333282,LazyProductive,1,1,1,0,0
datacenter,903715601077049,Startup Sindh,1,1,1,0,0
datacenter,903253111749564,आदिवासी ओझा समाज,3,3,3,0,0
datacenter,860375042841210,The Gridcast,1,1,1,0,0
datacenter,873395877068235,UBL - United Bank Ltd,1,1,1,0,0
datacenter,875052045302428,Outside,1,1,1,0,0
datacenter,874934024735297,China Unicom Global,4,4,4,0,0
datacenter,874613727431317,Pakistan Telegraph ,1,1,1,0,0
datacenter,874150758555793,Sybrid Careers,1,1,1,0,0
datacenter,874052308026603,BengaluruPost,1,1,1,0,0
datacenter,873806858127780,Tawzef for Recruitment,1,1,1,0,0
datacenter,873732775367398,Matty Myers,1,1,1,0,0
datacenter,873522691149164,Pittsburgh Post-Gazette,2,2,2,0,0
datacenter,872798237322102,Asian News International (ANI),3,3,3,0,0
datacenter,875460920772321,Mindanao DAILY Source,1,1,1,0,0
datacenter,871464871888844,EliGico Inc,7,7,7,0,0
datacenter,871349157937312,GovInsider,3,3,3,0,0
datacenter,871174008019712,Funzug,3,3,3,0,0
datacenter,870923521816236,Entertainment Zone,1,1,1,0,0
datacenter,870876052001617,Andy Diaz,12,12,12,0,0
datacenter,870841298000064,The Biden White House Archived,1,1,1,0,0
datacenter,870490901839202,SafecoTech Network Solutions,1,1,1,0,0
datacenter,870439962150842,Jessica Lynn,1,1,1,0,0
datacenter,875143548379976,Data-Superiority,1,1,1,0,0
datacenter,875545631439650,TechBooky,1,1,1,0,0
datacenter,869912494625768,Computer Xperts Alibaba.com Authorized Channel Partner Pakistan,1,1,1,0,0
datacenter,877610320831452,Green Party of California,1,1,1,0,0
datacenter,879140876515259,Pipeline & Gas Journal,12,12,12,0,0
datacenter,879064378199196,Prolink Indonesia,3,3,3,0,0
datacenter,879040210969004,Hans McCarthy,1,1,1,0,0
datacenter,879010614440192,My Health Forward,9,9,9,0,0
datacenter,878620263945739,MANN+HUMMEL,6,6,6,0,0
datacenter,878377841855071,Movie view,2,2,2,0,0
datacenter,878253038115595,Hemanthsmk,1,1,1,0,0
datacenter,877707681673131,Nordic Distribution Tz Ltd.,2,2,2,0,0
datacenter,877467821173133,Backwoods Solar Electric Systems,1,1,1,0,0
datacenter,875557118067001,TechnicalSupport,1,1,1,0,0
datacenter,877259678402691,Hithium Energy Storage Bangladesh,1,1,1,0,0
datacenter,877208447933345,MediaJustice,5,5,5,0,0
datacenter,876955157880355,James Clifton,1,1,1,0,0
datacenter,876581978554442,Frshar Mail,1,1,1,0,0
datacenter,876486595032265,Muhammad Zubair Hunjra,1,1,1,0,0
datacenter,876038320894790,Courier Journal,1,1,1,0,0
datacenter,875791427716588,गोरखा हब,1,1,1,0,0
datacenter,875691010640603,One America News Network Viewers,1,1,1,0,0
datacenter,870216887722336,Praxis Business School,1,1,1,0,0
datacenter,869801162334824,Cash Parker,1,1,1,0,0
datacenter,902741944845795,Thai PBS,2,2,2,0,0
datacenter,862747910030956,Cole Yakes,1,1,1,0,0
datacenter,864837112831951,Orbit Pakistan,1,1,1,0,0
datacenter,864610452377478,Historic Downtown Lancaster,3,3,3,0,0
datacenter,864497525454893,وزارة الاتصالات وتكنولوجيا المعلومات-مصر,1,1,1,0,0
datacenter,864210322188712,AstroPhilesz,1,1,1,0,0
datacenter,863866789737305,Paul Gomez,1,1,1,0,0
datacenter,863692798710555,The Victoria Advocate,1,1,1,0,0
datacenter,863625183178620,Nick Steinhauer,1,1,1,0,0
datacenter,863470198952694,Matina George,2,2,2,0,0
datacenter,862715199077822,HRINC Jobs,1,1,1,0,0
datacenter,865264445398382,Richy,1,1,1,0,0
datacenter,862626861987392,CFACT,1,1,1,0,0
datacenter,862459206115413,Kyle Tillyer,1,1,1,0,0
datacenter,862282080059772,Bad Intentions,1,1,1,0,0
datacenter,861620003184137,Rupesh Parajuli,1,1,1,0,0
datacenter,861583682421360,ETCIO South-East Asia,9,9,9,0,0
datacenter,861555972600766,TGM,1,1,1,0,0
datacenter,860520879256694,The Georgia Page,2,2,2,0,0
datacenter,860477099736826,Electrical & Automation,2,2,2,0,0
datacenter,865053409874707,Mohd Amirudin Kassim,1,1,1,0,0
datacenter,865408578264709,CBS Detroit,1,1,1,0,0
datacenter,869740601017982,RFD-TV,2,2,2,0,0
datacenter,868002768198290,The Times of India,1,1,1,0,0
datacenter,869610555156337,وظائف في البصرة,1,1,1,0,0
datacenter,869607020881619,Representative Anna V. Eskamani,1,1,1,0,0
datacenter,869416621592344,ISMT College,1,1,1,0,0
datacenter,869381564873809,Thai European Business Association,1,1,1,0,0
datacenter,869324515357171,Des Moines Area Community College,2,2,2,0,0
datacenter,869149389312712,TradeMaster's,2,2,2,0,0
datacenter,869147694733771,Inventions Insider,24,24,24,0,0
datacenter,868324011793739,OriginalHuman,1,1,1,0,0
datacenter,867960818786978,Adrian Norman,1,1,1,0,0
datacenter,865912365765375,RackBank,40,40,40,0,0
datacenter,867847752415811,AbdulRahman Usman,1,1,1,0,0
datacenter,867820478251162,DDNewsLive,2,2,2,0,0
datacenter,867799652594756,Kingston Lai,1,1,1,0,0
datacenter,866958628261102,DreamsCabin,1,1,1,0,0
datacenter,866821651711003,News 3 Now / Channel 3000,1,1,1,0,0
datacenter,866775045684681,Trevor Fenner,1,1,1,0,0
datacenter,866652425056313,West Virginia Federation of Democratic Women,3,3,3,0,0
datacenter,866092321941669,Connection I.T. Solutions,6,6,6,0,0
datacenter,879750024404889,IBEW Local Union 24,7,7,7,0,0
datacenter,881460994216989,i-Install Technology,1,1,1,0,0
datacenter,881704943788551,Enphase Energy,4,4,4,0,0
datacenter,896713081791170,Beyond the Ballot,1,1,1,0,0
datacenter,897574551813673,Burton S. Staggs,1,1,1,0,0
datacenter,897500756527585,DUBAI JOBS,1,1,1,0,0
datacenter,897475708532594,Montana Public Radio,2,2,2,0,0
datacenter,897402601863641,Daikin Middle East & Africa,5,5,5,0,0
datacenter,896969310074575,Pizza y Política,1,1,1,0,0
datacenter,896835158802732,Pratidin-TV,1,1,1,0,0
datacenter,896774845763660,DHA Multan,1,1,1,0,0
datacenter,896745573061233,Jay Klay,1,1,1,0,0
datacenter,896262578667473,Panasonic,3,3,3,0,0
datacenter,898148631872329,Maricel Suelto Liporada,1,1,1,0,0
datacenter,896255708628168,IndiaToday NE,1,1,1,0,0
datacenter,895900265691208,AvaTrade,1,1,1,0,0
datacenter,895779562199324,TenderPoint,1,1,1,0,0
datacenter,895731612443822,Fluke Networks,11,11,11,0,0
datacenter,895522252574754,Schneider Electric,1,1,1,0,0
datacenter,895505105915479,Arab Vines,1,1,1,0,0
datacenter,894380438986773,BROAD Group,1,1,1,0,0
datacenter,893641932489459,Kings Network News,9,9,9,0,0
datacenter,897901332580463,Ahmeds International,1,1,1,0,0
datacenter,898205441737351,Manswell T Peterson,1,1,1,0,0
datacenter,882281420198708,The New Stack,3,3,3,0,0
datacenter,900101588272798,TerrificStocks,2,2,2,0,0
datacenter,902571664829517,Senwan,1,1,1,0,0
datacenter,902549382448565,Casey Putsch for Ohio,1,1,1,0,0
datacenter,902048042575707,Vintage Canada Memories,1,1,1,0,0
datacenter,901919145313003,Metrix Pakistan,1,1,1,0,0
datacenter,901621234711966,The Damage Report,1,1,1,0,0
datacenter,901323848200001,CapitaLand,1,1,1,0,0
datacenter,901044254761871,eGov Magazine,5,5,5,0,0
datacenter,900118048987012,Adeyemi Juwon,1,1,1,0,0
datacenter,900007598268014,Tyler J Laney,1,1,1,0,0
datacenter,898321489311140,Counselor Ahmad Al-Mashaikh,2,2,2,0,0
datacenter,899686002835257,NationScope,1,1,1,0,0
datacenter,899460805737315,Bobby Faylogna,1,1,1,0,0
datacenter,899413161925861,Lenovo Data Center,7,7,7,0,0
datacenter,899289792426007,Gainforvalue,2,2,2,0,0
datacenter,898964066067122,KeviciTech Solutions,1,1,1,0,0
datacenter,898866582036928,Business Events Thailand,1,1,1,0,0
datacenter,898727538931771,UrbanCast,1,1,1,0,0
datacenter,898412768643906,Pak NGOs,2,2,2,0,0
datacenter,893616055924817,Panzer Solutions,1,1,1,0,0
datacenter,892785305894639,Microsoft,2,2,2,0,0
datacenter,892229947300528,Jr Mercado Clemente,1,1,1,0,0
datacenter,883886209880008,Micron Technology,13,13,13,0,0
datacenter,885694710161809,"Taco, Inc.",1,1,1,0,0
datacenter,885198654634551,Daily Headlines,3,3,3,0,0
datacenter,884960620633391,Chelle Becker,1,1,1,0,0
datacenter,884919847235577,Holzfallerllc,1,1,1,0,0
datacenter,884823600234069,Ryan Faith,1,1,1,0,0
datacenter,884562313426124,CySecurity News,2,2,2,0,0
datacenter,884433767574928,Thewarwickreport,1,1,1,0,0
datacenter,884290080602545,Savantech LLC,1,1,1,0,0
datacenter,883797673324639,San Angelo LIVE!,1,1,1,0,0
datacenter,892113409316678,Kwara Must Change,1,1,1,0,0
datacenter,883358140240924,AsiaOne Magazine,2,2,2,0,0
datacenter,883307140211289,Dell Technologies,6,6,6,0,0
datacenter,883299851045156,Sec Concepts,1,1,1,0,0
datacenter,883298603639807,Erin Pierson,1,1,1,0,0
datacenter,883194553748406,Chamunda Studio Tervada,1,1,1,0,0
datacenter,883163899800035,Buy Israel,1,1,1,0,0
datacenter,883034733781188,TME - Transfer Multisort Elektronik,1,1,1,0,0
datacenter,882698822897702,The New American Magazine,5,5,5,0,0
datacenter,885711951209692,Ryan Branham,1,1,1,0,0
datacenter,885893217742429,Rauh Racing,1,1,1,0,0
datacenter,885898900775271,Andrew Jaoc,1,1,1,0,0
datacenter,885984616322366,پاکستان کاکروچ عوامی پارٹی,1,1,1,0,0
datacenter,891952056225691,Grow Safe Private Limited,1,1,1,0,0
datacenter,891820892644670,The Public Purview,1,1,1,0,0
datacenter,891468289804585,DAFUQ FACTS,1,1,1,0,0
datacenter,891376866128876,IKAN Engineering Services Pvt. Ltd,2,2,2,0,0
datacenter,891146757191488,Frame To Form,1,1,1,0,0
datacenter,891043380432095,PT. Smart Technology Indo Asia,1,1,1,0,0
datacenter,890955479211898,KWTX News 10,3,3,3,0,0
datacenter,890919739348014,Chandler Mori Hamada Limited,9,9,9,0,0
datacenter,890891940023056,Taiz-Telecom Development,1,1,1,0,0
datacenter,890763847390908,Business Barrett,2,2,2,0,0
datacenter,890654643524609,James Anthony Allen,1,1,1,0,0
datacenter,890481086243201,OpticVyu,2,2,2,0,0
datacenter,889382556774934,Lance Storm,1,1,1,0,0
datacenter,887909520372471,What.the.fekete,1,1,1,0,0
datacenter,887893622677306,What’s Up Tony?,1,1,1,0,0
datacenter,887818227361441,Today Years Old,3,3,3,0,0
datacenter,886056623885294,National Herald,1,1,1,0,0
datacenter,37632986296350044,Dalia Khaled,1,1,1,0,0
